{"mean":{"confidence_interval":{"confidence_level":0.95,"lower_bound":1166190411.9,"upper_bound":1223220162.7},"point_estimate":1195065807.9,"standard_error":14552761.549619514},"median":{"confidence_interval":{"confidence_level":0.95,"lower_bound":1160321582.0,"upper_bound":1232245689.5},"point_estimate":1191984457.0,"standard_error":18486748.308196574},"median_abs_dev":{"confidence_interval":{"confidence_level":0.95,"lower_bound":8252866.066682339,"upper_bound":79224261.8605882},"point_estimate":49610591.30283594,"standard_error":18640085.30329426},"slope":null,"std_dev":{"confidence_interval":{"confidence_level":0.95,"lower_bound":27038687.289089914,"upper_bound":61304352.46158402},"point_estimate":48358502.83960267,"standard_error":8787608.276567623}}