{"mean":{"confidence_interval":{"confidence_level":0.95,"lower_bound":505225875.9,"upper_bound":538983480.0},"point_estimate":521199994.1,"standard_error":8663932.261150347},"median":{"confidence_interval":{"confidence_level":0.95,"lower_bound":498450869.5,"upper_bound":542648187.0},"point_estimate":518137557.0,"standard_error":9435813.047479583},"median_abs_dev":{"confidence_interval":{"confidence_level":0.95,"lower_bound":5003105.517277122,"upper_bound":49947020.664963126},"point_estimate":21342473.62499535,"standard_error":11923462.927574672},"slope":null,"std_dev":{"confidence_interval":{"confidence_level":0.95,"lower_bound":12964055.912827795,"upper_bound":36796171.6725134},"point_estimate":28978377.990489393,"standard_error":6098952.812856748}}