{"mean":{"confidence_interval":{"confidence_level":0.95,"lower_bound":236095366.2875,"upper_bound":241313889.7},"point_estimate":238766624.8,"standard_error":1332192.492482332},"median":{"confidence_interval":{"confidence_level":0.95,"lower_bound":235060307.5,"upper_bound":241952656.0},"point_estimate":239034419.25,"standard_error":1523089.0235080346},"median_abs_dev":{"confidence_interval":{"confidence_level":0.95,"lower_bound":738211.7310941219,"upper_bound":7642355.119121075},"point_estimate":5109297.852341831,"standard_error":1829786.486028018},"slope":null,"std_dev":{"confidence_interval":{"confidence_level":0.95,"lower_bound":2321135.749447454,"upper_bound":5782021.710960368},"point_estimate":4442298.373315053,"standard_error":897125.5440133074}}