{"mean":{"confidence_interval":{"confidence_level":0.95,"lower_bound":243523165.35,"upper_bound":248775086.755},"point_estimate":246187631.6,"standard_error":1346573.3858668979},"median":{"confidence_interval":{"confidence_level":0.95,"lower_bound":241905378.0,"upper_bound":250168865.0},"point_estimate":246416059.25,"standard_error":2313199.5368911033},"median_abs_dev":{"confidence_interval":{"confidence_level":0.95,"lower_bound":1028485.9027907252,"upper_bound":7348050.499396026},"point_estimate":6043307.666359842,"standard_error":1607766.3948893915},"slope":null,"std_dev":{"confidence_interval":{"confidence_level":0.95,"lower_bound":2826942.815185365,"upper_bound":5409363.916609256},"point_estimate":4495761.269173459,"standard_error":660162.2233326423}}