{"mean":{"confidence_interval":{"confidence_level":0.95,"lower_bound":198678966.26666665,"upper_bound":201618398.56583333},"point_estimate":200062640.86666664,"standard_error":754669.7788284118},"median":{"confidence_interval":{"confidence_level":0.95,"lower_bound":197971772.0,"upper_bound":202088401.8333333},"point_estimate":199463890.5,"standard_error":1117589.9869954681},"median_abs_dev":{"confidence_interval":{"confidence_level":0.95,"lower_bound":445715.018486984,"upper_bound":4181871.152856946},"point_estimate":2319981.581512101,"standard_error":1059230.2912775099},"slope":null,"std_dev":{"confidence_interval":{"confidence_level":0.95,"lower_bound":1226468.5697564357,"upper_bound":3112160.762459474},"point_estimate":2512618.1923637544,"standard_error":479984.6303578411}}