{"mean":{"confidence_interval":{"confidence_level":0.95,"lower_bound":820557716.5,"upper_bound":853014261.9},"point_estimate":836530743.3,"standard_error":8314307.199259068},"median":{"confidence_interval":{"confidence_level":0.95,"lower_bound":813482396.0,"upper_bound":859610988.0},"point_estimate":832132539.0,"standard_error":14454706.094168648},"median_abs_dev":{"confidence_interval":{"confidence_level":0.95,"lower_bound":6124172.7460742,"upper_bound":45878550.61889291},"point_estimate":32187707.258453965,"standard_error":10493676.23592937},"slope":null,"std_dev":{"confidence_interval":{"confidence_level":0.95,"lower_bound":17293190.507267263,"upper_bound":33639443.53146298},"point_estimate":27779333.2144871,"standard_error":4209050.710684026}}