{"mean":{"confidence_interval":{"confidence_level":0.95,"lower_bound":814654176.505,"upper_bound":834151626.6975},"point_estimate":824112294.7,"standard_error":5007654.672719483},"median":{"confidence_interval":{"confidence_level":0.95,"lower_bound":811402603.0,"upper_bound":836874857.0},"point_estimate":823639687.0,"standard_error":5584965.279851348},"median_abs_dev":{"confidence_interval":{"confidence_level":0.95,"lower_bound":3348708.5303485394,"upper_bound":30487725.511434674},"point_estimate":13071362.683036923,"standard_error":7627916.5676785195},"slope":null,"std_dev":{"confidence_interval":{"confidence_level":0.95,"lower_bound":8734046.42800497,"upper_bound":21337830.928237867},"point_estimate":16614574.920679335,"standard_error":3285341.5562738315}}