{"mean":{"confidence_interval":{"confidence_level":0.95,"lower_bound":824172265.6,"upper_bound":829993995.5925},"point_estimate":826952367.5,"standard_error":1490716.408580884},"median":{"confidence_interval":{"confidence_level":0.95,"lower_bound":823036970.0,"upper_bound":831391005.0},"point_estimate":824911350.0,"standard_error":2547575.491535281},"median_abs_dev":{"confidence_interval":{"confidence_level":0.95,"lower_bound":740752.907449007,"upper_bound":8124970.321252942},"point_estimate":4549895.461723208,"standard_error":2011147.3639472926},"slope":null,"std_dev":{"confidence_interval":{"confidence_level":0.95,"lower_bound":2788085.894412168,"upper_bound":6131301.3862555595},"point_estimate":4950230.520092984,"standard_error":878023.8967874023}}