{"mean":{"confidence_interval":{"confidence_level":0.95,"lower_bound":537532490.6,"upper_bound":540518451.8125},"point_estimate":539019697.7,"standard_error":765643.3238670621},"median":{"confidence_interval":{"confidence_level":0.95,"lower_bound":537055591.0,"upper_bound":540558739.0},"point_estimate":539424158.5,"standard_error":973263.0205463106},"median_abs_dev":{"confidence_interval":{"confidence_level":0.95,"lower_bound":548434.4866633415,"upper_bound":4469608.966648579},"point_estimate":2136455.4727703333,"standard_error":1003763.3254993439},"slope":null,"std_dev":{"confidence_interval":{"confidence_level":0.95,"lower_bound":1342434.9612271073,"upper_bound":3332483.711969766},"point_estimate":2552283.310879977,"standard_error":505213.9793543394}}