{"mean":{"confidence_interval":{"confidence_level":0.95,"lower_bound":401742033.4075,"upper_bound":426191403.79125},"point_estimate":413678236.1,"standard_error":6271346.989004864},"median":{"confidence_interval":{"confidence_level":0.95,"lower_bound":395888894.5,"upper_bound":433606306.5},"point_estimate":410472049.25,"standard_error":9561838.611795582},"median_abs_dev":{"confidence_interval":{"confidence_level":0.95,"lower_bound":3689507.855898142,"upper_bound":37034269.492310286},"point_estimate":20816479.400883615,"standard_error":8170595.469069704},"slope":null,"std_dev":{"confidence_interval":{"confidence_level":0.95,"lower_bound":12116148.046547437,"upper_bound":25435199.067353252},"point_estimate":20897703.978484724,"standard_error":3382281.992124591}}