{"mean":{"confidence_interval":{"confidence_level":0.95,"lower_bound":1308951081.94,"upper_bound":1355793399.6},"point_estimate":1331524706.0,"standard_error":11963154.153714813},"median":{"confidence_interval":{"confidence_level":0.95,"lower_bound":1294910921.0,"upper_bound":1362029341.5},"point_estimate":1327587324.0,"standard_error":19672308.756906874},"median_abs_dev":{"confidence_interval":{"confidence_level":0.95,"lower_bound":6523983.998376131,"upper_bound":69345925.81506371},"point_estimate":44007667.349007726,"standard_error":16677019.05353753},"slope":null,"std_dev":{"confidence_interval":{"confidence_level":0.95,"lower_bound":23315309.98278913,"upper_bound":49379229.17761378},"point_estimate":39925359.29775893,"standard_error":6810836.413756537}}