{"mean":{"confidence_interval":{"confidence_level":0.95,"lower_bound":534696537.5,"upper_bound":556129258.115},"point_estimate":545231117.8,"standard_error":5492104.296058902},"median":{"confidence_interval":{"confidence_level":0.95,"lower_bound":527309012.0,"upper_bound":558786395.0},"point_estimate":548093470.5,"standard_error":9459912.618904412},"median_abs_dev":{"confidence_interval":{"confidence_level":0.95,"lower_bound":2546191.249296069,"upper_bound":33514881.08779192},"point_estimate":25252597.546076775,"standard_error":8187195.853846196},"slope":null,"std_dev":{"confidence_interval":{"confidence_level":0.95,"lower_bound":11420336.200181512,"upper_bound":22311244.618501805},"point_estimate":18239677.132963642,"standard_error":2857902.339938089}}