{"mean":{"confidence_interval":{"confidence_level":0.95,"lower_bound":2731064931.3,"upper_bound":2741273868.5750003},"point_estimate":2735810012.9,"standard_error":2630872.660349339},"median":{"confidence_interval":{"confidence_level":0.95,"lower_bound":2728891773.0,"upper_bound":2742465335.0},"point_estimate":2732326304.0,"standard_error":3721606.6022829707},"median_abs_dev":{"confidence_interval":{"confidence_level":0.95,"lower_bound":686217.6913172007,"upper_bound":13996406.306921167},"point_estimate":6240864.483502507,"standard_error":3624215.1950667254},"slope":null,"std_dev":{"confidence_interval":{"confidence_level":0.95,"lower_bound":3584575.3339710985,"upper_bound":11134528.188418325},"point_estimate":8734846.389117382,"standard_error":1883339.9586168001}}