{"mean":{"confidence_interval":{"confidence_level":0.95,"lower_bound":6219036085.3,"upper_bound":6253091772.9525},"point_estimate":6236073495.8,"standard_error":8736754.480641963},"median":{"confidence_interval":{"confidence_level":0.95,"lower_bound":6209016683.5,"upper_bound":6261452077.0},"point_estimate":6236495321.0,"standard_error":13683367.700545618},"median_abs_dev":{"confidence_interval":{"confidence_level":0.95,"lower_bound":6614902.959161997,"upper_bound":49461564.059981704},"point_estimate":31746151.92129314,"standard_error":10476464.037057687},"slope":null,"std_dev":{"confidence_interval":{"confidence_level":0.95,"lower_bound":17722398.67970601,"upper_bound":35512654.01682675},"point_estimate":29056356.204130974,"standard_error":4551543.796139108}}