{"mean":{"confidence_interval":{"confidence_level":0.95,"lower_bound":25861358.8415,"upper_bound":25931521.87},"point_estimate":25892705.56,"standard_error":18015.536427119547},"median":{"confidence_interval":{"confidence_level":0.95,"lower_bound":25860946.5,"upper_bound":25912126.0},"point_estimate":25886626.0,"standard_error":11923.619192735427},"median_abs_dev":{"confidence_interval":{"confidence_level":0.95,"lower_bound":66961.62781119347,"upper_bound":114885.74533537017},"point_estimate":91267.37177968025,"standard_error":12077.131478266348},"slope":null,"std_dev":{"confidence_interval":{"confidence_level":0.95,"lower_bound":97309.52055508399,"upper_bound":274037.8087310522},"point_estimate":181785.03735858185,"standard_error":53569.034560835644}}