{"mean":{"confidence_interval":{"confidence_level":0.95,"lower_bound":231329947.7666667,"upper_bound":233410276.88250002},"point_estimate":232335807.7666667,"standard_error":534252.5709586397},"median":{"confidence_interval":{"confidence_level":0.95,"lower_bound":230658541.0,"upper_bound":234444841.33333334},"point_estimate":231986356.6666667,"standard_error":848793.8051415998},"median_abs_dev":{"confidence_interval":{"confidence_level":0.95,"lower_bound":319072.3171353266,"upper_bound":2922846.7610091045},"point_estimate":2084681.8461895285,"standard_error":732111.3737775695},"slope":null,"std_dev":{"confidence_interval":{"confidence_level":0.95,"lower_bound":929765.9694394907,"upper_bound":2097674.25131702},"point_estimate":1779558.07361567,"standard_error":273310.5391102371}}