{"mean":{"confidence_interval":{"confidence_level":0.95,"lower_bound":366310133.3125,"upper_bound":370890653.3},"point_estimate":368523762.0,"standard_error":1178759.7102060837},"median":{"confidence_interval":{"confidence_level":0.95,"lower_bound":365228870.5,"upper_bound":371301797.5},"point_estimate":368467071.75,"standard_error":1585118.9284812843},"median_abs_dev":{"confidence_interval":{"confidence_level":0.95,"lower_bound":843755.4286703467,"upper_bound":6718017.787331343},"point_estimate":4261583.511091769,"standard_error":1466798.116121206},"slope":null,"std_dev":{"confidence_interval":{"confidence_level":0.95,"lower_bound":2143139.6610328145,"upper_bound":4930234.442209368},"point_estimate":3913137.235643601,"standard_error":717787.5805390977}}