{"mean":{"confidence_interval":{"confidence_level":0.95,"lower_bound":-0.024675889860609958,"upper_bound":-0.017397661715514857},"point_estimate":-0.02076836042734498,"standard_error":0.0018335908170463945},"median":{"confidence_interval":{"confidence_level":0.95,"lower_bound":-0.026824812331019743,"upper_bound":-0.015019025036647649},"point_estimate":-0.018822647157574868,"standard_error":0.00293837768170259}}