{"mean":{"confidence_interval":{"confidence_level":0.95,"lower_bound":-0.0340763172498757,"upper_bound":-0.0013316197658890085},"point_estimate":-0.017745801245563242,"standard_error":0.008388912248311856},"median":{"confidence_interval":{"confidence_level":0.95,"lower_bound":-0.04036524500429162,"upper_bound":0.006742313010836609},"point_estimate":-0.007368151943243917,"standard_error":0.012433052666445189}}