{"mean":{"confidence_interval":{"confidence_level":0.95,"lower_bound":154802769898.06,"upper_bound":155322200499.8},"point_estimate":155042236469.2,"standard_error":133845557.757517},"median":{"confidence_interval":{"confidence_level":0.95,"lower_bound":154724474921.0,"upper_bound":155404994947.0},"point_estimate":154813509514.0,"standard_error":184181115.4076404},"median_abs_dev":{"confidence_interval":{"confidence_level":0.95,"lower_bound":36068724.035552144,"upper_bound":688232581.7464292},"point_estimate":179636337.7060175,"standard_error":179274848.62019473},"slope":null,"std_dev":{"confidence_interval":{"confidence_level":0.95,"lower_bound":111655183.37026471,"upper_bound":542750194.6082975},"point_estimate":445092200.7833795,"standard_error":96167772.27526608}}