{"mean":{"confidence_interval":{"confidence_level":0.95,"lower_bound":97084685.82,"upper_bound":97627945.83},"point_estimate":97357471.66,"standard_error":139569.73965147286},"median":{"confidence_interval":{"confidence_level":0.95,"lower_bound":96940032.0,"upper_bound":97501896.5},"point_estimate":97302903.5,"standard_error":153380.93419045905},"median_abs_dev":{"confidence_interval":{"confidence_level":0.95,"lower_bound":966587.7245396376,"upper_bound":1576584.951210022},"point_estimate":1206930.5236727,"standard_error":157747.28619523506},"slope":null,"std_dev":{"confidence_interval":{"confidence_level":0.95,"lower_bound":1170454.8753936114,"upper_bound":1604382.2681056298},"point_estimate":1400493.3204028986,"standard_error":112547.13222497531}}