{"mean":{"confidence_interval":{"confidence_level":0.95,"lower_bound":43549651.37,"upper_bound":43637354.48},"point_estimate":43594192.84,"standard_error":22450.44391960936},"median":{"confidence_interval":{"confidence_level":0.95,"lower_bound":43512644.0,"upper_bound":43727502.0},"point_estimate":43609158.5,"standard_error":55126.247014793786},"median_abs_dev":{"confidence_interval":{"confidence_level":0.95,"lower_bound":197020.48660218716,"upper_bound":327131.97769224644},"point_estimate":291728.2316207886,"standard_error":33748.99554515505},"slope":null,"std_dev":{"confidence_interval":{"confidence_level":0.95,"lower_bound":202874.4358161329,"upper_bound":249173.30697981056},"point_estimate":227450.25918931654,"standard_error":11946.220206983919}}