{"mean":{"confidence_interval":{"confidence_level":0.95,"lower_bound":1084638145.27,"upper_bound":1087462637.6},"point_estimate":1086087087.9,"standard_error":722159.1982744056},"median":{"confidence_interval":{"confidence_level":0.95,"lower_bound":1083630699.0,"upper_bound":1088328025.0},"point_estimate":1086410736.0,"standard_error":1332419.316376855},"median_abs_dev":{"confidence_interval":{"confidence_level":0.95,"lower_bound":375990.3185248375,"upper_bound":3943414.220890403},"point_estimate":3042792.5582796335,"standard_error":1019534.3846508438},"slope":null,"std_dev":{"confidence_interval":{"confidence_level":0.95,"lower_bound":1503409.123666928,"upper_bound":2826532.174186879},"point_estimate":2411511.8952432424,"standard_error":337309.81559738354}}