{"mean":{"confidence_interval":{"confidence_level":0.95,"lower_bound":357702392801.7,"upper_bound":358779174623.6},"point_estimate":358248594099.8,"standard_error":277048393.5850953},"median":{"confidence_interval":{"confidence_level":0.95,"lower_bound":357393685175.0,"upper_bound":358957744168.0},"point_estimate":358354325934.0,"standard_error":390349665.8853755},"median_abs_dev":{"confidence_interval":{"confidence_level":0.95,"lower_bound":87081198.86299968,"upper_bound":1604268312.184444},"point_estimate":778380591.2872821,"standard_error":390928048.9045356},"slope":null,"std_dev":{"confidence_interval":{"confidence_level":0.95,"lower_bound":513962305.16322523,"upper_bound":1158517089.860758},"point_estimate":926273584.9584306,"standard_error":162502516.77306575}}