{"mean":{"confidence_interval":{"confidence_level":0.95,"lower_bound":1507404779.5275,"upper_bound":1511701018.5425},"point_estimate":1509582195.5,"standard_error":1096620.5574049745},"median":{"confidence_interval":{"confidence_level":0.95,"lower_bound":1506923618.0,"upper_bound":1512535489.0},"point_estimate":1510046179.0,"standard_error":1461998.2796286356},"median_abs_dev":{"confidence_interval":{"confidence_level":0.95,"lower_bound":733768.3789730072,"upper_bound":6263692.075297236},"point_estimate":3694394.5054113865,"standard_error":1365998.6996848364},"slope":null,"std_dev":{"confidence_interval":{"confidence_level":0.95,"lower_bound":1971317.9334073153,"upper_bound":4746440.653026438},"point_estimate":3657109.508700591,"standard_error":721180.3815272609}}