{"mean":{"confidence_interval":{"confidence_level":0.95,"lower_bound":18450825.92,"upper_bound":18495547.82},"point_estimate":18472800.13,"standard_error":11487.264988482724},"median":{"confidence_interval":{"confidence_level":0.95,"lower_bound":18418899.0,"upper_bound":18497489.0},"point_estimate":18454029.5,"standard_error":21340.55489797223},"median_abs_dev":{"confidence_interval":{"confidence_level":0.95,"lower_bound":98821.9599455595,"upper_bound":157904.3101966381},"point_estimate":130312.38338649273,"standard_error":14716.563582096156},"slope":null,"std_dev":{"confidence_interval":{"confidence_level":0.95,"lower_bound":100038.85939312975,"upper_bound":128867.14099899342},"point_estimate":115247.09770342913,"standard_error":7290.880135911364}}