{"mean":{"confidence_interval":{"confidence_level":0.95,"lower_bound":200648590.4975,"upper_bound":203266205.14499998},"point_estimate":201961690.3,"standard_error":670768.399746674},"median":{"confidence_interval":{"confidence_level":0.95,"lower_bound":200175852.75,"upper_bound":203697972.25},"point_estimate":201871126.0,"standard_error":764428.5489028167},"median_abs_dev":{"confidence_interval":{"confidence_level":0.95,"lower_bound":309852.6456490159,"upper_bound":4339386.2805604935},"point_estimate":1794701.7234876752,"standard_error":1012219.4259441842},"slope":null,"std_dev":{"confidence_interval":{"confidence_level":0.95,"lower_bound":1220719.7900125259,"upper_bound":2827550.8522729543},"point_estimate":2234569.490763815,"standard_error":416081.4910269387}}