{"mean":{"confidence_interval":{"confidence_level":0.95,"lower_bound":1012012719.225,"upper_bound":1042044008.3025},"point_estimate":1026811705.1,"standard_error":7702555.656983245},"median":{"confidence_interval":{"confidence_level":0.95,"lower_bound":1006428482.0,"upper_bound":1050545809.5},"point_estimate":1019991086.0,"standard_error":12594463.30422112},"median_abs_dev":{"confidence_interval":{"confidence_level":0.95,"lower_bound":6067252.026584744,"upper_bound":42318323.998099566},"point_estimate":31492514.6481961,"standard_error":9338464.40365824},"slope":null,"std_dev":{"confidence_interval":{"confidence_level":0.95,"lower_bound":15773463.536438104,"upper_bound":30849253.278796397},"point_estimate":25720808.09817261,"standard_error":3831332.0982690104}}