{"mean":{"confidence_interval":{"confidence_level":0.95,"lower_bound":239713751.73,"upper_bound":244728011.9},"point_estimate":242244711.6,"standard_error":1282220.2484165113},"median":{"confidence_interval":{"confidence_level":0.95,"lower_bound":239083864.0,"upper_bound":245780560.5},"point_estimate":241932542.75,"standard_error":1552488.7035089738},"median_abs_dev":{"confidence_interval":{"confidence_level":0.95,"lower_bound":349528.1328946352,"upper_bound":7509203.556784987},"point_estimate":4472560.081896186,"standard_error":1850223.5680770646},"slope":null,"std_dev":{"confidence_interval":{"confidence_level":0.95,"lower_bound":2370156.029024384,"upper_bound":5385230.933820877},"point_estimate":4267123.107534902,"standard_error":775059.8811788615}}