{"mean":{"confidence_interval":{"confidence_level":0.95,"lower_bound":31388142.37,"upper_bound":31529814.48425},"point_estimate":31459166.76,"standard_error":35812.574604236164},"median":{"confidence_interval":{"confidence_level":0.95,"lower_bound":31374717.5,"upper_bound":31576350.0},"point_estimate":31480990.5,"standard_error":52027.059914645324},"median_abs_dev":{"confidence_interval":{"confidence_level":0.95,"lower_bound":299586.75278127193,"upper_bound":457964.0123695135},"point_estimate":367260.0285798311,"standard_error":40390.20373725299},"slope":null,"std_dev":{"confidence_interval":{"confidence_level":0.95,"lower_bound":313589.19576093694,"upper_bound":400257.5834361213},"point_estimate":359396.58095179586,"standard_error":22189.043731855953}}