{"mean":{"confidence_interval":{"confidence_level":0.95,"lower_bound":13866802771.0925,"upper_bound":14167208806.3},"point_estimate":14016159016.1,"standard_error":76980783.30123305},"median":{"confidence_interval":{"confidence_level":0.95,"lower_bound":13766184086.0,"upper_bound":14288405872.0},"point_estimate":14010023365.5,"standard_error":134623507.96435094},"median_abs_dev":{"confidence_interval":{"confidence_level":0.95,"lower_bound":43682691.07167721,"upper_bound":433052452.1062821},"point_estimate":339666888.2616073,"standard_error":100008013.26069981},"slope":null,"std_dev":{"confidence_interval":{"confidence_level":0.95,"lower_bound":163360967.03925347,"upper_bound":300162630.0975802},"point_estimate":255891579.86075857,"standard_error":34969829.58972763}}