{"mean":{"confidence_interval":{"confidence_level":0.95,"lower_bound":73161128.69,"upper_bound":73677808.08},"point_estimate":73416986.3,"standard_error":133953.88541240146},"median":{"confidence_interval":{"confidence_level":0.95,"lower_bound":72938768.0,"upper_bound":73611194.0},"point_estimate":73261196.0,"standard_error":169249.482290974},"median_abs_dev":{"confidence_interval":{"confidence_level":0.95,"lower_bound":947176.0430842638,"upper_bound":1570219.408223033},"point_estimate":1218312.4436706305,"standard_error":158149.96320999713},"slope":null,"std_dev":{"confidence_interval":{"confidence_level":0.95,"lower_bound":1099208.8461357632,"upper_bound":1600443.9748803596},"point_estimate":1357295.8496969761,"standard_error":130405.91374808634}}