{"mean":{"confidence_interval":{"confidence_level":0.95,"lower_bound":206208211.03083333,"upper_bound":208776006.76583335},"point_estimate":207371497.8,"standard_error":657529.9548639464},"median":{"confidence_interval":{"confidence_level":0.95,"lower_bound":205975004.5,"upper_bound":207842400.3333333},"point_estimate":207491537.3333333,"standard_error":506157.36908272933},"median_abs_dev":{"confidence_interval":{"confidence_level":0.95,"lower_bound":116076.7055392339,"upper_bound":3211543.5698836823},"point_estimate":856005.2874028535,"standard_error":796635.8030679332},"slope":null,"std_dev":{"confidence_interval":{"confidence_level":0.95,"lower_bound":772168.1479301272,"upper_bound":3126145.1772118714},"point_estimate":2192650.6941166474,"standard_error":676136.0742503724}}