{"mean":{"confidence_interval":{"confidence_level":0.95,"lower_bound":1329953285.125,"upper_bound":1335286456.0225},"point_estimate":1332207779.4,"standard_error":1389272.5746000994},"median":{"confidence_interval":{"confidence_level":0.95,"lower_bound":1329087379.5,"upper_bound":1333145911.0},"point_estimate":1331335380.0,"standard_error":1036708.5646162878},"median_abs_dev":{"confidence_interval":{"confidence_level":0.95,"lower_bound":761427.764081955,"upper_bound":5090311.306428909},"point_estimate":2316305.9690773487,"standard_error":1140690.744466471},"slope":null,"std_dev":{"confidence_interval":{"confidence_level":0.95,"lower_bound":1423843.2446238915,"upper_bound":6790468.262856043},"point_estimate":4617888.52190975,"standard_error":1667227.7114943105}}