{"mean":{"confidence_interval":{"confidence_level":0.95,"lower_bound":822487890.2,"upper_bound":824986339.6},"point_estimate":823763518.3,"standard_error":638668.5780069163},"median":{"confidence_interval":{"confidence_level":0.95,"lower_bound":821894088.0,"upper_bound":825445219.0},"point_estimate":823872170.0,"standard_error":979781.6471580195},"median_abs_dev":{"confidence_interval":{"confidence_level":0.95,"lower_bound":340848.99264872074,"upper_bound":3495530.40574193},"point_estimate":2080892.0735567808,"standard_error":907838.91476823},"slope":null,"std_dev":{"confidence_interval":{"confidence_level":0.95,"lower_bound":1212791.2201510023,"upper_bound":2651102.6250658412},"point_estimate":2131328.2451544963,"standard_error":361520.16622515896}}