{"mean":{"confidence_interval":{"confidence_level":0.95,"lower_bound":621081905.9775001,"upper_bound":631611312.5},"point_estimate":626320993.9,"standard_error":2703447.361816376},"median":{"confidence_interval":{"confidence_level":0.95,"lower_bound":618475391.0,"upper_bound":634429041.0},"point_estimate":625700271.0,"standard_error":4910144.247071989},"median_abs_dev":{"confidence_interval":{"confidence_level":0.95,"lower_bound":1538181.9053918123,"upper_bound":14802489.40770328},"point_estimate":11199003.484877944,"standard_error":3393133.0691265175},"slope":null,"std_dev":{"confidence_interval":{"confidence_level":0.95,"lower_bound":5795591.070474446,"upper_bound":10494733.80370475},"point_estimate":8968014.256127898,"standard_error":1197372.947301565}}