{"mean":{"confidence_interval":{"confidence_level":0.95,"lower_bound":26119933.5425,"upper_bound":26241988.44},"point_estimate":26182400.98,"standard_error":31293.80035023042},"median":{"confidence_interval":{"confidence_level":0.95,"lower_bound":25994531.0,"upper_bound":26451068.0},"point_estimate":26121605.5,"standard_error":127917.99831226746},"median_abs_dev":{"confidence_interval":{"confidence_level":0.95,"lower_bound":178934.9908232689,"upper_bound":572441.4867371321},"point_estimate":492879.2417496443,"standard_error":105248.28836800346},"slope":null,"std_dev":{"confidence_interval":{"confidence_level":0.95,"lower_bound":292685.7322750624,"upper_bound":346280.0790696635},"point_estimate":321695.59191228834,"standard_error":13711.039744897127}}