{"mean":{"confidence_interval":{"confidence_level":0.95,"lower_bound":591601696.8950001,"upper_bound":612863959.3025},"point_estimate":601332394.6,"standard_error":5479482.107692892},"median":{"confidence_interval":{"confidence_level":0.95,"lower_bound":590878127.0,"upper_bound":612127511.5},"point_estimate":595989687.5,"standard_error":5117401.038855458},"median_abs_dev":{"confidence_interval":{"confidence_level":0.95,"lower_bound":2860218.5258209705,"upper_bound":28569809.722584486},"point_estimate":10039825.28245747,"standard_error":6627405.151726912},"slope":null,"std_dev":{"confidence_interval":{"confidence_level":0.95,"lower_bound":6336185.345550801,"upper_bound":24804589.68795058},"point_estimate":18329434.10443204,"standard_error":4851070.110149373}}