{"mean":{"confidence_interval":{"confidence_level":0.95,"lower_bound":81029804.45,"upper_bound":81586679.4},"point_estimate":81304394.49,"standard_error":144570.1819074501},"median":{"confidence_interval":{"confidence_level":0.95,"lower_bound":80901201.5,"upper_bound":81491686.0},"point_estimate":81221098.0,"standard_error":155348.34422394726},"median_abs_dev":{"confidence_interval":{"confidence_level":0.95,"lower_bound":939528.7924200296,"upper_bound":1714017.5209701061},"point_estimate":1250390.7180011272,"standard_error":193638.59725994465},"slope":null,"std_dev":{"confidence_interval":{"confidence_level":0.95,"lower_bound":1231891.5875263896,"upper_bound":1666925.2490188084},"point_estimate":1455012.7256597271,"standard_error":109750.47207834186}}