{"mean":{"confidence_interval":{"confidence_level":0.95,"lower_bound":71891815574.15,"upper_bound":72153429504.2475},"point_estimate":72028702175.6,"standard_error":67038577.0131263},"median":{"confidence_interval":{"confidence_level":0.95,"lower_bound":71834084902.0,"upper_bound":72221716434.0},"point_estimate":72089759084.5,"standard_error":114154166.26294671},"median_abs_dev":{"confidence_interval":{"confidence_level":0.95,"lower_bound":41084697.03800082,"upper_bound":387260998.3054429},"point_estimate":252683050.9975791,"standard_error":91249396.79978858},"slope":null,"std_dev":{"confidence_interval":{"confidence_level":0.95,"lower_bound":128173531.44937149,"upper_bound":279200973.3542513},"point_estimate":223362774.20668194,"standard_error":40208469.15598835}}