{"mean":{"confidence_interval":{"confidence_level":0.95,"lower_bound":1027782811.4925001,"upper_bound":1080857137.5025},"point_estimate":1056260975.2,"standard_error":13684792.304079227},"median":{"confidence_interval":{"confidence_level":0.95,"lower_bound":1028647152.0,"upper_bound":1092998951.0},"point_estimate":1067114459.5,"standard_error":16157465.328793038},"median_abs_dev":{"confidence_interval":{"confidence_level":0.95,"lower_bound":10895515.270265937,"upper_bound":73075698.862347},"point_estimate":44210612.30510473,"standard_error":16275431.415327901},"slope":null,"std_dev":{"confidence_interval":{"confidence_level":0.95,"lower_bound":19849428.852670304,"upper_bound":60327331.15429205},"point_estimate":45516642.461047865,"standard_error":10797947.212862028}}