{"mean":{"confidence_interval":{"confidence_level":0.95,"lower_bound":816661109.6,"upper_bound":821868668.5},"point_estimate":819288620.2,"standard_error":1326257.9224412085},"median":{"confidence_interval":{"confidence_level":0.95,"lower_bound":815844212.5,"upper_bound":822745709.0},"point_estimate":819621289.5,"standard_error":1429919.4733119989},"median_abs_dev":{"confidence_interval":{"confidence_level":0.95,"lower_bound":779207.1029663086,"upper_bound":8710427.553158998},"point_estimate":3285299.9533742666,"standard_error":2182645.3468380226},"slope":null,"std_dev":{"confidence_interval":{"confidence_level":0.95,"lower_bound":2384214.4350766926,"upper_bound":5602146.7585113235},"point_estimate":4421425.853149883,"standard_error":833875.1340111645}}