{"mean":{"confidence_interval":{"confidence_level":0.95,"lower_bound":247236590.62750003,"upper_bound":252331722.67},"point_estimate":249637177.15,"standard_error":1309130.270485231},"median":{"confidence_interval":{"confidence_level":0.95,"lower_bound":246207014.0,"upper_bound":252486957.0},"point_estimate":249046215.25,"standard_error":1528078.9153125691},"median_abs_dev":{"confidence_interval":{"confidence_level":0.95,"lower_bound":1009068.2909354568,"upper_bound":7292041.20824039},"point_estimate":3418229.125714302,"standard_error":1613805.030508039},"slope":null,"std_dev":{"confidence_interval":{"confidence_level":0.95,"lower_bound":2064340.0066384908,"upper_bound":5690498.915826716},"point_estimate":4360008.693706534,"standard_error":954645.960624715}}