{"mean":{"confidence_interval":{"confidence_level":0.95,"lower_bound":976852290.9150001,"upper_bound":1034880937.015},"point_estimate":1006377523.4,"standard_error":14857538.892966453},"median":{"confidence_interval":{"confidence_level":0.95,"lower_bound":958184357.0,"upper_bound":1049910456.0},"point_estimate":1011186203.5,"standard_error":25452200.121937376},"median_abs_dev":{"confidence_interval":{"confidence_level":0.95,"lower_bound":14359360.290670395,"upper_bound":80998383.24319124},"point_estimate":63723970.466673374,"standard_error":17638416.285348307},"slope":null,"std_dev":{"confidence_interval":{"confidence_level":0.95,"lower_bound":30892735.56820904,"upper_bound":58846870.68609481},"point_estimate":49409035.514834985,"standard_error":7112017.8711528415}}