{"mean":{"confidence_interval":{"confidence_level":0.95,"lower_bound":175797364.36,"upper_bound":175995330.24},"point_estimate":175892649.7,"standard_error":49503.90292288508},"median":{"confidence_interval":{"confidence_level":0.95,"lower_bound":175719475.0,"upper_bound":175975108.0},"point_estimate":175846123.5,"standard_error":67570.4095272955},"median_abs_dev":{"confidence_interval":{"confidence_level":0.95,"lower_bound":347964.7312223911,"upper_bound":549684.3184411526},"point_estimate":440218.7732845545,"standard_error":52372.87943051137},"slope":null,"std_dev":{"confidence_interval":{"confidence_level":0.95,"lower_bound":400223.856664282,"upper_bound":600374.099452215},"point_estimate":496022.3649466042,"standard_error":50974.98796984108}}