{"mean":{"confidence_interval":{"confidence_level":0.95,"lower_bound":-0.01335258904599075,"upper_bound":0.015113067067650454},"point_estimate":0.0009181604595003279,"standard_error":0.007245678634470495},"median":{"confidence_interval":{"confidence_level":0.95,"lower_bound":-0.013913610386339537,"upper_bound":0.020058851487491758},"point_estimate":0.005158294029054877,"standard_error":0.008745513318754023}}