{"mean":{"confidence_interval":{"confidence_level":0.95,"lower_bound":907932219.7,"upper_bound":916568125.02},"point_estimate":912242943.8,"standard_error":2218531.029850329},"median":{"confidence_interval":{"confidence_level":0.95,"lower_bound":907390411.5,"upper_bound":920250677.0},"point_estimate":910934612.0,"standard_error":3452587.783564929},"median_abs_dev":{"confidence_interval":{"confidence_level":0.95,"lower_bound":466796.6017127037,"upper_bound":13116560.484534502},"point_estimate":5264169.133642316,"standard_error":3422180.9251201535},"slope":null,"std_dev":{"confidence_interval":{"confidence_level":0.95,"lower_bound":4309071.561007882,"upper_bound":9193593.580404485},"point_estimate":7360281.17948868,"standard_error":1252708.274353226}}