{"mean":{"confidence_interval":{"confidence_level":0.95,"lower_bound":0.0073564137948372325,"upper_bound":0.04836561305811708},"point_estimate":0.02770135027515086,"standard_error":0.010442687773259369},"median":{"confidence_interval":{"confidence_level":0.95,"lower_bound":0.006732736319591259,"upper_bound":0.06083574633335864},"point_estimate":0.0314536816846791,"standard_error":0.012440816805267443}}