{"mean":{"confidence_interval":{"confidence_level":0.95,"lower_bound":681902225.895,"upper_bound":715765586.525},"point_estimate":699089250.3,"standard_error":8686457.509393064},"median":{"confidence_interval":{"confidence_level":0.95,"lower_bound":671756403.0,"upper_bound":721758507.0},"point_estimate":704613332.0,"standard_error":12885444.78573616},"median_abs_dev":{"confidence_interval":{"confidence_level":0.95,"lower_bound":7059843.072062731,"upper_bound":48312732.18147755},"point_estimate":34449480.976599455,"standard_error":10921252.18820753},"slope":null,"std_dev":{"confidence_interval":{"confidence_level":0.95,"lower_bound":17053610.24084023,"upper_bound":35353896.52612046},"point_estimate":28855588.9468317,"standard_error":4668956.286974168}}