{"mean":{"confidence_interval":{"confidence_level":0.95,"lower_bound":264597446.3,"upper_bound":264928515.7},"point_estimate":264749940.4,"standard_error":85050.72610700125},"median":{"confidence_interval":{"confidence_level":0.95,"lower_bound":264544821.0,"upper_bound":264973198.5},"point_estimate":264660032.5,"standard_error":97877.4786116364},"median_abs_dev":{"confidence_interval":{"confidence_level":0.95,"lower_bound":27024.09102022648,"upper_bound":471219.56808418036},"point_estimate":195089.7707864642,"standard_error":113353.2723310178},"slope":null,"std_dev":{"confidence_interval":{"confidence_level":0.95,"lower_bound":115254.85626120793,"upper_bound":377164.0158464661},"point_estimate":283138.65895075747,"standard_error":68749.49901449929}}