{"mean":{"confidence_interval":{"confidence_level":0.95,"lower_bound":-0.01737078448659982,"upper_bound":-0.006938602383821533},"point_estimate":-0.01202743458199651,"standard_error":0.002673233516412068},"median":{"confidence_interval":{"confidence_level":0.95,"lower_bound":-0.0191950113143049,"upper_bound":-0.004953653661659674},"point_estimate":-0.010172906079658595,"standard_error":0.003580012870446559}}