{"mean":{"confidence_interval":{"confidence_level":0.95,"lower_bound":74951893780.55,"upper_bound":75308705783.6},"point_estimate":75128894104.4,"standard_error":91326113.95863238},"median":{"confidence_interval":{"confidence_level":0.95,"lower_bound":74840809469.0,"upper_bound":75407544498.0},"point_estimate":75101319369.5,"standard_error":215173179.35320807},"median_abs_dev":{"confidence_interval":{"confidence_level":0.95,"lower_bound":15654584.831875563,"upper_bound":438249867.17610955},"point_estimate":429390158.8555008,"standard_error":141160057.8428224},"slope":null,"std_dev":{"confidence_interval":{"confidence_level":0.95,"lower_bound":216457524.66407254,"upper_bound":338202418.7562415},"point_estimate":305932292.72551507,"standard_error":31518167.114203494}}