{"mean":{"confidence_interval":{"confidence_level":0.95,"lower_bound":604277925.9525,"upper_bound":667724002.8},"point_estimate":633800062.2,"standard_error":16377515.28117424},"median":{"confidence_interval":{"confidence_level":0.95,"lower_bound":594987076.0,"upper_bound":698051357.0},"point_estimate":604216213.0,"standard_error":26024920.22725055},"median_abs_dev":{"confidence_interval":{"confidence_level":0.95,"lower_bound":4524739.446669817,"upper_bound":87478610.52724421},"point_estimate":23648924.01074767,"standard_error":21763566.85720712},"slope":null,"std_dev":{"confidence_interval":{"confidence_level":0.95,"lower_bound":15329762.19219318,"upper_bound":63383788.23688477},"point_estimate":54485346.28831704,"standard_error":10229583.50538507}}