{"mean":{"confidence_interval":{"confidence_level":0.95,"lower_bound":344851379.39250004,"upper_bound":351017820.1225},"point_estimate":347752471.0,"standard_error":1588607.18826979},"median":{"confidence_interval":{"confidence_level":0.95,"lower_bound":343490234.5,"upper_bound":352134537.75},"point_estimate":345440756.75,"standard_error":2552774.662973901},"median_abs_dev":{"confidence_interval":{"confidence_level":0.95,"lower_bound":436090.47365784645,"upper_bound":8680785.561235249},"point_estimate":3525231.331014633,"standard_error":2512416.2953935815},"slope":null,"std_dev":{"confidence_interval":{"confidence_level":0.95,"lower_bound":2536570.303262701,"upper_bound":6415255.622193198},"point_estimate":5276480.257206208,"standard_error":986378.287712522}}