{"mean":{"confidence_interval":{"confidence_level":0.95,"lower_bound":272233268.25,"upper_bound":274214964.70375},"point_estimate":273237898.5,"standard_error":507854.57190874545},"median":{"confidence_interval":{"confidence_level":0.95,"lower_bound":271824292.75,"upper_bound":274730815.0},"point_estimate":273011416.75,"standard_error":781663.2309022071},"median_abs_dev":{"confidence_interval":{"confidence_level":0.95,"lower_bound":369621.4396879077,"upper_bound":2921737.1584787965},"point_estimate":2339351.1324182153,"standard_error":716343.6462763223},"slope":null,"std_dev":{"confidence_interval":{"confidence_level":0.95,"lower_bound":1023110.4116499082,"upper_bound":2066871.874024583},"point_estimate":1693510.4836408438,"standard_error":267243.34842970694}}