{"mean":{"confidence_interval":{"confidence_level":0.95,"lower_bound":850546054.1,"upper_bound":854429573.9},"point_estimate":852475628.0,"standard_error":995722.9282717318},"median":{"confidence_interval":{"confidence_level":0.95,"lower_bound":850926795.0,"upper_bound":854217304.0},"point_estimate":852103822.5,"standard_error":1091142.6810237148},"median_abs_dev":{"confidence_interval":{"confidence_level":0.95,"lower_bound":337241.0856127739,"upper_bound":5618649.150449038},"point_estimate":2518605.9941858053,"standard_error":1276889.3473000186},"slope":null,"std_dev":{"confidence_interval":{"confidence_level":0.95,"lower_bound":1366817.489021157,"upper_bound":4516200.13362426},"point_estimate":3306878.8986249054,"standard_error":831593.6982116821}}