{"mean":{"confidence_interval":{"confidence_level":0.95,"lower_bound":543616529.1,"upper_bound":547427760.8425},"point_estimate":545670478.6,"standard_error":974764.3174323286},"median":{"confidence_interval":{"confidence_level":0.95,"lower_bound":542990875.5,"upper_bound":548047624.0},"point_estimate":546380470.5,"standard_error":1064642.7068122565},"median_abs_dev":{"confidence_interval":{"confidence_level":0.95,"lower_bound":558428.6930859089,"upper_bound":4668815.546911955},"point_estimate":1831975.3987759352,"standard_error":1047072.518790095},"slope":null,"std_dev":{"confidence_interval":{"confidence_level":0.95,"lower_bound":1113550.0854142327,"upper_bound":4082660.8968701405},"point_estimate":3245658.0651932927,"standard_error":772381.1104715462}}