{"mean":{"confidence_interval":{"confidence_level":0.95,"lower_bound":2571571564.7349997,"upper_bound":2595350070.9},"point_estimate":2583184433.4,"standard_error":6090101.424102207},"median":{"confidence_interval":{"confidence_level":0.95,"lower_bound":2565876606.0,"upper_bound":2603959303.0},"point_estimate":2577858989.5,"standard_error":11300639.028828122},"median_abs_dev":{"confidence_interval":{"confidence_level":0.95,"lower_bound":3264212.933948636,"upper_bound":31557219.740312904},"point_estimate":23445274.819663167,"standard_error":7866592.412862833},"slope":null,"std_dev":{"confidence_interval":{"confidence_level":0.95,"lower_bound":12846616.621639948,"upper_bound":23739376.997692037},"point_estimate":20331042.001064662,"standard_error":2790982.6422559624}}