{"mean":{"confidence_interval":{"confidence_level":0.95,"lower_bound":393583405.25,"upper_bound":413197490.07624996},"point_estimate":403097649.15,"standard_error":5022289.030731035},"median":{"confidence_interval":{"confidence_level":0.95,"lower_bound":391068171.0,"upper_bound":418819528.5},"point_estimate":397180166.75,"standard_error":7694012.787749279},"median_abs_dev":{"confidence_interval":{"confidence_level":0.95,"lower_bound":2825756.2307327986,"upper_bound":26852309.944926202},"point_estimate":18660991.79225117,"standard_error":6980431.747566078},"slope":null,"std_dev":{"confidence_interval":{"confidence_level":0.95,"lower_bound":9376968.149559598,"upper_bound":20676674.630904134},"point_estimate":16771739.87540095,"standard_error":2863617.31953527}}