{"mean":{"confidence_interval":{"confidence_level":0.95,"lower_bound":242909040.8,"upper_bound":249013454.35},"point_estimate":245797944.8,"standard_error":1564109.2917082421},"median":{"confidence_interval":{"confidence_level":0.95,"lower_bound":240992082.5,"upper_bound":249580896.5},"point_estimate":245152587.75,"standard_error":2387663.75234622},"median_abs_dev":{"confidence_interval":{"confidence_level":0.95,"lower_bound":709408.5201054811,"upper_bound":8999245.441031456},"point_estimate":6313058.206620812,"standard_error":2146979.048068903},"slope":null,"std_dev":{"confidence_interval":{"confidence_level":0.95,"lower_bound":2893114.4742007097,"upper_bound":6691204.732884776},"point_estimate":5225724.037587408,"standard_error":1027491.7087954672}}