{"mean":{"confidence_interval":{"confidence_level":0.95,"lower_bound":58004679.76,"upper_bound":58417975.2},"point_estimate":58209140.99,"standard_error":103610.47528969846},"median":{"confidence_interval":{"confidence_level":0.95,"lower_bound":57935189.5,"upper_bound":58461349.0},"point_estimate":58210302.0,"standard_error":120837.47093293071},"median_abs_dev":{"confidence_interval":{"confidence_level":0.95,"lower_bound":853012.4122560024,"upper_bound":1377516.2527441978},"point_estimate":1150339.6826773882,"standard_error":135723.90256142177},"slope":null,"std_dev":{"confidence_interval":{"confidence_level":0.95,"lower_bound":894149.7064889101,"upper_bound":1127603.2084236012},"point_estimate":1018707.2405791737,"standard_error":59938.58513754175}}