{"mean":{"confidence_interval":{"confidence_level":0.95,"lower_bound":56953710.34,"upper_bound":57062817.53},"point_estimate":57008203.61,"standard_error":28163.16313372901},"median":{"confidence_interval":{"confidence_level":0.95,"lower_bound":56993245.0,"upper_bound":57096018.5},"point_estimate":57043729.5,"standard_error":23806.215034423538},"median_abs_dev":{"confidence_interval":{"confidence_level":0.95,"lower_bound":181496.18227779865,"upper_bound":338000.9180992842},"point_estimate":243329.49678003788,"standard_error":39307.42610679246},"slope":null,"std_dev":{"confidence_interval":{"confidence_level":0.95,"lower_bound":237136.08656837748,"upper_bound":322358.2816053196},"point_estimate":281672.82596994843,"standard_error":21556.468560062185}}