{"mean":{"confidence_interval":{"confidence_level":0.95,"lower_bound":269169244.9,"upper_bound":275904104.12874997},"point_estimate":272500279.1,"standard_error":1714826.516629752},"median":{"confidence_interval":{"confidence_level":0.95,"lower_bound":269484862.75,"upper_bound":275913613.25},"point_estimate":272171405.25,"standard_error":1472080.8787098965},"median_abs_dev":{"confidence_interval":{"confidence_level":0.95,"lower_bound":1010695.0737565756,"upper_bound":9607115.136739612},"point_estimate":3088296.88732177,"standard_error":2204258.667976391},"slope":null,"std_dev":{"confidence_interval":{"confidence_level":0.95,"lower_bound":2116911.9575433335,"upper_bound":7868251.620930293},"point_estimate":5737252.434806276,"standard_error":1410105.2514187074}}