{"mean":{"confidence_interval":{"confidence_level":0.95,"lower_bound":31772578714.5,"upper_bound":31890138941.2725},"point_estimate":31834851737.1,"standard_error":30162005.021616988},"median":{"confidence_interval":{"confidence_level":0.95,"lower_bound":31758920236.5,"upper_bound":31924031818.0},"point_estimate":31856958425.5,"standard_error":41688628.135998614},"median_abs_dev":{"confidence_interval":{"confidence_level":0.95,"lower_bound":20728797.326490283,"upper_bound":168310505.9476912},"point_estimate":98477183.5455805,"standard_error":37881482.498498045},"slope":null,"std_dev":{"confidence_interval":{"confidence_level":0.95,"lower_bound":50121742.61689097,"upper_bound":129742290.60357921},"point_estimate":100671932.84440303,"standard_error":21103964.305888638}}