{"mean":{"confidence_interval":{"confidence_level":0.95,"lower_bound":164877902101.15,"upper_bound":165533733086.33002},"point_estimate":165180688517.9,"standard_error":168476119.0266474},"median":{"confidence_interval":{"confidence_level":0.95,"lower_bound":164697663888.0,"upper_bound":165401673984.5},"point_estimate":165224897858.5,"standard_error":213430848.13239223},"median_abs_dev":{"confidence_interval":{"confidence_level":0.95,"lower_bound":78314811.31513417,"upper_bound":906994086.3442171},"point_estimate":549510333.1103414,"standard_error":220064317.70462844},"slope":null,"std_dev":{"confidence_interval":{"confidence_level":0.95,"lower_bound":272866122.2900008,"upper_bound":774609237.1574165},"point_estimate":563839176.3867743,"standard_error":149378394.1281029}}