{"mean":{"confidence_interval":{"confidence_level":0.95,"lower_bound":420858576.225,"upper_bound":434651777.26},"point_estimate":427269186.8,"standard_error":3553684.885888919},"median":{"confidence_interval":{"confidence_level":0.95,"lower_bound":419624188.75,"upper_bound":436001240.0},"point_estimate":424877846.25,"standard_error":3301902.6637587515},"median_abs_dev":{"confidence_interval":{"confidence_level":0.95,"lower_bound":1406921.3993221521,"upper_bound":19035554.367001355},"point_estimate":5856542.3237755895,"standard_error":4360625.881437267},"slope":null,"std_dev":{"confidence_interval":{"confidence_level":0.95,"lower_bound":4071363.9747419734,"upper_bound":15259204.343531847},"point_estimate":11816314.177187735,"standard_error":2838309.9950731923}}