{"mean":{"confidence_interval":{"confidence_level":0.95,"lower_bound":552261230.4425,"upper_bound":586406218.5024999},"point_estimate":569697124.5,"standard_error":8721890.965696055},"median":{"confidence_interval":{"confidence_level":0.95,"lower_bound":551939720.5,"upper_bound":589930558.0},"point_estimate":569354860.0,"standard_error":8949501.834115895},"median_abs_dev":{"confidence_interval":{"confidence_level":0.95,"lower_bound":3864377.557593584,"upper_bound":49975349.44396019},"point_estimate":18662777.213269472,"standard_error":11044190.442507982},"slope":null,"std_dev":{"confidence_interval":{"confidence_level":0.95,"lower_bound":13263634.6530928,"upper_bound":39102291.95713804},"point_estimate":29118014.87016192,"standard_error":6556196.174775176}}