{"mean":{"confidence_interval":{"confidence_level":0.95,"lower_bound":392242184.15500003,"upper_bound":406814721.15},"point_estimate":400452570.95,"standard_error":3755739.5258881827},"median":{"confidence_interval":{"confidence_level":0.95,"lower_bound":397757574.0,"upper_bound":407480480.0},"point_estimate":401402859.0,"standard_error":2300928.2170338524},"median_abs_dev":{"confidence_interval":{"confidence_level":0.95,"lower_bound":815644.2212194204,"upper_bound":15322711.499467492},"point_estimate":5798850.281649828,"standard_error":3733036.66219832},"slope":null,"std_dev":{"confidence_interval":{"confidence_level":0.95,"lower_bound":3666868.148463217,"upper_bound":18197087.270224687},"point_estimate":12529795.407937411,"standard_error":4289055.004112019}}