{"mean":{"confidence_interval":{"confidence_level":0.95,"lower_bound":40736503053.0375,"upper_bound":40864520932.6},"point_estimate":40798232081.9,"standard_error":32746389.329155},"median":{"confidence_interval":{"confidence_level":0.95,"lower_bound":40715211288.5,"upper_bound":40865624961.5},"point_estimate":40796664071.0,"standard_error":31732534.981224056},"median_abs_dev":{"confidence_interval":{"confidence_level":0.95,"lower_bound":3884019.042044878,"upper_bound":199738962.64012456},"point_estimate":75295159.17724371,"standard_error":52166908.88337307},"slope":null,"std_dev":{"confidence_interval":{"confidence_level":0.95,"lower_bound":52725094.08784193,"upper_bound":141587729.14239612},"point_estimate":108714135.71220177,"standard_error":23043270.22004905}}