{"mean":{"confidence_interval":{"confidence_level":0.95,"lower_bound":1000268867.34,"upper_bound":1095120975.5},"point_estimate":1045387067.2,"standard_error":24230889.992301967},"median":{"confidence_interval":{"confidence_level":0.95,"lower_bound":981791885.5,"upper_bound":1105344005.0},"point_estimate":1031682137.0,"standard_error":32558192.869678512},"median_abs_dev":{"confidence_interval":{"confidence_level":0.95,"lower_bound":20099656.027659774,"upper_bound":133159351.56422494},"point_estimate":80077075.60444772,"standard_error":28638065.526178367},"slope":null,"std_dev":{"confidence_interval":{"confidence_level":0.95,"lower_bound":42039020.32797299,"upper_bound":103901564.14093786},"point_estimate":80936658.8103644,"standard_error":16085182.103229469}}