{"mean":{"confidence_interval":{"confidence_level":0.95,"lower_bound":203294064.53333333,"upper_bound":208295311.01416668},"point_estimate":205756426.36666667,"standard_error":1286000.699103865},"median":{"confidence_interval":{"confidence_level":0.95,"lower_bound":201565551.0,"upper_bound":210209502.3333333},"point_estimate":204435691.0,"standard_error":2542115.451442094},"median_abs_dev":{"confidence_interval":{"confidence_level":0.95,"lower_bound":818452.5126695706,"upper_bound":6726103.640487827},"point_estimate":5173896.833544955,"standard_error":1690884.130632056},"slope":null,"std_dev":{"confidence_interval":{"confidence_level":0.95,"lower_bound":2808574.815936068,"upper_bound":4903870.905306986},"point_estimate":4290808.5747296065,"standard_error":532712.6803881365}}