{"mean":{"confidence_interval":{"confidence_level":0.95,"lower_bound":345288405.7,"upper_bound":348398163.9425},"point_estimate":346798486.4,"standard_error":794324.5826902123},"median":{"confidence_interval":{"confidence_level":0.95,"lower_bound":344463089.0,"upper_bound":348669526.5},"point_estimate":346518802.25,"standard_error":1511615.1251048215},"median_abs_dev":{"confidence_interval":{"confidence_level":0.95,"lower_bound":336715.1332721114,"upper_bound":4897569.603350759},"point_estimate":3033411.4069461823,"standard_error":1327262.6037241071},"slope":null,"std_dev":{"confidence_interval":{"confidence_level":0.95,"lower_bound":1659682.0432932964,"upper_bound":3318368.9158192365},"point_estimate":2660587.082873981,"standard_error":456909.2383164856}}