{"mean":{"confidence_interval":{"confidence_level":0.95,"lower_bound":537538503.8475,"upper_bound":541135519.9},"point_estimate":539213594.9,"standard_error":919531.5347211766},"median":{"confidence_interval":{"confidence_level":0.95,"lower_bound":536765276.0,"upper_bound":540638683.0},"point_estimate":539193118.5,"standard_error":854075.1946746376},"median_abs_dev":{"confidence_interval":{"confidence_level":0.95,"lower_bound":365058.3676189184,"upper_bound":4703982.818287611},"point_estimate":2405490.2878940105,"standard_error":1201769.3281184828},"slope":null,"std_dev":{"confidence_interval":{"confidence_level":0.95,"lower_bound":1340070.9404981232,"upper_bound":4209963.520874022},"point_estimate":3065216.8297643387,"standard_error":802475.4158892678}}