{"mean":{"confidence_interval":{"confidence_level":0.95,"lower_bound":21724434496.75,"upper_bound":21812863189.616},"point_estimate":21766441860.69,"standard_error":22928017.513092995},"median":{"confidence_interval":{"confidence_level":0.95,"lower_bound":21667269008.0,"upper_bound":21687016587.0},"point_estimate":21680894210.5,"standard_error":5260041.59479055},"median_abs_dev":{"confidence_interval":{"confidence_level":0.95,"lower_bound":36052861.69843376,"upper_bound":74699526.8617183},"point_estimate":55268588.65658641,"standard_error":9518660.292225933},"slope":null,"std_dev":{"confidence_interval":{"confidence_level":0.95,"lower_bound":179461169.78445628,"upper_bound":270470534.47336334},"point_estimate":230651324.73897633,"standard_error":23341380.664862}}