{"mean":{"confidence_interval":{"confidence_level":0.95,"lower_bound":36313040623.9,"upper_bound":36833104971.2225},"point_estimate":36588997764.3,"standard_error":132391516.56808399},"median":{"confidence_interval":{"confidence_level":0.95,"lower_bound":36312790795.0,"upper_bound":36848688279.5},"point_estimate":36711958917.0,"standard_error":145404719.55218735},"median_abs_dev":{"confidence_interval":{"confidence_level":0.95,"lower_bound":61831530.93447089,"upper_bound":701682356.575048},"point_estimate":322167450.9088844,"standard_error":176105423.147766},"slope":null,"std_dev":{"confidence_interval":{"confidence_level":0.95,"lower_bound":193777309.2988783,"upper_bound":606809420.3192706},"point_estimate":440800879.08245873,"standard_error":112897984.57634044}}