{"mean":{"confidence_interval":{"confidence_level":0.95,"lower_bound":15635155.783750001,"upper_bound":15657944.11},"point_estimate":15646439.75,"standard_error":5751.400090669266},"median":{"confidence_interval":{"confidence_level":0.95,"lower_bound":15637406.0,"upper_bound":15656655.0},"point_estimate":15644350.5,"standard_error":4928.548433634184},"median_abs_dev":{"confidence_interval":{"confidence_level":0.95,"lower_bound":35952.30806171894,"upper_bound":72016.55242145061},"point_estimate":47310.50646007061,"standard_error":9116.323701015568},"slope":null,"std_dev":{"confidence_interval":{"confidence_level":0.95,"lower_bound":50047.99744429693,"upper_bound":65327.28018119091},"point_estimate":58173.5507390028,"standard_error":3954.334996876479}}