{"mean":{"confidence_interval":{"confidence_level":0.95,"lower_bound":1754554400.0625,"upper_bound":1761867470.1},"point_estimate":1757828262.1,"standard_error":1891619.0842501991},"median":{"confidence_interval":{"confidence_level":0.95,"lower_bound":1754332439.5,"upper_bound":1761811687.0},"point_estimate":1755767781.0,"standard_error":1732394.0768962547},"median_abs_dev":{"confidence_interval":{"confidence_level":0.95,"lower_bound":451119.5895910263,"upper_bound":9085157.66170621},"point_estimate":2549596.040135622,"standard_error":2568674.788797038},"slope":null,"std_dev":{"confidence_interval":{"confidence_level":0.95,"lower_bound":2272654.039770275,"upper_bound":8781552.160131315},"point_estimate":6304004.875076626,"standard_error":1830219.4047933917}}