{"mean":{"confidence_interval":{"confidence_level":0.95,"lower_bound":584251636.5749999,"upper_bound":614379253.3},"point_estimate":597995342.6,"standard_error":7733611.344806808},"median":{"confidence_interval":{"confidence_level":0.95,"lower_bound":580139975.5,"upper_bound":618516262.5},"point_estimate":585031138.5,"standard_error":9462373.246157706},"median_abs_dev":{"confidence_interval":{"confidence_level":0.95,"lower_bound":2670730.3883850574,"upper_bound":39523954.40880954},"point_estimate":11297846.942523122,"standard_error":9927909.83921309},"slope":null,"std_dev":{"confidence_interval":{"confidence_level":0.95,"lower_bound":8449357.479898915,"upper_bound":32554144.096733667},"point_estimate":25827591.577119213,"standard_error":6289194.936884569}}