{"mean":{"confidence_interval":{"confidence_level":0.95,"lower_bound":391165876.31875,"upper_bound":405558086.19624996},"point_estimate":398115369.75,"standard_error":3688396.0566708297},"median":{"confidence_interval":{"confidence_level":0.95,"lower_bound":389455865.0,"upper_bound":406724220.75},"point_estimate":397209241.25,"standard_error":4203726.232407291},"median_abs_dev":{"confidence_interval":{"confidence_level":0.95,"lower_bound":1938142.9002910852,"upper_bound":20213967.821480334},"point_estimate":10891737.976182997,"standard_error":4877981.052110151},"slope":null,"std_dev":{"confidence_interval":{"confidence_level":0.95,"lower_bound":5897617.076275052,"upper_bound":15848337.30086609},"point_estimate":12333600.6681614,"standard_error":2507936.0558780716}}