{"mean":{"confidence_interval":{"confidence_level":0.95,"lower_bound":33001572648.48,"upper_bound":33058677454.9725},"point_estimate":33031932185.2,"standard_error":14650986.041439898},"median":{"confidence_interval":{"confidence_level":0.95,"lower_bound":32990642255.5,"upper_bound":33072122616.5},"point_estimate":33036291274.0,"standard_error":16969447.50737512},"median_abs_dev":{"confidence_interval":{"confidence_level":0.95,"lower_bound":7662716.40585959,"upper_bound":80314362.02373505},"point_estimate":41713203.7840426,"standard_error":20145867.175188128},"slope":null,"std_dev":{"confidence_interval":{"confidence_level":0.95,"lower_bound":21164277.607941117,"upper_bound":61905792.879655086},"point_estimate":49013896.4264014,"standard_error":10515893.922255807}}