{"mean":{"confidence_interval":{"confidence_level":0.95,"lower_bound":815586807.9,"upper_bound":823476961.24},"point_estimate":819138932.8,"standard_error":2034367.1282340186},"median":{"confidence_interval":{"confidence_level":0.95,"lower_bound":814219115.5,"upper_bound":823273404.0},"point_estimate":817546966.5,"standard_error":2062378.0314691472},"median_abs_dev":{"confidence_interval":{"confidence_level":0.95,"lower_bound":1115326.6016989946,"upper_bound":9905665.552139282},"point_estimate":4371188.791295886,"standard_error":2271497.906400676},"slope":null,"std_dev":{"confidence_interval":{"confidence_level":0.95,"lower_bound":2297916.260353821,"upper_bound":9054078.073240886},"point_estimate":6797440.38430205,"standard_error":1803468.1161212258}}