{"mean":{"confidence_interval":{"confidence_level":0.95,"lower_bound":393222886.01750004,"upper_bound":402283606.21999997},"point_estimate":397872284.55,"standard_error":2334991.0838759355},"median":{"confidence_interval":{"confidence_level":0.95,"lower_bound":392387792.0,"upper_bound":404552397.0},"point_estimate":397857936.0,"standard_error":2872298.897496688},"median_abs_dev":{"confidence_interval":{"confidence_level":0.95,"lower_bound":1351587.4324545264,"upper_bound":13213747.136709094},"point_estimate":9017621.526405215,"standard_error":3136704.576361167},"slope":null,"std_dev":{"confidence_interval":{"confidence_level":0.95,"lower_bound":4265128.501335654,"upper_bound":10025325.183732783},"point_estimate":7779801.181942621,"standard_error":1511408.738231775}}