{"mean":{"confidence_interval":{"confidence_level":0.95,"lower_bound":74656599431.1,"upper_bound":75077465170.0},"point_estimate":74864092282.9,"standard_error":107862148.75544567},"median":{"confidence_interval":{"confidence_level":0.95,"lower_bound":74470770969.0,"upper_bound":75171248760.5},"point_estimate":74907519616.0,"standard_error":166086744.84452507},"median_abs_dev":{"confidence_interval":{"confidence_level":0.95,"lower_bound":52460008.34654868,"upper_bound":645309764.6740615},"point_estimate":500012381.59920573,"standard_error":167264617.49102223},"slope":null,"std_dev":{"confidence_interval":{"confidence_level":0.95,"lower_bound":217684944.33140913,"upper_bound":438020109.2479168},"point_estimate":360115544.4875563,"standard_error":57274664.68035012}}