{"mean":{"confidence_interval":{"confidence_level":0.95,"lower_bound":682193343.695,"upper_bound":728466129.6},"point_estimate":703463511.6,"standard_error":11906462.560430909},"median":{"confidence_interval":{"confidence_level":0.95,"lower_bound":677988244.5,"upper_bound":718627815.0},"point_estimate":695294993.5,"standard_error":9695752.595651405},"median_abs_dev":{"confidence_interval":{"confidence_level":0.95,"lower_bound":2312502.3588448763,"upper_bound":57551293.72116029},"point_estimate":25369800.039196014,"standard_error":14669426.413233701},"slope":null,"std_dev":{"confidence_interval":{"confidence_level":0.95,"lower_bound":15561183.110075949,"upper_bound":55565447.12546164},"point_estimate":39767877.86606058,"standard_error":11230743.082443705}}