{"mean":{"confidence_interval":{"confidence_level":0.95,"lower_bound":824985212.6725,"upper_bound":830123644.7},"point_estimate":827572659.8,"standard_error":1313696.6029636974},"median":{"confidence_interval":{"confidence_level":0.95,"lower_bound":823204664.0,"upper_bound":831553003.5},"point_estimate":827812427.5,"standard_error":2487908.491148973},"median_abs_dev":{"confidence_interval":{"confidence_level":0.95,"lower_bound":1102780.8407217264,"upper_bound":6983512.1537178755},"point_estimate":5918056.508633494,"standard_error":1631457.054731265},"slope":null,"std_dev":{"confidence_interval":{"confidence_level":0.95,"lower_bound":2890295.209118584,"upper_bound":5078708.96191233},"point_estimate":4367621.297639758,"standard_error":561430.6839188637}}