{"mean":{"confidence_interval":{"confidence_level":0.95,"lower_bound":589943409.2,"upper_bound":631364071.66},"point_estimate":610527946.4,"standard_error":10578859.195020976},"median":{"confidence_interval":{"confidence_level":0.95,"lower_bound":575294270.0,"upper_bound":645603774.0},"point_estimate":611546023.5,"standard_error":20079252.355394445},"median_abs_dev":{"confidence_interval":{"confidence_level":0.95,"lower_bound":6879342.455667257,"upper_bound":55014079.61470485},"point_estimate":51313940.77569544,"standard_error":13844321.46382136},"slope":null,"std_dev":{"confidence_interval":{"confidence_level":0.95,"lower_bound":23019070.165573984,"upper_bound":41312990.88537903},"point_estimate":35305304.508014314,"standard_error":4639766.18781881}}