{"mean":{"confidence_interval":{"confidence_level":0.95,"lower_bound":644980275.1,"upper_bound":647177059.6},"point_estimate":646074929.1,"standard_error":566036.4908757015},"median":{"confidence_interval":{"confidence_level":0.95,"lower_bound":644377175.5,"upper_bound":647797710.0},"point_estimate":646077642.0,"standard_error":824278.4293743107},"median_abs_dev":{"confidence_interval":{"confidence_level":0.95,"lower_bound":362077.6003718376,"upper_bound":3191586.4769626064},"point_estimate":2269372.0430105925,"standard_error":695538.6471920433},"slope":null,"std_dev":{"confidence_interval":{"confidence_level":0.95,"lower_bound":1119848.230610987,"upper_bound":2318984.8284358946},"point_estimate":1881162.3056972842,"standard_error":308121.2207906979}}