{"mean":{"confidence_interval":{"confidence_level":0.95,"lower_bound":862946355.9,"upper_bound":869940528.6},"point_estimate":866384375.9,"standard_error":1795100.7628409688},"median":{"confidence_interval":{"confidence_level":0.95,"lower_bound":861030299.0,"upper_bound":871694945.0},"point_estimate":865839109.0,"standard_error":3011268.523991051},"median_abs_dev":{"confidence_interval":{"confidence_level":0.95,"lower_bound":1955666.4906799793,"upper_bound":9906997.668215632},"point_estimate":7766675.574713945,"standard_error":2134217.898941033},"slope":null,"std_dev":{"confidence_interval":{"confidence_level":0.95,"lower_bound":3715765.6954745823,"upper_bound":7104708.660930249},"point_estimate":5983724.668457904,"standard_error":856073.3949005571}}