{"mean":{"confidence_interval":{"confidence_level":0.95,"lower_bound":434257364.0,"upper_bound":463163139.40250003},"point_estimate":447890560.2,"standard_error":7439355.493396094},"median":{"confidence_interval":{"confidence_level":0.95,"lower_bound":429259426.0,"upper_bound":467125202.5},"point_estimate":437722176.0,"standard_error":9617540.702487554},"median_abs_dev":{"confidence_interval":{"confidence_level":0.95,"lower_bound":1228001.23449862,"upper_bound":38982190.88072777},"point_estimate":17817854.607769847,"standard_error":10157189.083411995},"slope":null,"std_dev":{"confidence_interval":{"confidence_level":0.95,"lower_bound":10364591.188687865,"upper_bound":30617524.844669748},"point_estimate":24918753.474593677,"standard_error":4944124.644793091}}