{"mean":{"confidence_interval":{"confidence_level":0.95,"lower_bound":358396637.02875,"upper_bound":372322496.0},"point_estimate":364868499.7,"standard_error":3561071.647059394},"median":{"confidence_interval":{"confidence_level":0.95,"lower_bound":353098378.5,"upper_bound":369502045.5},"point_estimate":364722176.5,"standard_error":3868237.084706553},"median_abs_dev":{"confidence_interval":{"confidence_level":0.95,"lower_bound":1511197.8445708752,"upper_bound":19894625.794699788},"point_estimate":8597831.498157978,"standard_error":4766299.932769826},"slope":null,"std_dev":{"confidence_interval":{"confidence_level":0.95,"lower_bound":5523749.932200889,"upper_bound":16433686.924423818},"point_estimate":11907055.863599682,"standard_error":3135644.8447352354}}