{"mean":{"confidence_interval":{"confidence_level":0.95,"lower_bound":466458526.7,"upper_bound":472727996.67},"point_estimate":469629377.5,"standard_error":1603597.805372205},"median":{"confidence_interval":{"confidence_level":0.95,"lower_bound":464896986.0,"upper_bound":474666380.0},"point_estimate":469938801.5,"standard_error":2252590.904136422},"median_abs_dev":{"confidence_interval":{"confidence_level":0.95,"lower_bound":1672687.081503868,"upper_bound":9558699.351999164},"point_estimate":5858234.34099555,"standard_error":2068870.4452489521},"slope":null,"std_dev":{"confidence_interval":{"confidence_level":0.95,"lower_bound":3112850.9599414533,"upper_bound":6597549.233931705},"point_estimate":5321829.793059761,"standard_error":889984.1914472468}}