{"mean":{"confidence_interval":{"confidence_level":0.95,"lower_bound":1153689047.74,"upper_bound":1215256416.4},"point_estimate":1184491474.4,"standard_error":15830678.255396673},"median":{"confidence_interval":{"confidence_level":0.95,"lower_bound":1135865875.0,"upper_bound":1229924204.5},"point_estimate":1190317389.0,"standard_error":26582605.76110985},"median_abs_dev":{"confidence_interval":{"confidence_level":0.95,"lower_bound":13079735.666388273,"upper_bound":86216819.35674548},"point_estimate":70258525.40286183,"standard_error":19192429.996626657},"slope":null,"std_dev":{"confidence_interval":{"confidence_level":0.95,"lower_bound":33370787.636932626,"upper_bound":63697643.272736184},"point_estimate":52862722.85523179,"standard_error":7800380.26892104}}