{"mean":{"confidence_interval":{"confidence_level":0.95,"lower_bound":453341951.6,"upper_bound":469881580.92},"point_estimate":461306981.9,"standard_error":4251355.922516453},"median":{"confidence_interval":{"confidence_level":0.95,"lower_bound":449020667.0,"upper_bound":475931249.0},"point_estimate":458124577.5,"standard_error":6155498.530976947},"median_abs_dev":{"confidence_interval":{"confidence_level":0.95,"lower_bound":3116561.543869972,"upper_bound":23181218.575251102},"point_estimate":15810624.7726053,"standard_error":5634362.54340539},"slope":null,"std_dev":{"confidence_interval":{"confidence_level":0.95,"lower_bound":7228310.871274684,"upper_bound":17198256.857439134},"point_estimate":14151830.189934412,"standard_error":2390918.21904327}}