{"mean":{"confidence_interval":{"confidence_level":0.95,"lower_bound":372163915.89875,"upper_bound":380239370.34375},"point_estimate":376140111.55,"standard_error":2065538.5166861683},"median":{"confidence_interval":{"confidence_level":0.95,"lower_bound":370103568.75,"upper_bound":382128313.25},"point_estimate":375455299.75,"standard_error":3639670.4965289556},"median_abs_dev":{"confidence_interval":{"confidence_level":0.95,"lower_bound":1223250.6135329604,"upper_bound":11197231.036609411},"point_estimate":8461744.017224014,"standard_error":2599438.654091232},"slope":null,"std_dev":{"confidence_interval":{"confidence_level":0.95,"lower_bound":4325678.939457723,"upper_bound":8253955.815974841},"point_estimate":6900490.526597933,"standard_error":1005668.8026606159}}