{"mean":{"confidence_interval":{"confidence_level":0.95,"lower_bound":13443646709.71,"upper_bound":13711536483.795},"point_estimate":13575925488.1,"standard_error":68600973.0724877},"median":{"confidence_interval":{"confidence_level":0.95,"lower_bound":13367391719.0,"upper_bound":13792193309.0},"point_estimate":13548572796.0,"standard_error":121790929.11460756},"median_abs_dev":{"confidence_interval":{"confidence_level":0.95,"lower_bound":66485825.89724064,"upper_bound":377928066.3122356},"point_estimate":308975450.5485892,"standard_error":84336274.67094533},"slope":null,"std_dev":{"confidence_interval":{"confidence_level":0.95,"lower_bound":148204074.66549274,"upper_bound":268725196.9069489},"point_estimate":229116605.9982136,"standard_error":30860765.188581776}}