{"mean":{"confidence_interval":{"confidence_level":0.95,"lower_bound":-0.0016921285960953586,"upper_bound":0.011895162800462255},"point_estimate":0.005839584300862288,"standard_error":0.0034993046013095034},"median":{"confidence_interval":{"confidence_level":0.95,"lower_bound":0.002225464274213218,"upper_bound":0.014319246774281869},"point_estimate":0.004945397250935457,"standard_error":0.0034548529356149926}}