{"mean":{"confidence_interval":{"confidence_level":0.95,"lower_bound":4063014254.3,"upper_bound":4077056608.8975},"point_estimate":4069831561.5,"standard_error":3613806.803962638},"median":{"confidence_interval":{"confidence_level":0.95,"lower_bound":4059656964.0,"upper_bound":4080959052.0},"point_estimate":4065817346.0,"standard_error":6048613.409181927},"median_abs_dev":{"confidence_interval":{"confidence_level":0.95,"lower_bound":2399298.9504039288,"upper_bound":19341865.081313252},"point_estimate":13971866.478949785,"standard_error":4596135.4350752095},"slope":null,"std_dev":{"confidence_interval":{"confidence_level":0.95,"lower_bound":7033353.706403451,"upper_bound":14427617.53878248},"point_estimate":12062792.999327322,"standard_error":1860462.9698901272}}