{"mean":{"confidence_interval":{"confidence_level":0.95,"lower_bound":2106439382.6,"upper_bound":2122585581.3},"point_estimate":2114553243.6,"standard_error":4131053.2056331565},"median":{"confidence_interval":{"confidence_level":0.95,"lower_bound":2104257465.0,"upper_bound":2126056008.5},"point_estimate":2113645148.0,"standard_error":5452106.95322086},"median_abs_dev":{"confidence_interval":{"confidence_level":0.95,"lower_bound":2481552.85564363,"upper_bound":24078120.394527912},"point_estimate":15394163.922598958,"standard_error":5284108.371077559},"slope":null,"std_dev":{"confidence_interval":{"confidence_level":0.95,"lower_bound":8056408.880626089,"upper_bound":17117138.423893224},"point_estimate":13773831.688916037,"standard_error":2338649.686665751}}