{"mean":{"confidence_interval":{"confidence_level":0.95,"lower_bound":2677721262.2549996,"upper_bound":2683557479.8075004},"point_estimate":2680502895.2,"standard_error":1498288.816603983},"median":{"confidence_interval":{"confidence_level":0.95,"lower_bound":2676459625.0,"upper_bound":2683606995.5},"point_estimate":2680508662.0,"standard_error":1734994.4376809162},"median_abs_dev":{"confidence_interval":{"confidence_level":0.95,"lower_bound":850882.6573938131,"upper_bound":8329397.8773236275},"point_estimate":4800228.019478917,"standard_error":1985555.0270005306},"slope":null,"std_dev":{"confidence_interval":{"confidence_level":0.95,"lower_bound":2492353.557734048,"upper_bound":6514518.031448075},"point_estimate":4992325.189877666,"standard_error":1065968.8980919577}}