{"mean":{"confidence_interval":{"confidence_level":0.95,"lower_bound":1066346136.4925,"upper_bound":1115627758.8},"point_estimate":1088612577.8,"standard_error":12710974.000367278},"median":{"confidence_interval":{"confidence_level":0.95,"lower_bound":1060577356.0,"upper_bound":1109094458.0},"point_estimate":1080677695.0,"standard_error":11634069.381258633},"median_abs_dev":{"confidence_interval":{"confidence_level":0.95,"lower_bound":2359394.0308123827,"upper_bound":62902418.084558845},"point_estimate":28848098.926743865,"standard_error":14564330.777252084},"slope":null,"std_dev":{"confidence_interval":{"confidence_level":0.95,"lower_bound":14412887.570407998,"upper_bound":57694171.0009008},"point_estimate":42406074.57742504,"standard_error":11689492.789315535}}