{"mean":{"confidence_interval":{"confidence_level":0.95,"lower_bound":3078987926.7,"upper_bound":3394677564.91},"point_estimate":3235942609.0,"standard_error":81860909.81490068},"median":{"confidence_interval":{"confidence_level":0.95,"lower_bound":2976025163.0,"upper_bound":3499112198.0},"point_estimate":3216136468.5,"standard_error":212461521.52229014},"median_abs_dev":{"confidence_interval":{"confidence_level":0.95,"lower_bound":7154897.004175186,"upper_bound":386021529.9014479},"point_estimate":363143912.2184068,"standard_error":142727760.70832577},"slope":null,"std_dev":{"confidence_interval":{"confidence_level":0.95,"lower_bound":205508868.59434065,"upper_bound":282449420.4216685},"point_estimate":272881785.67874974,"standard_error":23980458.149744187}}