{"mean":{"confidence_interval":{"confidence_level":0.95,"lower_bound":317389248.65,"upper_bound":317749730.88374996},"point_estimate":317572156.8,"standard_error":92478.4993485125},"median":{"confidence_interval":{"confidence_level":0.95,"lower_bound":317269662.75,"upper_bound":317814778.0},"point_estimate":317661926.5,"standard_error":145842.2984240346},"median_abs_dev":{"confidence_interval":{"confidence_level":0.95,"lower_bound":64027.56246328354,"upper_bound":510942.49852895737},"point_estimate":388830.74624687433,"standard_error":122045.08936949527},"slope":null,"std_dev":{"confidence_interval":{"confidence_level":0.95,"lower_bound":184458.91551767578,"upper_bound":374145.2355098501},"point_estimate":308550.60157129995,"standard_error":48419.58803213255}}