{"mean":{"confidence_interval":{"confidence_level":0.95,"lower_bound":483448605.48625,"upper_bound":485181909.85},"point_estimate":484228362.35,"standard_error":444906.8319986898},"median":{"confidence_interval":{"confidence_level":0.95,"lower_bound":483299402.75,"upper_bound":484929194.5},"point_estimate":483719766.25,"standard_error":491719.82508391124},"median_abs_dev":{"confidence_interval":{"confidence_level":0.95,"lower_bound":130370.94608545303,"upper_bound":2075223.3525574207},"point_estimate":1362679.5041576028,"standard_error":554591.1774770016},"slope":null,"std_dev":{"confidence_interval":{"confidence_level":0.95,"lower_bound":622871.2191792666,"upper_bound":2072455.654274124},"point_estimate":1483414.9313653698,"standard_error":422933.9433585123}}