{"mean":{"confidence_interval":{"confidence_level":0.95,"lower_bound":396017390.48375,"upper_bound":410097154.3},"point_estimate":402899698.25,"standard_error":3591555.7947493712},"median":{"confidence_interval":{"confidence_level":0.95,"lower_bound":393669349.0,"upper_bound":412606111.25},"point_estimate":404073105.0,"standard_error":4129811.16152069},"median_abs_dev":{"confidence_interval":{"confidence_level":0.95,"lower_bound":240619.30402815342,"upper_bound":20735066.500478983},"point_estimate":12391272.206760943,"standard_error":5706372.701482597},"slope":null,"std_dev":{"confidence_interval":{"confidence_level":0.95,"lower_bound":5828598.221038016,"upper_bound":15351362.614548104},"point_estimate":11928241.024442926,"standard_error":2357054.8180918456}}