{"mean":{"confidence_interval":{"confidence_level":0.95,"lower_bound":1683218905.2,"upper_bound":1721260404.5725},"point_estimate":1702289252.3,"standard_error":9757324.219977962},"median":{"confidence_interval":{"confidence_level":0.95,"lower_bound":1682873278.5,"upper_bound":1731190263.0},"point_estimate":1690516236.5,"standard_error":14215042.718393011},"median_abs_dev":{"confidence_interval":{"confidence_level":0.95,"lower_bound":722958.7425649166,"upper_bound":59284532.409489155},"point_estimate":36305221.71165347,"standard_error":16473099.09411068},"slope":null,"std_dev":{"confidence_interval":{"confidence_level":0.95,"lower_bound":18575131.450378127,"upper_bound":41896085.45171169},"point_estimate":32607286.625029866,"standard_error":6060698.687870771}}