{"mean":{"confidence_interval":{"confidence_level":0.95,"lower_bound":2227260384.4,"upper_bound":2230353616.2575},"point_estimate":2228809605.2,"standard_error":787296.7129174095},"median":{"confidence_interval":{"confidence_level":0.95,"lower_bound":2226739962.5,"upper_bound":2230708416.5},"point_estimate":2228769089.0,"standard_error":875349.7835543674},"median_abs_dev":{"confidence_interval":{"confidence_level":0.95,"lower_bound":648560.3932857513,"upper_bound":4725561.319604516},"point_estimate":2030935.8674436808,"standard_error":1112663.7904424288},"slope":null,"std_dev":{"confidence_interval":{"confidence_level":0.95,"lower_bound":1411499.0073264702,"upper_bound":3371862.56908448},"point_estimate":2629080.437938237,"standard_error":501818.9431160809}}