{"mean":{"confidence_interval":{"confidence_level":0.95,"lower_bound":245255352.35,"upper_bound":253407270.0825},"point_estimate":249317641.95,"standard_error":2075004.9435673482},"median":{"confidence_interval":{"confidence_level":0.95,"lower_bound":244823077.75,"upper_bound":253597923.0},"point_estimate":248859715.5,"standard_error":1886137.7583186633},"median_abs_dev":{"confidence_interval":{"confidence_level":0.95,"lower_bound":616258.6170092225,"upper_bound":11303304.02237624},"point_estimate":4543556.605535746,"standard_error":2944134.2537414795},"slope":null,"std_dev":{"confidence_interval":{"confidence_level":0.95,"lower_bound":3063788.4845581027,"upper_bound":9277336.528146917},"point_estimate":6930646.253545943,"standard_error":1556268.469266261}}