{"mean":{"confidence_interval":{"confidence_level":0.95,"lower_bound":1654234591.04,"upper_bound":1728983453.3875},"point_estimate":1694568246.9,"standard_error":19255692.200431895},"median":{"confidence_interval":{"confidence_level":0.95,"lower_bound":1664511181.5,"upper_bound":1733659700.0},"point_estimate":1710355924.5,"standard_error":17452591.58274209},"median_abs_dev":{"confidence_interval":{"confidence_level":0.95,"lower_bound":10785870.330512524,"upper_bound":99188162.13905811},"point_estimate":39943112.108168006,"standard_error":23353703.386236332},"slope":null,"std_dev":{"confidence_interval":{"confidence_level":0.95,"lower_bound":25505708.27912746,"upper_bound":88093170.45970449},"point_estimate":64409346.893112555,"standard_error":17068091.89002392}}