{"mean":{"confidence_interval":{"confidence_level":0.95,"lower_bound":57040433.363749996,"upper_bound":57493537.09},"point_estimate":57256481.23,"standard_error":117551.04703206134},"median":{"confidence_interval":{"confidence_level":0.95,"lower_bound":56893884.0,"upper_bound":57542612.0},"point_estimate":57075906.5,"standard_error":164891.6853435398},"median_abs_dev":{"confidence_interval":{"confidence_level":0.95,"lower_bound":806911.3181919605,"upper_bound":1266520.6644147635},"point_estimate":1012612.8168225288,"standard_error":117954.31179276083},"slope":null,"std_dev":{"confidence_interval":{"confidence_level":0.95,"lower_bound":981738.4754971518,"upper_bound":1398227.7750008893},"point_estimate":1184560.3651167434,"standard_error":108510.15441809717}}