{"mean":{"confidence_interval":{"confidence_level":0.95,"lower_bound":170616188.76,"upper_bound":170861355.71},"point_estimate":170734014.91,"standard_error":62049.96417623178},"median":{"confidence_interval":{"confidence_level":0.95,"lower_bound":170455385.0,"upper_bound":170709738.5},"point_estimate":170590219.0,"standard_error":69500.86389002854},"median_abs_dev":{"confidence_interval":{"confidence_level":0.95,"lower_bound":361069.4323897362,"upper_bound":648254.2363911867},"point_estimate":499780.0033271313,"standard_error":75970.62130856399},"slope":null,"std_dev":{"confidence_interval":{"confidence_level":0.95,"lower_bound":509150.882225942,"upper_bound":722922.4740485399},"point_estimate":623637.0252520242,"standard_error":54218.95633014968}}