{"mean":{"confidence_interval":{"confidence_level":0.95,"lower_bound":0.04948073845351837,"upper_bound":0.06125526695440556},"point_estimate":0.05488219321661725,"standard_error":0.003066128739441335},"median":{"confidence_interval":{"confidence_level":0.95,"lower_bound":0.04856315562250946,"upper_bound":0.05743363207364838},"point_estimate":0.05224060938667652,"standard_error":0.002330303355881423}}