{"mean":{"confidence_interval":{"confidence_level":0.95,"lower_bound":592673648.37,"upper_bound":688306388.4249998},"point_estimate":632736084.4,"standard_error":25193824.422366478},"median":{"confidence_interval":{"confidence_level":0.95,"lower_bound":575827381.5,"upper_bound":650680871.0},"point_estimate":622854135.0,"standard_error":20670188.681249823},"median_abs_dev":{"confidence_interval":{"confidence_level":0.95,"lower_bound":4148585.300847888,"upper_bound":82789653.11838984},"point_estimate":65281334.25052464,"standard_error":24785645.522065934},"slope":null,"std_dev":{"confidence_interval":{"confidence_level":0.95,"lower_bound":25379587.83948773,"upper_bound":124144130.40732895},"point_estimate":84320349.44976394,"standard_error":31220094.48000308}}