{"mean":{"confidence_interval":{"confidence_level":0.95,"lower_bound":-0.004592297519512113,"upper_bound":0.025695991075987575},"point_estimate":0.010162124922369342,"standard_error":0.007762002282174749},"median":{"confidence_interval":{"confidence_level":0.95,"lower_bound":-0.013036862849243658,"upper_bound":0.02770060157971521},"point_estimate":0.013711558790816092,"standard_error":0.010210123957986634}}