{"mean":{"confidence_interval":{"confidence_level":0.95,"lower_bound":26377585793.532497,"upper_bound":26405537625.6125},"point_estimate":26391180237.3,"standard_error":7131836.2494737115},"median":{"confidence_interval":{"confidence_level":0.95,"lower_bound":26372368818.0,"upper_bound":26402380659.0},"point_estimate":26395578187.5,"standard_error":8611871.77927055},"median_abs_dev":{"confidence_interval":{"confidence_level":0.95,"lower_bound":2847210.1936519146,"upper_bound":42581117.80863404},"point_estimate":19718795.368221402,"standard_error":10135142.504710527},"slope":null,"std_dev":{"confidence_interval":{"confidence_level":0.95,"lower_bound":11777746.299150165,"upper_bound":32001774.275496405},"point_estimate":23804810.864707597,"standard_error":5411023.563726872}}