{"mean":{"confidence_interval":{"confidence_level":0.95,"lower_bound":24103819377.4,"upper_bound":24311280890.8025},"point_estimate":24212894445.4,"standard_error":53265177.11217807},"median":{"confidence_interval":{"confidence_level":0.95,"lower_bound":24038004622.0,"upper_bound":24340005267.0},"point_estimate":24263141993.0,"standard_error":76078223.37356158},"median_abs_dev":{"confidence_interval":{"confidence_level":0.95,"lower_bound":14127355.6337893,"upper_bound":290980210.2669686},"point_estimate":119638442.68229306,"standard_error":71248657.28177299},"slope":null,"std_dev":{"confidence_interval":{"confidence_level":0.95,"lower_bound":79913035.54057892,"upper_bound":219488538.54091415},"point_estimate":178006746.98498896,"standard_error":33405609.040490545}}