{"mean":{"confidence_interval":{"confidence_level":0.95,"lower_bound":3790227702.2,"upper_bound":3798732991.75},"point_estimate":3794367392.1,"standard_error":2177940.753535812},"median":{"confidence_interval":{"confidence_level":0.95,"lower_bound":3787457594.0,"upper_bound":3798180052.5},"point_estimate":3795005013.0,"standard_error":2555252.586412951},"median_abs_dev":{"confidence_interval":{"confidence_level":0.95,"lower_bound":978547.1172273159,"upper_bound":12698846.837550402},"point_estimate":6226636.712855101,"standard_error":3021238.395459464},"slope":null,"std_dev":{"confidence_interval":{"confidence_level":0.95,"lower_bound":3840163.1027479963,"upper_bound":9551099.387017645},"point_estimate":7252595.738859318,"standard_error":1541139.126689381}}