{"mean":{"confidence_interval":{"confidence_level":0.95,"lower_bound":423832740.23,"upper_bound":424683131.39},"point_estimate":424233341.74,"standard_error":212552.2175598812},"median":{"confidence_interval":{"confidence_level":0.95,"lower_bound":423615934.0,"upper_bound":424209473.0},"point_estimate":423854207.5,"standard_error":175065.6231447232},"median_abs_dev":{"confidence_interval":{"confidence_level":0.95,"lower_bound":1127289.7008866072,"upper_bound":2135491.782787442},"point_estimate":1687003.8081496954,"standard_error":262605.7122236722},"slope":null,"std_dev":{"confidence_interval":{"confidence_level":0.95,"lower_bound":1621388.0648894901,"upper_bound":2603050.619305018},"point_estimate":2081753.2774857834,"standard_error":257087.39100491008}}