{"mean":{"confidence_interval":{"confidence_level":0.95,"lower_bound":1127465924.12,"upper_bound":1185751637.5},"point_estimate":1158178288.8,"standard_error":14941815.807844939},"median":{"confidence_interval":{"confidence_level":0.95,"lower_bound":1134427953.0,"upper_bound":1187014312.5},"point_estimate":1169629124.5,"standard_error":12614698.748490417},"median_abs_dev":{"confidence_interval":{"confidence_level":0.95,"lower_bound":2452075.8029669523,"upper_bound":78510531.56155944},"point_estimate":38176359.988734126,"standard_error":20382184.438649718},"slope":null,"std_dev":{"confidence_interval":{"confidence_level":0.95,"lower_bound":19880966.38288424,"upper_bound":68928570.53542225},"point_estimate":49831723.848595604,"standard_error":12888089.707927274}}