{"mean":{"confidence_interval":{"confidence_level":0.95,"lower_bound":674961860.67,"upper_bound":713213657.11},"point_estimate":694843643.8,"standard_error":9845733.564672692},"median":{"confidence_interval":{"confidence_level":0.95,"lower_bound":663413434.5,"upper_bound":721035016.0},"point_estimate":701080687.5,"standard_error":14027468.657987826},"median_abs_dev":{"confidence_interval":{"confidence_level":0.95,"lower_bound":2598100.7808744907,"upper_bound":59105973.25775921},"point_estimate":29175344.323334098,"standard_error":13766142.710957993},"slope":null,"std_dev":{"confidence_interval":{"confidence_level":0.95,"lower_bound":17005101.039967798,"upper_bound":40411615.689648926},"point_estimate":32847171.448888555,"standard_error":5929970.067218337}}