{"mean":{"confidence_interval":{"confidence_level":0.95,"lower_bound":14090881717.3,"upper_bound":14230235339.3225},"point_estimate":14156242449.7,"standard_error":35653230.1664693},"median":{"confidence_interval":{"confidence_level":0.95,"lower_bound":14095047753.5,"upper_bound":14246345412.5},"point_estimate":14111928983.5,"standard_error":35686442.35931279},"median_abs_dev":{"confidence_interval":{"confidence_level":0.95,"lower_bound":1513801.2901246548,"upper_bound":193857599.73953962},"point_estimate":64855580.46388328,"standard_error":52070703.42358545},"slope":null,"std_dev":{"confidence_interval":{"confidence_level":0.95,"lower_bound":42289307.53798339,"upper_bound":155734672.126184},"point_estimate":119071176.7007175,"standard_error":27567607.021433197}}