{"mean":{"confidence_interval":{"confidence_level":0.95,"lower_bound":812748421.0275,"upper_bound":817261624.7},"point_estimate":814759171.5,"standard_error":1163260.3771274015},"median":{"confidence_interval":{"confidence_level":0.95,"lower_bound":812331550.0,"upper_bound":816360316.0},"point_estimate":813793310.5,"standard_error":1031662.105445377},"median_abs_dev":{"confidence_interval":{"confidence_level":0.95,"lower_bound":756544.0797686577,"upper_bound":5125380.726206303},"point_estimate":2553842.9477602243,"standard_error":1146151.1851857924},"slope":null,"std_dev":{"confidence_interval":{"confidence_level":0.95,"lower_bound":1398314.1210700872,"upper_bound":5487428.360680596},"point_estimate":3899261.406344091,"standard_error":1187826.006541315}}