{"mean":{"confidence_interval":{"confidence_level":0.95,"lower_bound":1141744743.9215002,"upper_bound":1146975938.47},"point_estimate":1144273120.84,"standard_error":1319518.4288327277},"median":{"confidence_interval":{"confidence_level":0.95,"lower_bound":1143734507.0,"upper_bound":1145693095.0},"point_estimate":1144619992.0,"standard_error":486439.95759626036},"median_abs_dev":{"confidence_interval":{"confidence_level":0.95,"lower_bound":3202791.0409390926,"upper_bound":5925803.834795952},"point_estimate":4548156.371954083,"standard_error":725248.9512910779},"slope":null,"std_dev":{"confidence_interval":{"confidence_level":0.95,"lower_bound":7508452.731667127,"upper_bound":18437694.434443872},"point_estimate":13238154.826571416,"standard_error":2769298.6043819985}}