{"mean":{"confidence_interval":{"confidence_level":0.95,"lower_bound":60878007094.3,"upper_bound":61079162933.3},"point_estimate":60973436779.1,"standard_error":51952010.41349507},"median":{"confidence_interval":{"confidence_level":0.95,"lower_bound":60819015365.0,"upper_bound":61109183371.0},"point_estimate":60938784303.5,"standard_error":66341763.60396673},"median_abs_dev":{"confidence_interval":{"confidence_level":0.95,"lower_bound":43145396.84121609,"upper_bound":294864912.04630136},"point_estimate":163645512.5435114,"standard_error":65306138.342381164},"slope":null,"std_dev":{"confidence_interval":{"confidence_level":0.95,"lower_bound":86692215.41283958,"upper_bound":224089693.6665162},"point_estimate":173918314.10364333,"standard_error":35864091.376270555}}