{"mean":{"confidence_interval":{"confidence_level":0.95,"lower_bound":1575700585.845,"upper_bound":1675316548.6},"point_estimate":1620452205.0,"standard_error":25534414.48894752},"median":{"confidence_interval":{"confidence_level":0.95,"lower_bound":1567543768.0,"upper_bound":1668018204.5},"point_estimate":1588064142.0,"standard_error":24199936.368035648},"median_abs_dev":{"confidence_interval":{"confidence_level":0.95,"lower_bound":2068943.800368905,"upper_bound":122545700.39877892},"point_estimate":66439448.687464,"standard_error":32643934.787489656},"slope":null,"std_dev":{"confidence_interval":{"confidence_level":0.95,"lower_bound":32119742.314742826,"upper_bound":118226765.19836356},"point_estimate":85509630.59859012,"standard_error":24213640.050885666}}