{"mean":{"confidence_interval":{"confidence_level":0.95,"lower_bound":5648948127.2,"upper_bound":5787163155.089999},"point_estimate":5712032304.8,"standard_error":35567945.75779769},"median":{"confidence_interval":{"confidence_level":0.95,"lower_bound":5609387847.0,"upper_bound":5762536114.0},"point_estimate":5713163884.0,"standard_error":44705232.625511415},"median_abs_dev":{"confidence_interval":{"confidence_level":0.95,"lower_bound":18378693.26711297,"upper_bound":196472898.6801088},"point_estimate":97774638.72205317,"standard_error":43967495.82767457},"slope":null,"std_dev":{"confidence_interval":{"confidence_level":0.95,"lower_bound":56381048.59750557,"upper_bound":163995652.49325272},"point_estimate":118512094.48458911,"standard_error":31693359.479000907}}