{"mean":{"confidence_interval":{"confidence_level":0.95,"lower_bound":6930358589.0275,"upper_bound":7079557243.4325},"point_estimate":7006057659.2,"standard_error":38161945.371005505},"median":{"confidence_interval":{"confidence_level":0.95,"lower_bound":6872937892.0,"upper_bound":7133058430.0},"point_estimate":7033220441.0,"standard_error":74935981.86916569},"median_abs_dev":{"confidence_interval":{"confidence_level":0.95,"lower_bound":18061425.768345594,"upper_bound":183799688.96130323},"point_estimate":172163845.54848075,"standard_error":51903937.36809376},"slope":null,"std_dev":{"confidence_interval":{"confidence_level":0.95,"lower_bound":84071609.76401083,"upper_bound":143796185.65228167},"point_estimate":126935821.10736507,"standard_error":15422309.567153402}}