{"mean":{"confidence_interval":{"confidence_level":0.95,"lower_bound":41811953456.6,"upper_bound":41961434156.7},"point_estimate":41889370578.0,"standard_error":38415553.04445188},"median":{"confidence_interval":{"confidence_level":0.95,"lower_bound":41801228531.5,"upper_bound":41993929565.0},"point_estimate":41889765443.5,"standard_error":41060601.469878964},"median_abs_dev":{"confidence_interval":{"confidence_level":0.95,"lower_bound":15292021.680012345,"upper_bound":225219819.79554892},"point_estimate":100927409.8050803,"standard_error":60004492.429952614},"slope":null,"std_dev":{"confidence_interval":{"confidence_level":0.95,"lower_bound":65214144.649626926,"upper_bound":166582362.58142585},"point_estimate":128118646.55791487,"standard_error":26795479.350600887}}