{"mean":{"confidence_interval":{"confidence_level":0.95,"lower_bound":4076767111.26,"upper_bound":4094145867.8475},"point_estimate":4085572715.8,"standard_error":4450946.024236855},"median":{"confidence_interval":{"confidence_level":0.95,"lower_bound":4074338049.0,"upper_bound":4100363310.0},"point_estimate":4086127071.5,"standard_error":6257983.4392415555},"median_abs_dev":{"confidence_interval":{"confidence_level":0.95,"lower_bound":4814786.409920454,"upper_bound":24955897.415444255},"point_estimate":19292525.636789203,"standard_error":5542783.512550733},"slope":null,"std_dev":{"confidence_interval":{"confidence_level":0.95,"lower_bound":8664824.566629073,"upper_bound":18440203.949225336},"point_estimate":14836891.523383481,"standard_error":2497118.7191171106}}