{"mean":{"confidence_interval":{"confidence_level":0.95,"lower_bound":1674638363.2,"upper_bound":1714005975.6},"point_estimate":1692958021.6,"standard_error":10073937.650023926},"median":{"confidence_interval":{"confidence_level":0.95,"lower_bound":1673236202.5,"upper_bound":1714782125.5},"point_estimate":1680175607.0,"standard_error":11989139.449849887},"median_abs_dev":{"confidence_interval":{"confidence_level":0.95,"lower_bound":3625394.302636385,"upper_bound":55298296.25355899},"point_estimate":21490064.96977508,"standard_error":14379417.70974132},"slope":null,"std_dev":{"confidence_interval":{"confidence_level":0.95,"lower_bound":15044521.018455774,"upper_bound":44382346.84054516},"point_estimate":33546289.00112158,"standard_error":7744739.830471181}}