{"mean":{"confidence_interval":{"confidence_level":0.95,"lower_bound":1679113640.1,"upper_bound":1745938429.1},"point_estimate":1712502363.8,"standard_error":17096476.061002307},"median":{"confidence_interval":{"confidence_level":0.95,"lower_bound":1673847505.5,"upper_bound":1750518265.0},"point_estimate":1715545421.0,"standard_error":17789276.0881824},"median_abs_dev":{"confidence_interval":{"confidence_level":0.95,"lower_bound":11817795.49459219,"upper_bound":97128110.23203135},"point_estimate":46620048.53282869,"standard_error":21414497.651442986},"slope":null,"std_dev":{"confidence_interval":{"confidence_level":0.95,"lower_bound":25603629.96952921,"upper_bound":76707916.85410656},"point_estimate":56961625.58406828,"standard_error":12833603.589663412}}