{"mean":{"confidence_interval":{"confidence_level":0.95,"lower_bound":4125875398.68,"upper_bound":4129891803.25},"point_estimate":4127775782.0,"standard_error":1026632.6073253555},"median":{"confidence_interval":{"confidence_level":0.95,"lower_bound":4125847966.5,"upper_bound":4129550410.0},"point_estimate":4127269080.0,"standard_error":836544.3487553264},"median_abs_dev":{"confidence_interval":{"confidence_level":0.95,"lower_bound":5548490.295794606,"upper_bound":9167642.630151808},"point_estimate":7711800.843188167,"standard_error":959010.4917784698},"slope":null,"std_dev":{"confidence_interval":{"confidence_level":0.95,"lower_bound":6438311.04252661,"upper_bound":15028963.083590116},"point_estimate":10384686.748455945,"standard_error":2617349.4430633564}}