{"mean":{"confidence_interval":{"confidence_level":0.95,"lower_bound":4591654442.9475,"upper_bound":4656985740.4925},"point_estimate":4621121964.0,"standard_error":16834694.845906746},"median":{"confidence_interval":{"confidence_level":0.95,"lower_bound":4574691366.0,"upper_bound":4653839106.0},"point_estimate":4607262248.5,"standard_error":17143734.38208653},"median_abs_dev":{"confidence_interval":{"confidence_level":0.95,"lower_bound":1780041.404297948,"upper_bound":83423754.4554323},"point_estimate":49459510.65901816,"standard_error":20760490.73290762},"slope":null,"std_dev":{"confidence_interval":{"confidence_level":0.95,"lower_bound":23503751.632075638,"upper_bound":77591285.97356632},"point_estimate":55952282.99302198,"standard_error":15507756.980330262}}