{"mean":{"confidence_interval":{"confidence_level":0.95,"lower_bound":182291129.54,"upper_bound":182768404.31325},"point_estimate":182498571.06,"standard_error":123427.82673734755},"median":{"confidence_interval":{"confidence_level":0.95,"lower_bound":182228783.0,"upper_bound":182607961.0},"point_estimate":182479341.5,"standard_error":95606.57040789389},"median_abs_dev":{"confidence_interval":{"confidence_level":0.95,"lower_bound":605643.5718476772,"upper_bound":1032679.8074662685},"point_estimate":829055.0792813301,"standard_error":109380.01020467424},"slope":null,"std_dev":{"confidence_interval":{"confidence_level":0.95,"lower_bound":643118.9836871522,"upper_bound":1919457.7975499807},"point_estimate":1247958.0792418981,"standard_error":410542.8370549038}}