{"mean":{"confidence_interval":{"confidence_level":0.95,"lower_bound":98838725.1,"upper_bound":99279032.61},"point_estimate":99056044.91,"standard_error":112690.95098686016},"median":{"confidence_interval":{"confidence_level":0.95,"lower_bound":98739376.0,"upper_bound":99310606.5},"point_estimate":99007793.5,"standard_error":131369.13648192838},"median_abs_dev":{"confidence_interval":{"confidence_level":0.95,"lower_bound":865756.8416297436,"upper_bound":1305678.3536195755},"point_estimate":1066225.1144707203,"standard_error":114108.7137452404},"slope":null,"std_dev":{"confidence_interval":{"confidence_level":0.95,"lower_bound":921920.238317982,"upper_bound":1340986.9138670715},"point_estimate":1131598.281301374,"standard_error":106111.1427797587}}