{"mean":{"confidence_interval":{"confidence_level":0.95,"lower_bound":19173235.32,"upper_bound":19192034.43},"point_estimate":19182212.56,"standard_error":4754.708980616662},"median":{"confidence_interval":{"confidence_level":0.95,"lower_bound":19171715.0,"upper_bound":19187295.0},"point_estimate":19180350.5,"standard_error":3511.108331502705},"median_abs_dev":{"confidence_interval":{"confidence_level":0.95,"lower_bound":27893.63590478897,"upper_bound":47280.1131606102},"point_estimate":36397.08805382252,"standard_error":4638.685495945846},"slope":null,"std_dev":{"confidence_interval":{"confidence_level":0.95,"lower_bound":35894.85337743808,"upper_bound":62186.8093401841},"point_estimate":47944.76163512432,"standard_error":7169.749941565329}}