{"mean":{"confidence_interval":{"confidence_level":0.95,"lower_bound":108975717.25,"upper_bound":109463271.77},"point_estimate":109218644.19,"standard_error":125567.48732521814},"median":{"confidence_interval":{"confidence_level":0.95,"lower_bound":108656155.5,"upper_bound":109436839.0},"point_estimate":108958927.5,"standard_error":191511.9722187277},"median_abs_dev":{"confidence_interval":{"confidence_level":0.95,"lower_bound":887789.0185385942,"upper_bound":1504219.24649477},"point_estimate":1169131.6373437643,"standard_error":164946.21175414266},"slope":null,"std_dev":{"confidence_interval":{"confidence_level":0.95,"lower_bound":1020452.5622607681,"upper_bound":1373038.8129457012},"point_estimate":1207950.7185499861,"standard_error":90601.62230470545}}