{"mean":{"confidence_interval":{"confidence_level":0.95,"lower_bound":2715468165.17,"upper_bound":2718165318.92},"point_estimate":2716884004.42,"standard_error":690095.3504188209},"median":{"confidence_interval":{"confidence_level":0.95,"lower_bound":2715837334.5,"upper_bound":2718605072.0},"point_estimate":2717591261.0,"standard_error":772609.445774171},"median_abs_dev":{"confidence_interval":{"confidence_level":0.95,"lower_bound":3843395.061466098,"upper_bound":6033766.523956715},"point_estimate":5175525.963816047,"standard_error":588006.6050796432},"slope":null,"std_dev":{"confidence_interval":{"confidence_level":0.95,"lower_bound":4403076.873965579,"upper_bound":9505941.921570232},"point_estimate":7077280.332229269,"standard_error":1322707.2890520715}}