{"mean":{"confidence_interval":{"confidence_level":0.95,"lower_bound":1703600437.345,"upper_bound":1714197586.8},"point_estimate":1708857738.0,"standard_error":2722276.8789568855},"median":{"confidence_interval":{"confidence_level":0.95,"lower_bound":1700013520.0,"upper_bound":1718010000.0},"point_estimate":1707944396.0,"standard_error":4990432.488203432},"median_abs_dev":{"confidence_interval":{"confidence_level":0.95,"lower_bound":2425789.305433631,"upper_bound":15141436.965885758},"point_estimate":11755886.567491293,"standard_error":3330795.414235208},"slope":null,"std_dev":{"confidence_interval":{"confidence_level":0.95,"lower_bound":5822218.174820907,"upper_bound":10588872.094220625},"point_estimate":9042621.119724168,"standard_error":1215534.6075933513}}