{"mean":{"confidence_interval":{"confidence_level":0.95,"lower_bound":1326684815.425,"upper_bound":1333045443.2},"point_estimate":1329692444.5,"standard_error":1628568.8727861845},"median":{"confidence_interval":{"confidence_level":0.95,"lower_bound":1326277671.0,"upper_bound":1333325150.0},"point_estimate":1328418937.5,"standard_error":1595606.489601073},"median_abs_dev":{"confidence_interval":{"confidence_level":0.95,"lower_bound":44874.59470331669,"upper_bound":9253812.30431199},"point_estimate":3792945.149561763,"standard_error":2447159.472756611},"slope":null,"std_dev":{"confidence_interval":{"confidence_level":0.95,"lower_bound":2206751.040390748,"upper_bound":6953509.262041835},"point_estimate":5428309.904956325,"standard_error":1171337.0972055567}}