{"mean":{"confidence_interval":{"confidence_level":0.95,"lower_bound":618900245.005,"upper_bound":642905913.8649999},"point_estimate":631370674.6,"standard_error":6161388.472124398},"median":{"confidence_interval":{"confidence_level":0.95,"lower_bound":609294666.0,"upper_bound":647724617.0},"point_estimate":640003832.0,"standard_error":10419912.470449077},"median_abs_dev":{"confidence_interval":{"confidence_level":0.95,"lower_bound":3584961.5774542093,"upper_bound":33156074.102962017},"point_estimate":17913806.99546635,"standard_error":8376348.091195517},"slope":null,"std_dev":{"confidence_interval":{"confidence_level":0.95,"lower_bound":11386376.281311475,"upper_bound":24062056.895147733},"point_estimate":20507178.249796174,"standard_error":3172847.5936808307}}