{"mean":{"confidence_interval":{"confidence_level":0.95,"lower_bound":65655250.48,"upper_bound":66178568.48},"point_estimate":65925101.24,"standard_error":129249.97733609239},"median":{"confidence_interval":{"confidence_level":0.95,"lower_bound":65477064.0,"upper_bound":66116044.0},"point_estimate":65861105.5,"standard_error":189943.54829477996},"median_abs_dev":{"confidence_interval":{"confidence_level":0.95,"lower_bound":842575.649741292,"upper_bound":1495256.1883538961},"point_estimate":1082801.3234764338,"standard_error":172447.5447378037},"slope":null,"std_dev":{"confidence_interval":{"confidence_level":0.95,"lower_bound":1066961.9996640438,"upper_bound":1472731.1596814343},"point_estimate":1280536.8272998529,"standard_error":102137.53806290057}}