{"mean":{"confidence_interval":{"confidence_level":0.95,"lower_bound":1614717303.7,"upper_bound":1634901030.6125},"point_estimate":1625040241.2,"standard_error":5134750.90307413},"median":{"confidence_interval":{"confidence_level":0.95,"lower_bound":1606139933.0,"upper_bound":1638431375.0},"point_estimate":1636564322.0,"standard_error":11290118.155114021},"median_abs_dev":{"confidence_interval":{"confidence_level":0.95,"lower_bound":767293.6708778143,"upper_bound":25847278.773719072},"point_estimate":5324528.743770719,"standard_error":8249109.85709642},"slope":null,"std_dev":{"confidence_interval":{"confidence_level":0.95,"lower_bound":10515022.629124593,"upper_bound":18512779.671795636},"point_estimate":17153486.095485207,"standard_error":2102193.0467616417}}