{"mean":{"confidence_interval":{"confidence_level":0.95,"lower_bound":-0.08743603511709869,"upper_bound":-0.022274595149484377},"point_estimate":-0.05433410705574959,"standard_error":0.016684202197594453},"median":{"confidence_interval":{"confidence_level":0.95,"lower_bound":-0.08969905385066057,"upper_bound":0.004306359372427071},"point_estimate":-0.040813908561469825,"standard_error":0.023900951531623686}}