{"mean":{"confidence_interval":{"confidence_level":0.95,"lower_bound":56512770.76,"upper_bound":56946928.23},"point_estimate":56730408.41,"standard_error":110477.07463258876},"median":{"confidence_interval":{"confidence_level":0.95,"lower_bound":56349109.0,"upper_bound":56940833.5},"point_estimate":56659226.5,"standard_error":152923.0314955221},"median_abs_dev":{"confidence_interval":{"confidence_level":0.95,"lower_bound":840061.90148592,"upper_bound":1399486.9017541409},"point_estimate":1134259.4033628702,"standard_error":131745.37063585542},"slope":null,"std_dev":{"confidence_interval":{"confidence_level":0.95,"lower_bound":949322.7576236887,"upper_bound":1243516.8103513934},"point_estimate":1105388.4273646704,"standard_error":75697.61169245653}}