{"mean":{"confidence_interval":{"confidence_level":0.95,"lower_bound":408008530.4925,"upper_bound":427462211.5},"point_estimate":417367571.9,"standard_error":4969327.261003554},"median":{"confidence_interval":{"confidence_level":0.95,"lower_bound":407725648.0,"upper_bound":426388903.0},"point_estimate":414450629.5,"standard_error":4375694.525709674},"median_abs_dev":{"confidence_interval":{"confidence_level":0.95,"lower_bound":1323853.5466969013,"upper_bound":27074142.85403788},"point_estimate":12312628.803107142,"standard_error":6433309.2515906785},"slope":null,"std_dev":{"confidence_interval":{"confidence_level":0.95,"lower_bound":6746537.772347375,"upper_bound":22803975.172073822},"point_estimate":16579255.015340507,"standard_error":4127671.7039216133}}