{"mean":{"confidence_interval":{"confidence_level":0.95,"lower_bound":837413691.9625001,"upper_bound":857840944.1750001},"point_estimate":847542257.2,"standard_error":5251952.398481021},"median":{"confidence_interval":{"confidence_level":0.95,"lower_bound":834594138.5,"upper_bound":866401228.0},"point_estimate":844557895.0,"standard_error":7524538.175504169},"median_abs_dev":{"confidence_interval":{"confidence_level":0.95,"lower_bound":4286638.338696957,"upper_bound":31504474.782183766},"point_estimate":16626318.660923839,"standard_error":7506779.611725541},"slope":null,"std_dev":{"confidence_interval":{"confidence_level":0.95,"lower_bound":10131994.038408477,"upper_bound":21518970.62071648},"point_estimate":17489139.621018533,"standard_error":2889342.717678293}}