{"mean":{"confidence_interval":{"confidence_level":0.95,"lower_bound":-0.1552735580741855,"upper_bound":-0.14406809442514126},"point_estimate":-0.149468393824288,"standard_error":0.0028759029211731573},"median":{"confidence_interval":{"confidence_level":0.95,"lower_bound":-0.15614580855582005,"upper_bound":-0.14169898408431048},"point_estimate":-0.14528356040188106,"standard_error":0.003935464664585535}}