{"mean":{"confidence_interval":{"confidence_level":0.95,"lower_bound":1751254609.655,"upper_bound":1803441085.7},"point_estimate":1779597066.9,"standard_error":13443546.385326544},"median":{"confidence_interval":{"confidence_level":0.95,"lower_bound":1746451735.0,"upper_bound":1807402037.0},"point_estimate":1793138663.5,"standard_error":14804590.54825096},"median_abs_dev":{"confidence_interval":{"confidence_level":0.95,"lower_bound":6935260.196274519,"upper_bound":69218038.96523416},"point_estimate":24614507.27380514,"standard_error":17221381.400998183},"slope":null,"std_dev":{"confidence_interval":{"confidence_level":0.95,"lower_bound":18349825.993116647,"upper_bound":60960031.98218848},"point_estimate":44923221.31166735,"standard_error":11760590.38317821}}