{"mean":{"confidence_interval":{"confidence_level":0.95,"lower_bound":668541255.67,"upper_bound":722979772.9675},"point_estimate":694858866.6,"standard_error":13971973.024876034},"median":{"confidence_interval":{"confidence_level":0.95,"lower_bound":657089608.5,"upper_bound":731880809.5},"point_estimate":690178778.5,"standard_error":19023636.222236913},"median_abs_dev":{"confidence_interval":{"confidence_level":0.95,"lower_bound":14547884.738123417,"upper_bound":83102987.27942705},"point_estimate":45927495.69182396,"standard_error":17548288.739345707},"slope":null,"std_dev":{"confidence_interval":{"confidence_level":0.95,"lower_bound":25120228.40742818,"upper_bound":58133195.226981096},"point_estimate":46558204.40064999,"standard_error":8471305.73324743}}