{"mean":{"confidence_interval":{"confidence_level":0.95,"lower_bound":213986595.08,"upper_bound":214613104.98925},"point_estimate":214297708.28,"standard_error":159346.9619587091},"median":{"confidence_interval":{"confidence_level":0.95,"lower_bound":213777787.0,"upper_bound":214589490.0},"point_estimate":214166514.0,"standard_error":220312.77946275595},"median_abs_dev":{"confidence_interval":{"confidence_level":0.95,"lower_bound":1265329.3953359127,"upper_bound":2109115.5879557133},"point_estimate":1597667.5228357315,"standard_error":212958.4831183338},"slope":null,"std_dev":{"confidence_interval":{"confidence_level":0.95,"lower_bound":1395648.0449644136,"upper_bound":1781012.8680577693},"point_estimate":1599828.7210909475,"standard_error":98714.29859561723}}