{"mean":{"confidence_interval":{"confidence_level":0.95,"lower_bound":514487302.5,"upper_bound":518226571.9},"point_estimate":516392958.9,"standard_error":955689.866900593},"median":{"confidence_interval":{"confidence_level":0.95,"lower_bound":514035041.0,"upper_bound":519056999.5},"point_estimate":516580617.5,"standard_error":1686316.088532651},"median_abs_dev":{"confidence_interval":{"confidence_level":0.95,"lower_bound":442381.1453461647,"upper_bound":5501194.615334272},"point_estimate":3722611.3481104374,"standard_error":1321126.3539465026},"slope":null,"std_dev":{"confidence_interval":{"confidence_level":0.95,"lower_bound":1969548.3350040908,"upper_bound":3942863.2492637234},"point_estimate":3171236.121875802,"standard_error":522485.02034307906}}