{"mean":{"confidence_interval":{"confidence_level":0.95,"lower_bound":76357041.6,"upper_bound":76506519.09},"point_estimate":76431762.36,"standard_error":38153.50567490261},"median":{"confidence_interval":{"confidence_level":0.95,"lower_bound":76351182.0,"upper_bound":76569896.0},"point_estimate":76450351.0,"standard_error":66399.04146012329},"median_abs_dev":{"confidence_interval":{"confidence_level":0.95,"lower_bound":376637.4734133482,"upper_bound":569870.6583827734},"point_estimate":492360.3317588568,"standard_error":48430.7234392665},"slope":null,"std_dev":{"confidence_interval":{"confidence_level":0.95,"lower_bound":346593.7968292071,"upper_bound":420380.2306016024},"point_estimate":386137.58834566263,"standard_error":18926.394498292102}}