{"mean":{"confidence_interval":{"confidence_level":0.95,"lower_bound":370191637.5,"upper_bound":372643161.87375},"point_estimate":371336655.0,"standard_error":629620.748188206},"median":{"confidence_interval":{"confidence_level":0.95,"lower_bound":369980585.5,"upper_bound":373354090.5},"point_estimate":370477119.25,"standard_error":825896.1885409435},"median_abs_dev":{"confidence_interval":{"confidence_level":0.95,"lower_bound":120159.16811674833,"upper_bound":3168763.518293202},"point_estimate":872376.6505122185,"standard_error":834194.4303828193},"slope":null,"std_dev":{"confidence_interval":{"confidence_level":0.95,"lower_bound":641804.2288885813,"upper_bound":2575768.3737011603},"point_estimate":2107133.6670209393,"standard_error":429926.2049709119}}