{"mean":{"confidence_interval":{"confidence_level":0.95,"lower_bound":46861369.42,"upper_bound":47002775.42},"point_estimate":46931144.58,"standard_error":36091.514937364656},"median":{"confidence_interval":{"confidence_level":0.95,"lower_bound":46805476.0,"upper_bound":47036033.0},"point_estimate":46980859.0,"standard_error":61296.8465578995},"median_abs_dev":{"confidence_interval":{"confidence_level":0.95,"lower_bound":283569.4839656353,"upper_bound":487803.56073975563},"point_estimate":406229.427587986,"standard_error":52618.06968183859},"slope":null,"std_dev":{"confidence_interval":{"confidence_level":0.95,"lower_bound":310710.58886076225,"upper_bound":416356.0098346174},"point_estimate":365297.3282789251,"standard_error":27089.84981427202}}