{"mean":{"confidence_interval":{"confidence_level":0.95,"lower_bound":44559436.51,"upper_bound":44713316.8},"point_estimate":44636521.88,"standard_error":39150.76452302681},"median":{"confidence_interval":{"confidence_level":0.95,"lower_bound":44557653.0,"upper_bound":44694232.5},"point_estimate":44628798.0,"standard_error":35127.254207981736},"median_abs_dev":{"confidence_interval":{"confidence_level":0.95,"lower_bound":258555.05720973015,"upper_bound":621617.8452640772},"point_estimate":409222.79693484306,"standard_error":106445.61631899138},"slope":null,"std_dev":{"confidence_interval":{"confidence_level":0.95,"lower_bound":347854.8777607706,"upper_bound":433256.17454368476},"point_estimate":393454.0193515174,"standard_error":21713.05331725732}}