{"mean":{"confidence_interval":{"confidence_level":0.95,"lower_bound":1149008257.065,"upper_bound":1152209278.6},"point_estimate":1150638924.0,"standard_error":820245.2158878165},"median":{"confidence_interval":{"confidence_level":0.95,"lower_bound":1148717498.0,"upper_bound":1153020075.0},"point_estimate":1150704438.5,"standard_error":1005618.4261598615},"median_abs_dev":{"confidence_interval":{"confidence_level":0.95,"lower_bound":433853.9715975523,"upper_bound":4937570.891940594},"point_estimate":3189500.273475051,"standard_error":1201015.2939907452},"slope":null,"std_dev":{"confidence_interval":{"confidence_level":0.95,"lower_bound":1529137.7233127318,"upper_bound":3401358.054201771},"point_estimate":2738766.48153065,"standard_error":479950.16754819674}}