{"mean":{"confidence_interval":{"confidence_level":0.95,"lower_bound":-0.02136059565429759,"upper_bound":0.011057941285671674},"point_estimate":-0.005276149404950803,"standard_error":0.00825810563095799},"median":{"confidence_interval":{"confidence_level":0.95,"lower_bound":-0.029921308942362446,"upper_bound":0.014714015480222553},"point_estimate":-0.007279471961559203,"standard_error":0.012378725903726046}}