{"mean":{"confidence_interval":{"confidence_level":0.95,"lower_bound":230403762.86375,"upper_bound":237936259.15},"point_estimate":234138413.75,"standard_error":1926111.7077371774},"median":{"confidence_interval":{"confidence_level":0.95,"lower_bound":228810006.0,"upper_bound":239309958.0},"point_estimate":233486761.25,"standard_error":2477081.6268832968},"median_abs_dev":{"confidence_interval":{"confidence_level":0.95,"lower_bound":421150.68437308073,"upper_bound":11703728.70041728},"point_estimate":7330870.130901039,"standard_error":2719858.7022195742},"slope":null,"std_dev":{"confidence_interval":{"confidence_level":0.95,"lower_bound":3730113.880845155,"upper_bound":7949459.207284312},"point_estimate":6419829.795371734,"standard_error":1085517.4812294138}}