{"mean":{"confidence_interval":{"confidence_level":0.95,"lower_bound":3490145824.5525002,"upper_bound":3573920621.2},"point_estimate":3529711703.8,"standard_error":21373907.6091894},"median":{"confidence_interval":{"confidence_level":0.95,"lower_bound":3484246528.0,"upper_bound":3567452890.0},"point_estimate":3519164166.0,"standard_error":22363238.494957384},"median_abs_dev":{"confidence_interval":{"confidence_level":0.95,"lower_bound":14107303.469145298,"upper_bound":114018694.18396354},"point_estimate":60260496.096262336,"standard_error":24138063.42035139},"slope":null,"std_dev":{"confidence_interval":{"confidence_level":0.95,"lower_bound":31186027.64205802,"upper_bound":98280335.6988772},"point_estimate":71300428.07548346,"standard_error":18027835.285331964}}