{"mean":{"confidence_interval":{"confidence_level":0.95,"lower_bound":10132838730.5725,"upper_bound":10417828894.317501},"point_estimate":10259484426.3,"standard_error":74067603.63250858},"median":{"confidence_interval":{"confidence_level":0.95,"lower_bound":10103835089.5,"upper_bound":10386080313.5},"point_estimate":10173449075.5,"standard_error":59154576.0984769},"median_abs_dev":{"confidence_interval":{"confidence_level":0.95,"lower_bound":19641804.69288826,"upper_bound":337716653.2759309},"point_estimate":123462802.6426971,"standard_error":79397374.49288273},"slope":null,"std_dev":{"confidence_interval":{"confidence_level":0.95,"lower_bound":68405840.65015566,"upper_bound":340316463.7365917},"point_estimate":247241443.9492328,"standard_error":74231993.34763809}}