{"mean":{"confidence_interval":{"confidence_level":0.95,"lower_bound":486298558.1,"upper_bound":487973428.75},"point_estimate":487151704.85,"standard_error":430011.3792987872},"median":{"confidence_interval":{"confidence_level":0.95,"lower_bound":485857151.5,"upper_bound":488355558.25},"point_estimate":487328886.25,"standard_error":711840.6022566728},"median_abs_dev":{"confidence_interval":{"confidence_level":0.95,"lower_bound":160067.05290824175,"upper_bound":2344122.8804335},"point_estimate":1549516.3821905851,"standard_error":549689.4983712742},"slope":null,"std_dev":{"confidence_interval":{"confidence_level":0.95,"lower_bound":862990.7862119338,"upper_bound":1763442.7135215893},"point_estimate":1432208.039422347,"standard_error":230686.6492934102}}