{"mean":{"confidence_interval":{"confidence_level":0.95,"lower_bound":23856074649.5,"upper_bound":24040298400.13},"point_estimate":23947664560.9,"standard_error":46973005.30902619},"median":{"confidence_interval":{"confidence_level":0.95,"lower_bound":23826766630.0,"upper_bound":24052349597.0},"point_estimate":23957752262.5,"standard_error":49683584.62120355},"median_abs_dev":{"confidence_interval":{"confidence_level":0.95,"lower_bound":22180371.671819687,"upper_bound":257563526.22323334},"point_estimate":136649957.8662783,"standard_error":66812671.38379864},"slope":null,"std_dev":{"confidence_interval":{"confidence_level":0.95,"lower_bound":76515184.18607232,"upper_bound":206106259.5185234},"point_estimate":156694444.91421565,"standard_error":32821235.51097591}}