{"mean":{"confidence_interval":{"confidence_level":0.95,"lower_bound":1905145773.02,"upper_bound":1908149698.28},"point_estimate":1906335432.41,"standard_error":802308.2895679598},"median":{"confidence_interval":{"confidence_level":0.95,"lower_bound":1904499390.0,"upper_bound":1906127575.0},"point_estimate":1905461713.5,"standard_error":480093.25186863926},"median_abs_dev":{"confidence_interval":{"confidence_level":0.95,"lower_bound":2168977.04449296,"upper_bound":3543323.498493433},"point_estimate":2982745.776745677,"standard_error":353560.9886355923},"slope":null,"std_dev":{"confidence_interval":{"confidence_level":0.95,"lower_bound":2598009.8585189367,"upper_bound":13175358.538878724},"point_estimate":8025007.837683288,"standard_error":3564507.500531678}}