{"mean":{"confidence_interval":{"confidence_level":0.95,"lower_bound":4742629695.405,"upper_bound":4752699817.9800005},"point_estimate":4747618449.8,"standard_error":2584307.769077749},"median":{"confidence_interval":{"confidence_level":0.95,"lower_bound":4739914996.0,"upper_bound":4754296871.0},"point_estimate":4748147262.5,"standard_error":4016582.8325015474},"median_abs_dev":{"confidence_interval":{"confidence_level":0.95,"lower_bound":2706277.2053539753,"upper_bound":14659502.27714181},"point_estimate":10417439.047953486,"standard_error":3068648.822469126},"slope":null,"std_dev":{"confidence_interval":{"confidence_level":0.95,"lower_bound":5200459.167116866,"upper_bound":10625449.083468799},"point_estimate":8620778.203548625,"standard_error":1389177.8882064368}}