{"mean":{"confidence_interval":{"confidence_level":0.95,"lower_bound":40240516.82,"upper_bound":40327126.517249994},"point_estimate":40282886.57,"standard_error":22316.52294791122},"median":{"confidence_interval":{"confidence_level":0.95,"lower_bound":40227555.0,"upper_bound":40345925.0},"point_estimate":40282299.5,"standard_error":34954.91669552816},"median_abs_dev":{"confidence_interval":{"confidence_level":0.95,"lower_bound":157480.4163316638,"upper_bound":242381.37409687042},"point_estimate":189718.6817318201,"standard_error":21730.98777059348},"slope":null,"std_dev":{"confidence_interval":{"confidence_level":0.95,"lower_bound":176019.53334489657,"upper_bound":275085.63110090187},"point_estimate":223795.4152411408,"standard_error":25813.05070497459}}