{"mean":{"confidence_interval":{"confidence_level":0.95,"lower_bound":823327081.445,"upper_bound":827981590.2},"point_estimate":825756460.9,"standard_error":1204707.3121511843},"median":{"confidence_interval":{"confidence_level":0.95,"lower_bound":822123144.0,"upper_bound":828984301.0},"point_estimate":826839920.0,"standard_error":1762112.7330714287},"median_abs_dev":{"confidence_interval":{"confidence_level":0.95,"lower_bound":1038360.389265418,"upper_bound":6407717.025840282},"point_estimate":3647098.083651066,"standard_error":1470805.7005926832},"slope":null,"std_dev":{"confidence_interval":{"confidence_level":0.95,"lower_bound":2122268.9899051283,"upper_bound":5011506.095752311},"point_estimate":4015710.6035303236,"standard_error":729349.3776387017}}