{"mean":{"confidence_interval":{"confidence_level":0.95,"lower_bound":106241645.57,"upper_bound":106409169.66},"point_estimate":106323590.03,"standard_error":42914.55300209641},"median":{"confidence_interval":{"confidence_level":0.95,"lower_bound":106144116.0,"upper_bound":106429674.0},"point_estimate":106227825.5,"standard_error":76489.91021479365},"median_abs_dev":{"confidence_interval":{"confidence_level":0.95,"lower_bound":358008.6047440767,"upper_bound":529313.3948028088},"point_estimate":468023.45319092274,"standard_error":43090.31396945614},"slope":null,"std_dev":{"confidence_interval":{"confidence_level":0.95,"lower_bound":363874.6821342494,"upper_bound":501212.56536783226},"point_estimate":432623.1295868544,"standard_error":34874.324999264405}}