{"mean":{"confidence_interval":{"confidence_level":0.95,"lower_bound":-0.01646544530968938,"upper_bound":0.06580202506094375},"point_estimate":0.023295279538844138,"standard_error":0.02079575739301903},"median":{"confidence_interval":{"confidence_level":0.95,"lower_bound":-0.038142688670932734,"upper_bound":0.08384839922504406},"point_estimate":0.000550222805210554,"standard_error":0.03210332522687347}}