{"mean":{"confidence_interval":{"confidence_level":0.95,"lower_bound":1222825701.92,"upper_bound":1223585005.97},"point_estimate":1223199519.0,"standard_error":189608.1883521531},"median":{"confidence_interval":{"confidence_level":0.95,"lower_bound":1222486765.0,"upper_bound":1223398004.0},"point_estimate":1222828113.0,"standard_error":245043.25393818808},"median_abs_dev":{"confidence_interval":{"confidence_level":0.95,"lower_bound":1259266.302743554,"upper_bound":2111392.1202152967},"point_estimate":1718289.632794261,"standard_error":216123.74180200495},"slope":null,"std_dev":{"confidence_interval":{"confidence_level":0.95,"lower_bound":1534465.3053860904,"upper_bound":2348108.7222320302},"point_estimate":1927885.1278840357,"standard_error":210157.06491081382}}