{"mean":{"confidence_interval":{"confidence_level":0.95,"lower_bound":201691646.75166667,"upper_bound":207694392.3983333},"point_estimate":204790015.46666664,"standard_error":1539303.5377486101},"median":{"confidence_interval":{"confidence_level":0.95,"lower_bound":200999892.3333333,"upper_bound":207584253.1666667},"point_estimate":206158986.0,"standard_error":1803636.5631537014},"median_abs_dev":{"confidence_interval":{"confidence_level":0.95,"lower_bound":27706.82830810547,"upper_bound":8487978.253108263},"point_estimate":2238078.558266178,"standard_error":2405135.8002945906},"slope":null,"std_dev":{"confidence_interval":{"confidence_level":0.95,"lower_bound":2346491.8592855735,"upper_bound":6632163.425008683},"point_estimate":5123885.835114047,"standard_error":1047180.6930541332}}