{"mean":{"confidence_interval":{"confidence_level":0.95,"lower_bound":2737117281.8,"upper_bound":2748515624.0},"point_estimate":2742318391.1,"standard_error":2936462.135013076},"median":{"confidence_interval":{"confidence_level":0.95,"lower_bound":2733810529.0,"upper_bound":2747615760.0},"point_estimate":2740536943.5,"standard_error":3205179.8736652415},"median_abs_dev":{"confidence_interval":{"confidence_level":0.95,"lower_bound":1482468.0222809315,"upper_bound":14365311.44696474},"point_estimate":8406585.738453269,"standard_error":3361521.0404111897},"slope":null,"std_dev":{"confidence_interval":{"confidence_level":0.95,"lower_bound":4138498.3100038003,"upper_bound":13492600.818450462},"point_estimate":9843307.58196834,"standard_error":2659965.390982432}}