{"mean":{"confidence_interval":{"confidence_level":0.95,"lower_bound":1040255133.8325,"upper_bound":1042889379.2},"point_estimate":1041483611.5,"standard_error":672967.1419516511},"median":{"confidence_interval":{"confidence_level":0.95,"lower_bound":1039827407.5,"upper_bound":1042566524.5},"point_estimate":1041594000.0,"standard_error":717764.2663748246},"median_abs_dev":{"confidence_interval":{"confidence_level":0.95,"lower_bound":183482.12494254112,"upper_bound":3530327.0271241665},"point_estimate":2148021.976464987,"standard_error":827155.5887786574},"slope":null,"std_dev":{"confidence_interval":{"confidence_level":0.95,"lower_bound":1003542.4388145336,"upper_bound":3067645.5436073514},"point_estimate":2237825.446629247,"standard_error":573161.1836389452}}