{"mean":{"confidence_interval":{"confidence_level":0.95,"lower_bound":70830978.59025,"upper_bound":70917185.52},"point_estimate":70873956.56,"standard_error":22241.651641278422},"median":{"confidence_interval":{"confidence_level":0.95,"lower_bound":70806710.0,"upper_bound":70905034.0},"point_estimate":70852600.0,"standard_error":25873.362305804403},"median_abs_dev":{"confidence_interval":{"confidence_level":0.95,"lower_bound":162411.41411662102,"upper_bound":278385.5731576681},"point_estimate":193958.91765654087,"standard_error":30392.71114804799},"slope":null,"std_dev":{"confidence_interval":{"confidence_level":0.95,"lower_bound":190035.06536025726,"upper_bound":256370.4797397974},"point_estimate":224436.8512792132,"standard_error":17090.788321716405}}