{"mean":{"confidence_interval":{"confidence_level":0.95,"lower_bound":514306568.44,"upper_bound":519619402.0},"point_estimate":517053542.8,"standard_error":1364523.9107190042},"median":{"confidence_interval":{"confidence_level":0.95,"lower_bound":513506832.5,"upper_bound":519989592.0},"point_estimate":517705566.0,"standard_error":1484966.3352946592},"median_abs_dev":{"confidence_interval":{"confidence_level":0.95,"lower_bound":963397.9106962681,"upper_bound":7976489.416489005},"point_estimate":3273809.0622782707,"standard_error":1839220.6618870853},"slope":null,"std_dev":{"confidence_interval":{"confidence_level":0.95,"lower_bound":2121724.321648147,"upper_bound":5835328.508256839},"point_estimate":4550118.021399636,"standard_error":931957.1681679604}}