{"mean":{"confidence_interval":{"confidence_level":0.95,"lower_bound":4030697126.1,"upper_bound":4144750854.4},"point_estimate":4085627665.4,"standard_error":29158142.447301693},"median":{"confidence_interval":{"confidence_level":0.95,"lower_bound":3993339683.0,"upper_bound":4177619833.0},"point_estimate":4070763177.0,"standard_error":41874777.84903975},"median_abs_dev":{"confidence_interval":{"confidence_level":0.95,"lower_bound":19851871.31795883,"upper_bound":158774897.3489821},"point_estimate":126003245.11059523,"standard_error":38392361.18891451},"slope":null,"std_dev":{"confidence_interval":{"confidence_level":0.95,"lower_bound":52822667.034269765,"upper_bound":121451029.57201274},"point_estimate":97178614.0671578,"standard_error":17371289.491901904}}