{"mean":{"confidence_interval":{"confidence_level":0.95,"lower_bound":269447587.40749997,"upper_bound":279648970.75},"point_estimate":274824269.85,"standard_error":2614156.6420615013},"median":{"confidence_interval":{"confidence_level":0.95,"lower_bound":268596314.75,"upper_bound":280959149.25},"point_estimate":277482122.0,"standard_error":2976665.58640831},"median_abs_dev":{"confidence_interval":{"confidence_level":0.95,"lower_bound":254625.05532950163,"upper_bound":14658581.953208148},"point_estimate":6299327.848264575,"standard_error":3572985.5533646857},"slope":null,"std_dev":{"confidence_interval":{"confidence_level":0.95,"lower_bound":3834404.14693534,"upper_bound":11080387.158921821},"point_estimate":8712770.45891019,"standard_error":1811488.0076288986}}