{"mean":{"confidence_interval":{"confidence_level":0.95,"lower_bound":1111551073.9,"upper_bound":1214518547.5225},"point_estimate":1159921669.6,"standard_error":26464366.593986068},"median":{"confidence_interval":{"confidence_level":0.95,"lower_bound":1095186197.0,"upper_bound":1270636245.0},"point_estimate":1124672708.5,"standard_error":41302048.59342682},"median_abs_dev":{"confidence_interval":{"confidence_level":0.95,"lower_bound":15383229.006493092,"upper_bound":135685991.37849212},"point_estimate":53555784.64369476,"standard_error":31904820.670636714},"slope":null,"std_dev":{"confidence_interval":{"confidence_level":0.95,"lower_bound":31880425.54556493,"upper_bound":103453133.93098362},"point_estimate":88312256.54315053,"standard_error":15368122.995184774}}