{"mean":{"confidence_interval":{"confidence_level":0.95,"lower_bound":79237802.49,"upper_bound":80023680.28},"point_estimate":79599942.34,"standard_error":201930.63337417739},"median":{"confidence_interval":{"confidence_level":0.95,"lower_bound":78996870.0,"upper_bound":79820402.5},"point_estimate":79489236.0,"standard_error":219434.06340189392},"median_abs_dev":{"confidence_interval":{"confidence_level":0.95,"lower_bound":1243253.4817278385,"upper_bound":2037468.2029277086},"point_estimate":1602039.7101581097,"standard_error":207874.82963926694},"slope":null,"std_dev":{"confidence_interval":{"confidence_level":0.95,"lower_bound":1438277.2591533244,"upper_bound":2828147.622442166},"point_estimate":2068979.6455940616,"standard_error":404552.13464764616}}