{"mean":{"confidence_interval":{"confidence_level":0.95,"lower_bound":402025647.1,"upper_bound":414857448.2},"point_estimate":408289406.7,"standard_error":3275751.618739747},"median":{"confidence_interval":{"confidence_level":0.95,"lower_bound":400090055.0,"upper_bound":415115714.5},"point_estimate":407295132.0,"standard_error":2821033.781442247},"median_abs_dev":{"confidence_interval":{"confidence_level":0.95,"lower_bound":926641.2921488285,"upper_bound":19485331.09166622},"point_estimate":5396123.496499658,"standard_error":5484044.928350269},"slope":null,"std_dev":{"confidence_interval":{"confidence_level":0.95,"lower_bound":5086551.868160352,"upper_bound":14492822.032688407},"point_estimate":10931335.689019904,"standard_error":2436259.0168807777}}