{"mean":{"confidence_interval":{"confidence_level":0.95,"lower_bound":81445807.01,"upper_bound":81997514.46},"point_estimate":81715931.05,"standard_error":139881.34731473328},"median":{"confidence_interval":{"confidence_level":0.95,"lower_bound":81159183.5,"upper_bound":81940882.0},"point_estimate":81334077.0,"standard_error":201520.75051846143},"median_abs_dev":{"confidence_interval":{"confidence_level":0.95,"lower_bound":1016417.1683549881,"upper_bound":1725168.1553721428},"point_estimate":1247991.1299437284,"standard_error":174447.7284500193},"slope":null,"std_dev":{"confidence_interval":{"confidence_level":0.95,"lower_bound":1212943.957867257,"upper_bound":1582062.8133002454},"point_estimate":1410322.8646027907,"standard_error":94291.02125884699}}