{"mean":{"confidence_interval":{"confidence_level":0.95,"lower_bound":979313138.275,"upper_bound":1029828728.8},"point_estimate":1002386547.6,"standard_error":13031275.68722521},"median":{"confidence_interval":{"confidence_level":0.95,"lower_bound":978608361.5,"upper_bound":1026778227.0},"point_estimate":988207373.0,"standard_error":10515978.061814306},"median_abs_dev":{"confidence_interval":{"confidence_level":0.95,"lower_bound":950018.1872338057,"upper_bound":64693246.14496529},"point_estimate":27475103.8626194,"standard_error":16688162.736893445},"slope":null,"std_dev":{"confidence_interval":{"confidence_level":0.95,"lower_bound":14416555.271124575,"upper_bound":59858971.34733516},"point_estimate":43472718.14543815,"standard_error":12263347.907149622}}