{"mean":{"confidence_interval":{"confidence_level":0.95,"lower_bound":1703393134.6275,"upper_bound":1715658163.485},"point_estimate":1709393829.5,"standard_error":3143075.770558241},"median":{"confidence_interval":{"confidence_level":0.95,"lower_bound":1700623871.5,"upper_bound":1719243944.0},"point_estimate":1709439676.5,"standard_error":4587656.520264675},"median_abs_dev":{"confidence_interval":{"confidence_level":0.95,"lower_bound":743956.0646921396,"upper_bound":19122812.417802215},"point_estimate":11085000.442501903,"standard_error":4718628.212590045},"slope":null,"std_dev":{"confidence_interval":{"confidence_level":0.95,"lower_bound":5740904.727172404,"upper_bound":12923006.10676134},"point_estimate":10475347.987665785,"standard_error":1827444.1209729782}}