{"mean":{"confidence_interval":{"confidence_level":0.95,"lower_bound":870788159.8575,"upper_bound":883092615.0575},"point_estimate":877089275.7,"standard_error":3146605.6296804966},"median":{"confidence_interval":{"confidence_level":0.95,"lower_bound":868225890.5,"upper_bound":887217213.0},"point_estimate":876972387.5,"standard_error":5039340.903959238},"median_abs_dev":{"confidence_interval":{"confidence_level":0.95,"lower_bound":2903566.783851385,"upper_bound":18041919.200491905},"point_estimate":12612834.541377425,"standard_error":4009240.0224730065},"slope":null,"std_dev":{"confidence_interval":{"confidence_level":0.95,"lower_bound":6337714.2956158575,"upper_bound":12665672.050933817},"point_estimate":10470909.160661362,"standard_error":1616976.8478103802}}