{"mean":{"confidence_interval":{"confidence_level":0.95,"lower_bound":67524776.5,"upper_bound":68097254.23924999},"point_estimate":67804865.84,"standard_error":144935.29609084447},"median":{"confidence_interval":{"confidence_level":0.95,"lower_bound":67413832.0,"upper_bound":68078411.0},"point_estimate":67799684.0,"standard_error":168362.1352334881},"median_abs_dev":{"confidence_interval":{"confidence_level":0.95,"lower_bound":1048930.5857777596,"upper_bound":1709258.3750545979},"point_estimate":1425083.9902997017,"standard_error":169669.44693253937},"slope":null,"std_dev":{"confidence_interval":{"confidence_level":0.95,"lower_bound":1161529.9459178222,"upper_bound":1788310.0134854342},"point_estimate":1458788.8847448574,"standard_error":164329.20155187405}}