{"mean":{"confidence_interval":{"confidence_level":0.95,"lower_bound":78976725.34,"upper_bound":79448537.5},"point_estimate":79225552.98,"standard_error":121398.67378791115},"median":{"confidence_interval":{"confidence_level":0.95,"lower_bound":78947405.5,"upper_bound":79659728.5},"point_estimate":79222092.5,"standard_error":222488.54248178448},"median_abs_dev":{"confidence_interval":{"confidence_level":0.95,"lower_bound":1039878.5716384649,"upper_bound":1613046.5323626995},"point_estimate":1290673.7005859613,"standard_error":139502.08218333896},"slope":null,"std_dev":{"confidence_interval":{"confidence_level":0.95,"lower_bound":1081888.4816080322,"upper_bound":1356472.4761864517},"point_estimate":1222439.2782280217,"standard_error":71779.23866042458}}