{"mean":{"confidence_interval":{"confidence_level":0.95,"lower_bound":114679342.35,"upper_bound":114760633.2},"point_estimate":114719612.93,"standard_error":20723.093065148863},"median":{"confidence_interval":{"confidence_level":0.95,"lower_bound":114658708.0,"upper_bound":114774197.0},"point_estimate":114700627.0,"standard_error":29159.499929730435},"median_abs_dev":{"confidence_interval":{"confidence_level":0.95,"lower_bound":161758.3288282156,"upper_bound":256060.3418315199},"point_estimate":200666.94123744965,"standard_error":24954.665831965805},"slope":null,"std_dev":{"confidence_interval":{"confidence_level":0.95,"lower_bound":177845.31812509365,"upper_bound":237518.4219474293},"point_estimate":208354.40498596535,"standard_error":15257.208930657775}}