{"mean":{"confidence_interval":{"confidence_level":0.95,"lower_bound":74003284.21,"upper_bound":74620897.89},"point_estimate":74316450.27,"standard_error":159824.89606508106},"median":{"confidence_interval":{"confidence_level":0.95,"lower_bound":73775111.0,"upper_bound":74530337.0},"point_estimate":74156669.5,"standard_error":216369.82311266437},"median_abs_dev":{"confidence_interval":{"confidence_level":0.95,"lower_bound":1051750.4909276962,"upper_bound":1733830.9870183468},"point_estimate":1373153.7023216486,"standard_error":172600.28663913102},"slope":null,"std_dev":{"confidence_interval":{"confidence_level":0.95,"lower_bound":1304102.3580425559,"upper_bound":1779498.8423765893},"point_estimate":1552669.1284165392,"standard_error":120845.22058699527}}