{"mean":{"confidence_interval":{"confidence_level":0.95,"lower_bound":498967607.405,"upper_bound":502452373.2775},"point_estimate":500618285.4,"standard_error":888919.601667308},"median":{"confidence_interval":{"confidence_level":0.95,"lower_bound":498829458.0,"upper_bound":501638071.0},"point_estimate":500726498.5,"standard_error":667513.6734895571},"median_abs_dev":{"confidence_interval":{"confidence_level":0.95,"lower_bound":236708.2052975893,"upper_bound":4490543.27827692},"point_estimate":1432308.6999714375,"standard_error":1121459.8190003978},"slope":null,"std_dev":{"confidence_interval":{"confidence_level":0.95,"lower_bound":1033578.1852493255,"upper_bound":4187374.98743824},"point_estimate":2948666.2321033743,"standard_error":830271.8865234514}}