{"mean":{"confidence_interval":{"confidence_level":0.95,"lower_bound":3006940628.1,"upper_bound":3302613459.66},"point_estimate":3154735797.2,"standard_error":77169120.67216985},"median":{"confidence_interval":{"confidence_level":0.95,"lower_bound":2908362776.0,"upper_bound":3401414911.0},"point_estimate":3157540361.0,"standard_error":202444592.10361776},"median_abs_dev":{"confidence_interval":{"confidence_level":0.95,"lower_bound":7783691.374611855,"upper_bound":373227360.7811898},"point_estimate":365499541.186586,"standard_error":141430230.4524249},"slope":null,"std_dev":{"confidence_interval":{"confidence_level":0.95,"lower_bound":197213651.09850916,"upper_bound":262417667.6403739},"point_estimate":256555561.7052014,"standard_error":22031281.543330107}}