{"mean":{"confidence_interval":{"confidence_level":0.95,"lower_bound":1183472157.6975,"upper_bound":1242915733.2825},"point_estimate":1212239924.3,"standard_error":15303344.803186717},"median":{"confidence_interval":{"confidence_level":0.95,"lower_bound":1165859420.5,"upper_bound":1252774639.0},"point_estimate":1209777983.5,"standard_error":24431167.28334775},"median_abs_dev":{"confidence_interval":{"confidence_level":0.95,"lower_bound":1606638.7352764606,"upper_bound":83468024.14934635},"point_estimate":63661507.78848231,"standard_error":23995554.556665123},"slope":null,"std_dev":{"confidence_interval":{"confidence_level":0.95,"lower_bound":26469283.224265244,"upper_bound":61075585.41654576},"point_estimate":50956320.5214758,"standard_error":8414037.181003818}}