{"mean":{"confidence_interval":{"confidence_level":0.95,"lower_bound":5564035878.2,"upper_bound":5571292004.3},"point_estimate":5567753370.0,"standard_error":1856858.0391093392},"median":{"confidence_interval":{"confidence_level":0.95,"lower_bound":5561861638.5,"upper_bound":5573473239.5},"point_estimate":5569370312.0,"standard_error":3901538.219362523},"median_abs_dev":{"confidence_interval":{"confidence_level":0.95,"lower_bound":547123.1269866228,"upper_bound":9658192.9297328},"point_estimate":6767214.1609579325,"standard_error":2890883.420670046},"slope":null,"std_dev":{"confidence_interval":{"confidence_level":0.95,"lower_bound":4016279.981839515,"upper_bound":7134504.585231998},"point_estimate":6182585.807803075,"standard_error":795745.6209577865}}