{"mean":{"confidence_interval":{"confidence_level":0.95,"lower_bound":95851679075.67,"upper_bound":96441633965.805},"point_estimate":96158710125.6,"standard_error":151273510.84772193},"median":{"confidence_interval":{"confidence_level":0.95,"lower_bound":95641042108.0,"upper_bound":96530771313.0},"point_estimate":96278084514.5,"standard_error":192637712.7198287},"median_abs_dev":{"confidence_interval":{"confidence_level":0.95,"lower_bound":57269905.14175594,"upper_bound":835229085.1777196},"point_estimate":468446237.3298168,"standard_error":225277443.3582247},"slope":null,"std_dev":{"confidence_interval":{"confidence_level":0.95,"lower_bound":243029864.9567116,"upper_bound":627239276.5378895},"point_estimate":503883287.39824164,"standard_error":93178046.64946501}}