{"mean":{"confidence_interval":{"confidence_level":0.95,"lower_bound":0.04881647748833938,"upper_bound":0.057974062808806785},"point_estimate":0.05337155050547615,"standard_error":0.0023314437500145603},"median":{"confidence_interval":{"confidence_level":0.95,"lower_bound":0.049944768181596544,"upper_bound":0.05940174507075801},"point_estimate":0.05386162104410941,"standard_error":0.002489545742865689}}