{"mean":{"confidence_interval":{"confidence_level":0.95,"lower_bound":23353131230.8,"upper_bound":23449179317.005},"point_estimate":23398565651.7,"standard_error":24683745.343891904},"median":{"confidence_interval":{"confidence_level":0.95,"lower_bound":23341538548.0,"upper_bound":23480876004.5},"point_estimate":23361471436.0,"standard_error":37299263.90103735},"median_abs_dev":{"confidence_interval":{"confidence_level":0.95,"lower_bound":5971410.092586279,"upper_bound":138015589.59763348},"point_estimate":63150008.573663235,"standard_error":38847119.37195202},"slope":null,"std_dev":{"confidence_interval":{"confidence_level":0.95,"lower_bound":38812081.44932655,"upper_bound":100274135.6290365},"point_estimate":82005125.6587162,"standard_error":15427913.94316075}}