{"mean":{"confidence_interval":{"confidence_level":0.95,"lower_bound":396384856.95,"upper_bound":409172792.15},"point_estimate":403143629.2,"standard_error":3290037.9836397064},"median":{"confidence_interval":{"confidence_level":0.95,"lower_bound":395904535.0,"upper_bound":411893997.5},"point_estimate":405325221.0,"standard_error":4135601.3016161327},"median_abs_dev":{"confidence_interval":{"confidence_level":0.95,"lower_bound":2450932.718387246,"upper_bound":17682444.675023854},"point_estimate":10950070.872147381,"standard_error":4015267.4307524036},"slope":null,"std_dev":{"confidence_interval":{"confidence_level":0.95,"lower_bound":4905312.136056727,"upper_bound":13868845.828892753},"point_estimate":10943132.120803544,"standard_error":2262431.048865113}}