{"mean":{"confidence_interval":{"confidence_level":0.95,"lower_bound":416854704.97,"upper_bound":446584935.3},"point_estimate":431169778.2,"standard_error":7630694.14681728},"median":{"confidence_interval":{"confidence_level":0.95,"lower_bound":410168545.0,"upper_bound":453364164.0},"point_estimate":422102586.5,"standard_error":10842989.597749332},"median_abs_dev":{"confidence_interval":{"confidence_level":0.95,"lower_bound":2329684.9512398243,"upper_bound":43299769.59827542},"point_estimate":28282733.8896811,"standard_error":10511450.272301137},"slope":null,"std_dev":{"confidence_interval":{"confidence_level":0.95,"lower_bound":13277819.396151721,"upper_bound":31183365.842619378},"point_estimate":25428539.261017397,"standard_error":4453767.8672407465}}