{"mean":{"confidence_interval":{"confidence_level":0.95,"lower_bound":199488763.54,"upper_bound":199854189.92725},"point_estimate":199669698.67,"standard_error":95382.74594162473},"median":{"confidence_interval":{"confidence_level":0.95,"lower_bound":199307536.0,"upper_bound":199703144.0},"point_estimate":199511278.5,"standard_error":98568.82745732075},"median_abs_dev":{"confidence_interval":{"confidence_level":0.95,"lower_bound":708949.6554136276,"upper_bound":1230928.6281466484},"point_estimate":964156.2605828047,"standard_error":139897.34737870103},"slope":null,"std_dev":{"confidence_interval":{"confidence_level":0.95,"lower_bound":825684.9552646284,"upper_bound":1032797.1137942373},"point_estimate":939057.014047313,"standard_error":52828.33215878434}}