{"mean":{"confidence_interval":{"confidence_level":0.95,"lower_bound":247370757.39,"upper_bound":251350562.96374997},"point_estimate":249493208.5,"standard_error":1023251.986124724},"median":{"confidence_interval":{"confidence_level":0.95,"lower_bound":246995703.25,"upper_bound":251688654.25},"point_estimate":250529038.75,"standard_error":992652.8864329576},"median_abs_dev":{"confidence_interval":{"confidence_level":0.95,"lower_bound":271868.06367337704,"upper_bound":5590267.368502915},"point_estimate":2418683.2037597895,"standard_error":1331690.070618189},"slope":null,"std_dev":{"confidence_interval":{"confidence_level":0.95,"lower_bound":1324135.5628030472,"upper_bound":4491462.601824954},"point_estimate":3418820.0943421335,"standard_error":822890.3962927882}}