{"mean":{"confidence_interval":{"confidence_level":0.95,"lower_bound":820701508.7,"upper_bound":826319068.04},"point_estimate":823464377.1,"standard_error":1438753.359058567},"median":{"confidence_interval":{"confidence_level":0.95,"lower_bound":819797439.5,"upper_bound":827295682.0},"point_estimate":824006338.0,"standard_error":1662016.3146577661},"median_abs_dev":{"confidence_interval":{"confidence_level":0.95,"lower_bound":301929.2607396841,"upper_bound":9128386.570438743},"point_estimate":4737912.859985232,"standard_error":2374439.392264967},"slope":null,"std_dev":{"confidence_interval":{"confidence_level":0.95,"lower_bound":2647914.500413192,"upper_bound":6069951.621319935},"point_estimate":4806107.729126864,"standard_error":889721.1049907267}}