{"mean":{"confidence_interval":{"confidence_level":0.95,"lower_bound":4148864759.38,"upper_bound":4153298053.59},"point_estimate":4150729943.54,"standard_error":1152500.6369885358},"median":{"confidence_interval":{"confidence_level":0.95,"lower_bound":4147200850.5,"upper_bound":4151444534.0},"point_estimate":4149989613.0,"standard_error":1368723.7329742736},"median_abs_dev":{"confidence_interval":{"confidence_level":0.95,"lower_bound":5398331.829160452,"upper_bound":8280923.529884219},"point_estimate":7051281.057214737,"standard_error":745791.939520854},"slope":null,"std_dev":{"confidence_interval":{"confidence_level":0.95,"lower_bound":5463047.778786553,"upper_bound":18601010.786168735},"point_estimate":11829393.414676314,"standard_error":4285767.688752224}}