{"mean":{"confidence_interval":{"confidence_level":0.95,"lower_bound":53636685.56,"upper_bound":54108884.41},"point_estimate":53869378.82,"standard_error":120163.65511923202},"median":{"confidence_interval":{"confidence_level":0.95,"lower_bound":53597249.0,"upper_bound":54035435.0},"point_estimate":53813057.0,"standard_error":101385.11409291107},"median_abs_dev":{"confidence_interval":{"confidence_level":0.95,"lower_bound":896535.6170833111,"upper_bound":1686938.5737508535},"point_estimate":1224098.2900679111,"standard_error":194386.0722136462},"slope":null,"std_dev":{"confidence_interval":{"confidence_level":0.95,"lower_bound":1063671.0749132158,"upper_bound":1357833.732827044},"point_estimate":1216865.037633789,"standard_error":74548.23617771394}}