{"mean":{"confidence_interval":{"confidence_level":0.95,"lower_bound":492089593.60125005,"upper_bound":494054574.6},"point_estimate":493067737.05,"standard_error":502108.0170187755},"median":{"confidence_interval":{"confidence_level":0.95,"lower_bound":492206049.75,"upper_bound":493902046.25},"point_estimate":493157762.5,"standard_error":404858.1840318817},"median_abs_dev":{"confidence_interval":{"confidence_level":0.95,"lower_bound":170539.02717232704,"upper_bound":2782538.4415000677},"point_estimate":1077470.264621079,"standard_error":637134.066762974},"slope":null,"std_dev":{"confidence_interval":{"confidence_level":0.95,"lower_bound":581098.7961239202,"upper_bound":2312755.132941274},"point_estimate":1673408.140101071,"standard_error":439096.9302457648}}