{"mean":{"confidence_interval":{"confidence_level":0.95,"lower_bound":1541498411.1175,"upper_bound":1617221998.5},"point_estimate":1577872888.3,"standard_error":19285110.52519464},"median":{"confidence_interval":{"confidence_level":0.95,"lower_bound":1525432384.5,"upper_bound":1612649010.0},"point_estimate":1588426778.0,"standard_error":22037591.323830407},"median_abs_dev":{"confidence_interval":{"confidence_level":0.95,"lower_bound":3008128.6295950413,"upper_bound":109606432.92559683},"point_estimate":68394766.02585018,"standard_error":28461644.258997716},"slope":null,"std_dev":{"confidence_interval":{"confidence_level":0.95,"lower_bound":31252668.398666136,"upper_bound":85799089.80405362},"point_estimate":64068888.71967509,"standard_error":14519659.6574951}}