{"mean":{"confidence_interval":{"confidence_level":0.95,"lower_bound":12369643542.710001,"upper_bound":12510161275.1375},"point_estimate":12442490242.4,"standard_error":36172245.37024527},"median":{"confidence_interval":{"confidence_level":0.95,"lower_bound":12363328024.5,"upper_bound":12540761504.0},"point_estimate":12449560765.0,"standard_error":34900083.84500733},"median_abs_dev":{"confidence_interval":{"confidence_level":0.95,"lower_bound":23016350.492978096,"upper_bound":216550015.4816687},"point_estimate":65601890.156033635,"standard_error":55270526.33759191},"slope":null,"std_dev":{"confidence_interval":{"confidence_level":0.95,"lower_bound":57664422.57169187,"upper_bound":159015497.22007495},"point_estimate":121119563.25420436,"standard_error":26270809.199745107}}