{"mean":{"confidence_interval":{"confidence_level":0.95,"lower_bound":6759307898.8325,"upper_bound":6898336939.535},"point_estimate":6825488880.0,"standard_error":35631475.07757012},"median":{"confidence_interval":{"confidence_level":0.95,"lower_bound":6735502419.0,"upper_bound":6926420625.0},"point_estimate":6786471615.0,"standard_error":46972549.965742044},"median_abs_dev":{"confidence_interval":{"confidence_level":0.95,"lower_bound":10488089.384499192,"upper_bound":184361073.95873666},"point_estimate":102942647.16270268,"standard_error":46682919.541086204},"slope":null,"std_dev":{"confidence_interval":{"confidence_level":0.95,"lower_bound":55129965.077594005,"upper_bound":147990515.57908493},"point_estimate":118537824.08040114,"standard_error":22721460.72605098}}