{"mean":{"confidence_interval":{"confidence_level":0.95,"lower_bound":0.011982875846899313,"upper_bound":0.07171088315976114},"point_estimate":0.04026458479225692,"standard_error":0.015356500360549509},"median":{"confidence_interval":{"confidence_level":0.95,"lower_bound":0.0035078826816032915,"upper_bound":0.06983043746660433},"point_estimate":0.034939341867418205,"standard_error":0.017563050920345116}}