{"mean":{"confidence_interval":{"confidence_level":0.95,"lower_bound":378705158.5,"upper_bound":394397367.20624995},"point_estimate":386594751.45,"standard_error":3990954.8645559633},"median":{"confidence_interval":{"confidence_level":0.95,"lower_bound":376028440.5,"upper_bound":397158794.75},"point_estimate":387184067.5,"standard_error":5631820.762614222},"median_abs_dev":{"confidence_interval":{"confidence_level":0.95,"lower_bound":1198864.4385159016,"upper_bound":23039962.3801589},"point_estimate":12718845.628595352,"standard_error":5204707.880816649},"slope":null,"std_dev":{"confidence_interval":{"confidence_level":0.95,"lower_bound":7513881.127515737,"upper_bound":16987837.439249933},"point_estimate":13346914.353666127,"standard_error":2424845.4854533863}}