{"mean":{"confidence_interval":{"confidence_level":0.95,"lower_bound":631408184.0,"upper_bound":636178196.02},"point_estimate":633794989.6,"standard_error":1227404.3273912147},"median":{"confidence_interval":{"confidence_level":0.95,"lower_bound":629834287.0,"upper_bound":637552398.5},"point_estimate":633924702.0,"standard_error":2884537.7681056373},"median_abs_dev":{"confidence_interval":{"confidence_level":0.95,"lower_bound":429483.2668751478,"upper_bound":6155165.015923977},"point_estimate":5629406.154558063,"standard_error":1820278.4460528665},"slope":null,"std_dev":{"confidence_interval":{"confidence_level":0.95,"lower_bound":2905356.743465088,"upper_bound":4434537.576043346},"point_estimate":4086823.184892806,"standard_error":399376.25986875984}}