{"mean":{"confidence_interval":{"confidence_level":0.95,"lower_bound":121699671.39,"upper_bound":122201600.38},"point_estimate":121939541.14,"standard_error":126170.82366388591},"median":{"confidence_interval":{"confidence_level":0.95,"lower_bound":121561402.5,"upper_bound":122094288.0},"point_estimate":121811511.0,"standard_error":141372.6375570244},"median_abs_dev":{"confidence_interval":{"confidence_level":0.95,"lower_bound":922255.0201267004,"upper_bound":1542786.860910058},"point_estimate":1199546.4345037937,"standard_error":156714.58470986877},"slope":null,"std_dev":{"confidence_interval":{"confidence_level":0.95,"lower_bound":1103569.9717295174,"upper_bound":1426661.8979512388},"point_estimate":1274386.7270990317,"standard_error":83834.41957130558}}