{"mean":{"confidence_interval":{"confidence_level":0.95,"lower_bound":147308455.48,"upper_bound":147869308.63},"point_estimate":147591906.52,"standard_error":145654.1634940525},"median":{"confidence_interval":{"confidence_level":0.95,"lower_bound":147193311.0,"upper_bound":147704043.0},"point_estimate":147463230.0,"standard_error":145770.17532430447},"median_abs_dev":{"confidence_interval":{"confidence_level":0.95,"lower_bound":1162379.1357636452,"upper_bound":1890400.2159386873},"point_estimate":1479736.3318294287,"standard_error":176114.46819793264},"slope":null,"std_dev":{"confidence_interval":{"confidence_level":0.95,"lower_bound":1240241.4672921712,"upper_bound":1629235.456011077},"point_estimate":1451960.1137783716,"standard_error":100868.03027510682}}