{"mean":{"confidence_interval":{"confidence_level":0.95,"lower_bound":1585101415.88,"upper_bound":1585859301.06},"point_estimate":1585482792.83,"standard_error":191278.7970681181},"median":{"confidence_interval":{"confidence_level":0.95,"lower_bound":1584766217.0,"upper_bound":1586004985.0},"point_estimate":1585554644.5,"standard_error":306645.3621635217},"median_abs_dev":{"confidence_interval":{"confidence_level":0.95,"lower_bound":1652199.0324676037,"upper_bound":2573321.3462144136},"point_estimate":2077487.282717228,"standard_error":238381.75397560137},"slope":null,"std_dev":{"confidence_interval":{"confidence_level":0.95,"lower_bound":1646816.5743288419,"upper_bound":2192666.1868690215},"point_estimate":1919522.5546994386,"standard_error":140339.90771679403}}