{"mean":{"confidence_interval":{"confidence_level":0.95,"lower_bound":85607576.77325,"upper_bound":85828074.38},"point_estimate":85711321.88,"standard_error":55892.29278211778},"median":{"confidence_interval":{"confidence_level":0.95,"lower_bound":85510862.0,"upper_bound":85702380.0},"point_estimate":85621626.0,"standard_error":51277.11741673095},"median_abs_dev":{"confidence_interval":{"confidence_level":0.95,"lower_bound":321773.1200873852,"upper_bound":609409.3757808208},"point_estimate":515962.58203983307,"standard_error":75229.34058312004},"slope":null,"std_dev":{"confidence_interval":{"confidence_level":0.95,"lower_bound":408113.76568992337,"upper_bound":746533.3136168118},"point_estimate":561876.6826608534,"standard_error":95582.6096883829}}