{"mean":{"confidence_interval":{"confidence_level":0.95,"lower_bound":429754450.2575,"upper_bound":457383872.4},"point_estimate":442628788.0,"standard_error":7026671.3610478565},"median":{"confidence_interval":{"confidence_level":0.95,"lower_bound":424520311.0,"upper_bound":452083064.0},"point_estimate":441552006.0,"standard_error":6093275.821460926},"median_abs_dev":{"confidence_interval":{"confidence_level":0.95,"lower_bound":1649550.367614627,"upper_bound":37284168.38957369},"point_estimate":15225226.84469819,"standard_error":9600387.36098487},"slope":null,"std_dev":{"confidence_interval":{"confidence_level":0.95,"lower_bound":10129796.352841552,"upper_bound":32067394.173038643},"point_estimate":23506141.199401338,"standard_error":6008192.575636451}}