{"mean":{"confidence_interval":{"confidence_level":0.95,"lower_bound":371348868.7,"upper_bound":374363929.26125},"point_estimate":372870594.25,"standard_error":775716.1789898184},"median":{"confidence_interval":{"confidence_level":0.95,"lower_bound":370578622.75,"upper_bound":375083512.5},"point_estimate":373018887.5,"standard_error":1057677.5646741514},"median_abs_dev":{"confidence_interval":{"confidence_level":0.95,"lower_bound":638631.4212620258,"upper_bound":4641593.899445236},"point_estimate":2919712.297564745,"standard_error":990118.55521043},"slope":null,"std_dev":{"confidence_interval":{"confidence_level":0.95,"lower_bound":1507201.2532903447,"upper_bound":3190963.1470028693},"point_estimate":2582491.061251802,"standard_error":431462.5525202439}}