{"mean":{"confidence_interval":{"confidence_level":0.95,"lower_bound":375614377.3,"upper_bound":379474821.32},"point_estimate":377253689.35,"standard_error":1007835.1595550593},"median":{"confidence_interval":{"confidence_level":0.95,"lower_bound":375087645.5,"upper_bound":378084835.0},"point_estimate":376530951.25,"standard_error":882509.9986409025},"median_abs_dev":{"confidence_interval":{"confidence_level":0.95,"lower_bound":499840.4192760587,"upper_bound":3852149.073010683},"point_estimate":2216198.2243046165,"standard_error":818876.7214795493},"slope":null,"std_dev":{"confidence_interval":{"confidence_level":0.95,"lower_bound":1120937.8032172788,"upper_bound":4908877.39686652},"point_estimate":3359220.578527696,"standard_error":1184749.6106437412}}