{"mean":{"confidence_interval":{"confidence_level":0.95,"lower_bound":857424628.0,"upper_bound":858762297.85},"point_estimate":858101384.53,"standard_error":342409.5837384267},"median":{"confidence_interval":{"confidence_level":0.95,"lower_bound":856711973.0,"upper_bound":857890534.0},"point_estimate":857428366.0,"standard_error":312900.695452887},"median_abs_dev":{"confidence_interval":{"confidence_level":0.95,"lower_bound":1900758.4006547928,"upper_bound":3326236.021247506},"point_estimate":2603868.0947721004,"standard_error":363098.35122906754},"slope":null,"std_dev":{"confidence_interval":{"confidence_level":0.95,"lower_bound":2737194.434930369,"upper_bound":3898586.476386204},"point_estimate":3379270.6402362287,"standard_error":292037.53081082687}}