{"mean":{"confidence_interval":{"confidence_level":0.95,"lower_bound":19022505386.8,"upper_bound":19114707383.3275},"point_estimate":19064479897.5,"standard_error":23688312.521363683},"median":{"confidence_interval":{"confidence_level":0.95,"lower_bound":19009944094.5,"upper_bound":19095445701.0},"point_estimate":19054353353.0,"standard_error":22187722.097583525},"median_abs_dev":{"confidence_interval":{"confidence_level":0.95,"lower_bound":14007961.857908964,"upper_bound":114105183.87732804},"point_estimate":60835329.01675701,"standard_error":24892276.47958725},"slope":null,"std_dev":{"confidence_interval":{"confidence_level":0.95,"lower_bound":32510541.128339764,"upper_bound":111290507.47097237},"point_estimate":79364524.69491479,"standard_error":22766423.324289996}}