{"mean":{"confidence_interval":{"confidence_level":0.95,"lower_bound":40876701.63,"upper_bound":40971830.48475},"point_estimate":40923625.55,"standard_error":24255.24925558465},"median":{"confidence_interval":{"confidence_level":0.95,"lower_bound":40883671.0,"upper_bound":40968900.0},"point_estimate":40931530.0,"standard_error":22667.490767723753},"median_abs_dev":{"confidence_interval":{"confidence_level":0.95,"lower_bound":163990.38308858871,"upper_bound":273543.40164363384},"point_estimate":210644.83906030655,"standard_error":28948.728886131386},"slope":null,"std_dev":{"confidence_interval":{"confidence_level":0.95,"lower_bound":208502.21927308213,"upper_bound":272229.3870320506},"point_estimate":242846.15714943895,"standard_error":16122.9584481655}}