{"mean":{"confidence_interval":{"confidence_level":0.95,"lower_bound":0.0009658176101834896,"upper_bound":0.007758926313258146},"point_estimate":0.004254605884079554,"standard_error":0.0017354581745757396},"median":{"confidence_interval":{"confidence_level":0.95,"lower_bound":-0.0011650670462070023,"upper_bound":0.009237589202811147},"point_estimate":0.0025996912222063795,"standard_error":0.0025764894673692366}}