{"mean":{"confidence_interval":{"confidence_level":0.95,"lower_bound":250417611.55,"upper_bound":262588293.83999997},"point_estimate":255757727.9,"standard_error":3146012.8338510334},"median":{"confidence_interval":{"confidence_level":0.95,"lower_bound":247791840.5,"upper_bound":260922509.5},"point_estimate":252175518.5,"standard_error":3257444.7216871195},"median_abs_dev":{"confidence_interval":{"confidence_level":0.95,"lower_bound":970022.5380286574,"upper_bound":14277487.042973936},"point_estimate":7442725.9978652,"standard_error":3197602.8117106645},"slope":null,"std_dev":{"confidence_interval":{"confidence_level":0.95,"lower_bound":3943797.467890697,"upper_bound":14943730.080020875},"point_estimate":10481938.154788582,"standard_error":3288858.752299564}}