{"mean":{"confidence_interval":{"confidence_level":0.95,"lower_bound":361443624.46250004,"upper_bound":362399544.35},"point_estimate":361945023.05,"standard_error":244503.62913527555},"median":{"confidence_interval":{"confidence_level":0.95,"lower_bound":361446582.75,"upper_bound":362536509.25},"point_estimate":362091193.5,"standard_error":224852.8584326262},"median_abs_dev":{"confidence_interval":{"confidence_level":0.95,"lower_bound":42939.80173766613,"upper_bound":1441135.7295647264},"point_estimate":466918.9162105322,"standard_error":428852.17632307793},"slope":null,"std_dev":{"confidence_interval":{"confidence_level":0.95,"lower_bound":378977.2112412233,"upper_bound":1054441.6467972726},"point_estimate":813137.1933595779,"standard_error":173450.13200882383}}