{"mean":{"confidence_interval":{"confidence_level":0.95,"lower_bound":1070668735.9,"upper_bound":1072865051.22},"point_estimate":1071747434.5,"standard_error":563249.8005845153},"median":{"confidence_interval":{"confidence_level":0.95,"lower_bound":1070471567.0,"upper_bound":1073227315.0},"point_estimate":1071461453.0,"standard_error":644972.1175244165},"median_abs_dev":{"confidence_interval":{"confidence_level":0.95,"lower_bound":332595.35859525204,"upper_bound":3214376.818433404},"point_estimate":1591296.0494488478,"standard_error":755509.7932502583},"slope":null,"std_dev":{"confidence_interval":{"confidence_level":0.95,"lower_bound":985739.2235225128,"upper_bound":2410265.852339031},"point_estimate":1875240.1361879704,"standard_error":364004.83983508154}}