{"mean":{"confidence_interval":{"confidence_level":0.95,"lower_bound":2859615888.1775,"upper_bound":2992974381.3},"point_estimate":2926322660.7,"standard_error":34603208.98279977},"median":{"confidence_interval":{"confidence_level":0.95,"lower_bound":2814500163.0,"upper_bound":3033947955.5},"point_estimate":2928617779.0,"standard_error":90007805.03847848},"median_abs_dev":{"confidence_interval":{"confidence_level":0.95,"lower_bound":3784954.677003622,"upper_bound":167658187.90477216},"point_estimate":163873233.22776854,"standard_error":62363174.47307374},"slope":null,"std_dev":{"confidence_interval":{"confidence_level":0.95,"lower_bound":87879278.35869274,"upper_bound":119339846.4802627},"point_estimate":115501019.563909,"standard_error":10020015.879685553}}