{"mean":{"confidence_interval":{"confidence_level":0.95,"lower_bound":23277114.26,"upper_bound":23334878.38},"point_estimate":23307016.81,"standard_error":14750.525830407485},"median":{"confidence_interval":{"confidence_level":0.95,"lower_bound":23272343.0,"upper_bound":23392203.0},"point_estimate":23343603.0,"standard_error":36309.62167309443},"median_abs_dev":{"confidence_interval":{"confidence_level":0.95,"lower_bound":114011.19667589664,"upper_bound":202721.82480096817},"point_estimate":167858.48641991615,"standard_error":25198.61566373193},"slope":null,"std_dev":{"confidence_interval":{"confidence_level":0.95,"lower_bound":129241.97280371055,"upper_bound":162569.38727353443},"point_estimate":147055.17282599318,"standard_error":8564.786656793722}}