{"mean":{"confidence_interval":{"confidence_level":0.95,"lower_bound":-0.03915142034793221,"upper_bound":-0.029552381078722503},"point_estimate":-0.034396876172489876,"standard_error":0.002452320001809424},"median":{"confidence_interval":{"confidence_level":0.95,"lower_bound":-0.03957627883067849,"upper_bound":-0.030576501855739013},"point_estimate":-0.035790869848770224,"standard_error":0.002119238656041969}}