{"mean":{"confidence_interval":{"confidence_level":0.95,"lower_bound":221255447.4,"upper_bound":227573570.65375},"point_estimate":224248987.25,"standard_error":1621173.5833682602},"median":{"confidence_interval":{"confidence_level":0.95,"lower_bound":219889828.5,"upper_bound":228265169.25},"point_estimate":223209501.25,"standard_error":2126055.7130744834},"median_abs_dev":{"confidence_interval":{"confidence_level":0.95,"lower_bound":1485115.575183928,"upper_bound":9109145.387980342},"point_estimate":5628760.111619532,"standard_error":1989307.0426720676},"slope":null,"std_dev":{"confidence_interval":{"confidence_level":0.95,"lower_bound":2658906.875467978,"upper_bound":6784632.907134472},"point_estimate":5410274.08674704,"standard_error":1044440.0374383923}}