{"mean":{"confidence_interval":{"confidence_level":0.95,"lower_bound":2250035659.2,"upper_bound":2260140892.5},"point_estimate":2254645983.7,"standard_error":2602082.8276898838},"median":{"confidence_interval":{"confidence_level":0.95,"lower_bound":2248695151.5,"upper_bound":2260480994.0},"point_estimate":2252249788.5,"standard_error":2648186.815025822},"median_abs_dev":{"confidence_interval":{"confidence_level":0.95,"lower_bound":481687.83584833145,"upper_bound":12927380.727893114},"point_estimate":7057667.356601357,"standard_error":3421613.156892605},"slope":null,"std_dev":{"confidence_interval":{"confidence_level":0.95,"lower_bound":3612691.1971959546,"upper_bound":11879232.929304011},"point_estimate":8664776.689530615,"standard_error":2318237.273738708}}