{"mean":{"confidence_interval":{"confidence_level":0.95,"lower_bound":10143761806.6,"upper_bound":10248807277.0},"point_estimate":10196178985.2,"standard_error":26827713.28271117},"median":{"confidence_interval":{"confidence_level":0.95,"lower_bound":10116913019.0,"upper_bound":10268855986.0},"point_estimate":10190233666.5,"standard_error":36602299.51874852},"median_abs_dev":{"confidence_interval":{"confidence_level":0.95,"lower_bound":16315526.417541504,"upper_bound":156863267.7840203},"point_estimate":111046232.46193528,"standard_error":35455824.62957418},"slope":null,"std_dev":{"confidence_interval":{"confidence_level":0.95,"lower_bound":52224653.89704962,"upper_bound":111223521.96933004},"point_estimate":89694169.15850249,"standard_error":15077374.703717927}}