{"mean":{"confidence_interval":{"confidence_level":0.95,"lower_bound":808140351.7,"upper_bound":815839556.0575},"point_estimate":811948871.9,"standard_error":1973298.2274198632},"median":{"confidence_interval":{"confidence_level":0.95,"lower_bound":806126301.5,"upper_bound":817282796.0},"point_estimate":812063850.0,"standard_error":3058787.931022751},"median_abs_dev":{"confidence_interval":{"confidence_level":0.95,"lower_bound":1470318.8567966223,"upper_bound":11061716.951215267},"point_estimate":6994177.977928519,"standard_error":2479459.0195609424},"slope":null,"std_dev":{"confidence_interval":{"confidence_level":0.95,"lower_bound":3907288.789168886,"upper_bound":8263818.697931812},"point_estimate":6578416.199784657,"standard_error":1130505.6041406158}}