{"mean":{"confidence_interval":{"confidence_level":0.95,"lower_bound":62983211.22,"upper_bound":63512434.51},"point_estimate":63242209.52,"standard_error":132155.3993343721},"median":{"confidence_interval":{"confidence_level":0.95,"lower_bound":62930455.5,"upper_bound":63373369.0},"point_estimate":63147622.0,"standard_error":124531.19140363419},"median_abs_dev":{"confidence_interval":{"confidence_level":0.95,"lower_bound":811887.3128861189,"upper_bound":1522122.3824769258},"point_estimate":1234191.830688715,"standard_error":186954.42043913837},"slope":null,"std_dev":{"confidence_interval":{"confidence_level":0.95,"lower_bound":1122491.944877274,"upper_bound":1495890.5818681105},"point_estimate":1325953.9088940478,"standard_error":94853.2810374048}}