{"mean":{"confidence_interval":{"confidence_level":0.95,"lower_bound":594108983.055,"upper_bound":612687401.2524999},"point_estimate":602806516.6,"standard_error":4754019.695741425},"median":{"confidence_interval":{"confidence_level":0.95,"lower_bound":588086401.0,"upper_bound":609875466.0},"point_estimate":605211534.0,"standard_error":5721088.172053176},"median_abs_dev":{"confidence_interval":{"confidence_level":0.95,"lower_bound":1323662.2913002968,"upper_bound":27752491.645994782},"point_estimate":13528845.591714978,"standard_error":6685097.2013813695},"slope":null,"std_dev":{"confidence_interval":{"confidence_level":0.95,"lower_bound":7972448.676048807,"upper_bound":21517083.25011102},"point_estimate":15882700.248056712,"standard_error":3829920.0431365343}}