{"mean":{"confidence_interval":{"confidence_level":0.95,"lower_bound":10999985026.1225,"upper_bound":11115441044.285},"point_estimate":11053947232.8,"standard_error":29746463.776186507},"median":{"confidence_interval":{"confidence_level":0.95,"lower_bound":10986616935.0,"upper_bound":11103302353.0},"point_estimate":11053813282.0,"standard_error":31934147.48296289},"median_abs_dev":{"confidence_interval":{"confidence_level":0.95,"lower_bound":21144919.40240264,"upper_bound":149868817.00769663},"point_estimate":76362284.22989845,"standard_error":33928448.17113293},"slope":null,"std_dev":{"confidence_interval":{"confidence_level":0.95,"lower_bound":42009734.73872019,"upper_bound":137307155.3378723},"point_estimate":98730084.80611157,"standard_error":26220891.915334713}}