{"mean":{"confidence_interval":{"confidence_level":0.95,"lower_bound":864791978.58,"upper_bound":865314985.3037499},"point_estimate":865050151.19,"standard_error":132243.45857854804},"median":{"confidence_interval":{"confidence_level":0.95,"lower_bound":864625364.0,"upper_bound":865354877.5},"point_estimate":864829559.0,"standard_error":165581.88023971175},"median_abs_dev":{"confidence_interval":{"confidence_level":0.95,"lower_bound":1105398.370975256,"upper_bound":1700491.0201102495},"point_estimate":1401478.774818778,"standard_error":144798.04948225964},"slope":null,"std_dev":{"confidence_interval":{"confidence_level":0.95,"lower_bound":1176862.6198911539,"upper_bound":1506809.8985235188},"point_estimate":1349404.8894922645,"standard_error":83151.30098905787}}