{"mean":{"confidence_interval":{"confidence_level":0.95,"lower_bound":1196887229.5,"upper_bound":1224861503.6225},"point_estimate":1211766102.0,"standard_error":7164225.03826787},"median":{"confidence_interval":{"confidence_level":0.95,"lower_bound":1197229668.0,"upper_bound":1231813031.0},"point_estimate":1212400569.0,"standard_error":9236141.26879472},"median_abs_dev":{"confidence_interval":{"confidence_level":0.95,"lower_bound":4294743.7127530575,"upper_bound":39343504.200813174},"point_estimate":25636646.536758542,"standard_error":8740876.325173039},"slope":null,"std_dev":{"confidence_interval":{"confidence_level":0.95,"lower_bound":11955660.996210493,"upper_bound":31329675.962585542},"point_estimate":23753541.704922765,"standard_error":5329976.223222847}}