{"mean":{"confidence_interval":{"confidence_level":0.95,"lower_bound":-0.02438083513891678,"upper_bound":0.009421613905332015},"point_estimate":-0.008236697688045025,"standard_error":0.008656482940363343},"median":{"confidence_interval":{"confidence_level":0.95,"lower_bound":-0.021894893528309534,"upper_bound":0.006159877689172921},"point_estimate":-0.011780130810188916,"standard_error":0.007282191491335724}}