{"mean":{"confidence_interval":{"confidence_level":0.95,"lower_bound":1659308573.0,"upper_bound":1673226562.5075},"point_estimate":1665565880.9,"standard_error":3567069.99182614},"median":{"confidence_interval":{"confidence_level":0.95,"lower_bound":1657600480.5,"upper_bound":1675087679.0},"point_estimate":1660750953.5,"standard_error":3777434.362004341},"median_abs_dev":{"confidence_interval":{"confidence_level":0.95,"lower_bound":1250217.9951041937,"upper_bound":15408940.255236626},"point_estimate":6600166.6567236185,"standard_error":3763058.666728808},"slope":null,"std_dev":{"confidence_interval":{"confidence_level":0.95,"lower_bound":3182394.789321391,"upper_bound":15169474.712477772},"point_estimate":11899204.212331517,"standard_error":3185200.35047512}}