{"mean":{"confidence_interval":{"confidence_level":0.95,"lower_bound":22754865837.1,"upper_bound":23360593872.914997},"point_estimate":23054995437.0,"standard_error":155296802.3962599},"median":{"confidence_interval":{"confidence_level":0.95,"lower_bound":22468285091.0,"upper_bound":23393569427.5},"point_estimate":23114985232.5,"standard_error":198359054.2782058},"median_abs_dev":{"confidence_interval":{"confidence_level":0.95,"lower_bound":59812598.9377141,"upper_bound":1006971898.2791752},"point_estimate":529600799.0316063,"standard_error":276581798.7513403},"slope":null,"std_dev":{"confidence_interval":{"confidence_level":0.95,"lower_bound":295783614.0168842,"upper_bound":648238330.492},"point_estimate":516689047.87491643,"standard_error":91714790.49324623}}