{"mean":{"confidence_interval":{"confidence_level":0.95,"lower_bound":539875143.1,"upper_bound":555548242.5},"point_estimate":547618958.6,"standard_error":4004207.8224301627},"median":{"confidence_interval":{"confidence_level":0.95,"lower_bound":536354281.0,"upper_bound":556317453.0},"point_estimate":550049652.0,"standard_error":4839357.988135135},"median_abs_dev":{"confidence_interval":{"confidence_level":0.95,"lower_bound":496011.2341940403,"upper_bound":23391184.995095626},"point_estimate":13079408.01179409,"standard_error":5863027.400611333},"slope":null,"std_dev":{"confidence_interval":{"confidence_level":0.95,"lower_bound":7119966.478891993,"upper_bound":17262238.44009521},"point_estimate":13285658.333319198,"standard_error":2624024.4891429315}}