{"mean":{"confidence_interval":{"confidence_level":0.95,"lower_bound":3132522992.0825,"upper_bound":3166902522.2},"point_estimate":3150081166.7,"standard_error":8802487.3772008},"median":{"confidence_interval":{"confidence_level":0.95,"lower_bound":3128530490.0,"upper_bound":3173948353.5},"point_estimate":3151486328.0,"standard_error":12744787.045517433},"median_abs_dev":{"confidence_interval":{"confidence_level":0.95,"lower_bound":5579556.695643067,"upper_bound":48647169.670540094},"point_estimate":28101423.7737,"standard_error":11012641.95479899},"slope":null,"std_dev":{"confidence_interval":{"confidence_level":0.95,"lower_bound":16995874.28324001,"upper_bound":37026725.11157229},"point_estimate":29461521.42556722,"standard_error":5122783.721490484}}