{"mean":{"confidence_interval":{"confidence_level":0.95,"lower_bound":830869796.0,"upper_bound":835257116.875},"point_estimate":832976067.1,"standard_error":1121603.1938671377},"median":{"confidence_interval":{"confidence_level":0.95,"lower_bound":830153191.0,"upper_bound":835372866.0},"point_estimate":832799472.0,"standard_error":914902.2579036446},"median_abs_dev":{"confidence_interval":{"confidence_level":0.95,"lower_bound":180361.99329793453,"upper_bound":6989320.980414748},"point_estimate":1401811.6185128689,"standard_error":2009962.8793977932},"slope":null,"std_dev":{"confidence_interval":{"confidence_level":0.95,"lower_bound":1617240.415794884,"upper_bound":4950093.552962486},"point_estimate":3745115.357202868,"standard_error":857543.1246917384}}