{"mean":{"confidence_interval":{"confidence_level":0.95,"lower_bound":429969291.97875,"upper_bound":430906089.04249996},"point_estimate":430448687.35,"standard_error":239350.10374989043},"median":{"confidence_interval":{"confidence_level":0.95,"lower_bound":429986014.25,"upper_bound":431031156.0},"point_estimate":430451786.75,"standard_error":242688.98859252848},"median_abs_dev":{"confidence_interval":{"confidence_level":0.95,"lower_bound":53216.81410521269,"upper_bound":1424334.5360130072},"point_estimate":696810.8681291342,"standard_error":376071.2884916142},"slope":null,"std_dev":{"confidence_interval":{"confidence_level":0.95,"lower_bound":413087.72393489745,"upper_bound":1044825.4937911136},"point_estimate":798026.0423995173,"standard_error":166146.61962155162}}