{"mean":{"confidence_interval":{"confidence_level":0.95,"lower_bound":12064540252.5,"upper_bound":12094341137.8},"point_estimate":12078380236.2,"standard_error":7670117.659993362},"median":{"confidence_interval":{"confidence_level":0.95,"lower_bound":12059937480.0,"upper_bound":12088994089.0},"point_estimate":12078651206.5,"standard_error":9170599.059748108},"median_abs_dev":{"confidence_interval":{"confidence_level":0.95,"lower_bound":2757301.624748111,"upper_bound":40355018.41105521},"point_estimate":20051046.022322774,"standard_error":9267284.792744583},"slope":null,"std_dev":{"confidence_interval":{"confidence_level":0.95,"lower_bound":11631863.80373779,"upper_bound":35322050.4112056},"point_estimate":25555678.514391605,"standard_error":6775970.457248893}}