{"mean":{"confidence_interval":{"confidence_level":0.95,"lower_bound":789506730.61,"upper_bound":793755333.5325},"point_estimate":791678295.3,"standard_error":1090920.8299627728},"median":{"confidence_interval":{"confidence_level":0.95,"lower_bound":788851867.5,"upper_bound":795563862.0},"point_estimate":791738223.0,"standard_error":1530579.6207921081},"median_abs_dev":{"confidence_interval":{"confidence_level":0.95,"lower_bound":768784.4251513481,"upper_bound":6636914.379671216},"point_estimate":4853862.556126714,"standard_error":1648976.0288947667},"slope":null,"std_dev":{"confidence_interval":{"confidence_level":0.95,"lower_bound":2148667.6634749705,"upper_bound":4453918.803139875},"point_estimate":3637108.3598151323,"standard_error":588145.2835269902}}