{"mean":{"confidence_interval":{"confidence_level":0.95,"lower_bound":-0.004802506830785498,"upper_bound":0.001997853958128192},"point_estimate":-0.0016232994165704673,"standard_error":0.001741127243468441},"median":{"confidence_interval":{"confidence_level":0.95,"lower_bound":-0.005046684418932634,"upper_bound":0.002735691335689072},"point_estimate":-0.0023531103082428118,"standard_error":0.001921594639455249}}