{"mean":{"confidence_interval":{"confidence_level":0.95,"lower_bound":1774424636.0,"upper_bound":1786225041.7},"point_estimate":1780311440.0,"standard_error":3017753.3066226975},"median":{"confidence_interval":{"confidence_level":0.95,"lower_bound":1771995984.5,"upper_bound":1790044271.0},"point_estimate":1779598721.5,"standard_error":5572945.3585308045},"median_abs_dev":{"confidence_interval":{"confidence_level":0.95,"lower_bound":1918238.2543444633,"upper_bound":16239497.949591279},"point_estimate":12106213.82177174,"standard_error":3707669.1415645597},"slope":null,"std_dev":{"confidence_interval":{"confidence_level":0.95,"lower_bound":6555971.476418278,"upper_bound":11929233.055336582},"point_estimate":10102772.785211911,"standard_error":1364130.635621358}}