{"mean":{"confidence_interval":{"confidence_level":0.95,"lower_bound":579265660.9,"upper_bound":627120668.4},"point_estimate":603004329.8,"standard_error":12244982.367085278},"median":{"confidence_interval":{"confidence_level":0.95,"lower_bound":557245900.0,"upper_bound":636301477.5},"point_estimate":608344120.5,"standard_error":19434622.327487882},"median_abs_dev":{"confidence_interval":{"confidence_level":0.95,"lower_bound":3838519.531452656,"upper_bound":71987932.31155872},"point_estimate":52794296.83431387,"standard_error":17818351.50047654},"slope":null,"std_dev":{"confidence_interval":{"confidence_level":0.95,"lower_bound":24925027.196580138,"upper_bound":49092262.32530702},"point_estimate":40567036.20453028,"standard_error":6231627.384494742}}