{"mean":{"confidence_interval":{"confidence_level":0.95,"lower_bound":0.026872653412602327,"upper_bound":0.07339757867650071},"point_estimate":0.04794276087894067,"standard_error":0.012003909189652572},"median":{"confidence_interval":{"confidence_level":0.95,"lower_bound":0.017512063852455295,"upper_bound":0.0701947977965649},"point_estimate":0.03112953801649554,"standard_error":0.013140071272121932}}