{"mean":{"confidence_interval":{"confidence_level":0.95,"lower_bound":-0.005725665862269915,"upper_bound":0.008586618881295575},"point_estimate":0.0014204807251290141,"standard_error":0.003682468124328117},"median":{"confidence_interval":{"confidence_level":0.95,"lower_bound":-0.012392223995266183,"upper_bound":0.014605926582106354},"point_estimate":-0.00007248792539427118,"standard_error":0.007499161094911114}}