{"mean":{"confidence_interval":{"confidence_level":0.95,"lower_bound":633974189.2,"upper_bound":637825296.465},"point_estimate":635930530.2,"standard_error":992663.6939133157},"median":{"confidence_interval":{"confidence_level":0.95,"lower_bound":632662594.0,"upper_bound":638873486.0},"point_estimate":636565767.0,"standard_error":2166368.445062878},"median_abs_dev":{"confidence_interval":{"confidence_level":0.95,"lower_bound":74568.10697615147,"upper_bound":4898359.829136729},"point_estimate":3792260.92967391,"standard_error":1526050.6165290617},"slope":null,"std_dev":{"confidence_interval":{"confidence_level":0.95,"lower_bound":2237324.921222984,"upper_bound":3747527.6179984524},"point_estimate":3309687.5917043826,"standard_error":388470.1959264015}}