{"mean":{"confidence_interval":{"confidence_level":0.95,"lower_bound":275417502.32874995,"upper_bound":277120183.35},"point_estimate":276242382.1,"standard_error":437072.0164411628},"median":{"confidence_interval":{"confidence_level":0.95,"lower_bound":275153024.25,"upper_bound":277788306.5},"point_estimate":275693787.75,"standard_error":790051.6610240774},"median_abs_dev":{"confidence_interval":{"confidence_level":0.95,"lower_bound":177987.9800900817,"upper_bound":2217222.330236435},"point_estimate":1518377.7055934072,"standard_error":613359.510713279},"slope":null,"std_dev":{"confidence_interval":{"confidence_level":0.95,"lower_bound":900281.6772875772,"upper_bound":1724134.7145200933},"point_estimate":1459032.3177068194,"standard_error":209342.18885308577}}