{"mean":{"confidence_interval":{"confidence_level":0.95,"lower_bound":-0.0220426558853289,"upper_bound":-0.011475405872812249},"point_estimate":-0.016906052703208996,"standard_error":0.0027568928375594063},"median":{"confidence_interval":{"confidence_level":0.95,"lower_bound":-0.027195682776879004,"upper_bound":-0.008616970510074373},"point_estimate":-0.013734084377687528,"standard_error":0.0052500199675401815}}