{"mean":{"confidence_interval":{"confidence_level":0.95,"lower_bound":56239502.88225,"upper_bound":56805536.47},"point_estimate":56533176.19,"standard_error":142965.25888247433},"median":{"confidence_interval":{"confidence_level":0.95,"lower_bound":56218186.0,"upper_bound":56938590.0},"point_estimate":56726137.0,"standard_error":196839.55112009007},"median_abs_dev":{"confidence_interval":{"confidence_level":0.95,"lower_bound":1063267.3275232315,"upper_bound":1716880.4215192795},"point_estimate":1393438.635161519,"standard_error":168738.82005780542},"slope":null,"std_dev":{"confidence_interval":{"confidence_level":0.95,"lower_bound":1236884.1785793796,"upper_bound":1593095.368262999},"point_estimate":1424965.9801068704,"standard_error":91008.66476729543}}