{"mean":{"confidence_interval":{"confidence_level":0.95,"lower_bound":-0.03736052857152018,"upper_bound":0.06391307054162375},"point_estimate":0.014145900132772393,"standard_error":0.026056842805642466},"median":{"confidence_interval":{"confidence_level":0.95,"lower_bound":-0.0702550074017737,"upper_bound":0.08937342177209473},"point_estimate":0.052597656236271995,"standard_error":0.037760022281870656}}