{"mean":{"confidence_interval":{"confidence_level":0.95,"lower_bound":3078902175.7,"upper_bound":3145254322.705},"point_estimate":3113537327.5,"standard_error":16970591.43531835},"median":{"confidence_interval":{"confidence_level":0.95,"lower_bound":3084276711.5,"upper_bound":3153348795.0},"point_estimate":3116350421.5,"standard_error":16640842.605624866},"median_abs_dev":{"confidence_interval":{"confidence_level":0.95,"lower_bound":11932570.23025453,"upper_bound":93870409.61846709},"point_estimate":45518008.250793815,"standard_error":20215535.437026337},"slope":null,"std_dev":{"confidence_interval":{"confidence_level":0.95,"lower_bound":24829859.608689487,"upper_bound":77129621.19694681},"point_estimate":56500275.849437706,"standard_error":13647459.307949344}}