{"mean":{"confidence_interval":{"confidence_level":0.95,"lower_bound":-0.00538304837178027,"upper_bound":0.007204689547585457},"point_estimate":0.0008666293184398377,"standard_error":0.0032233496775012677},"median":{"confidence_interval":{"confidence_level":0.95,"lower_bound":-0.010030609317621897,"upper_bound":0.01217519773656317},"point_estimate":0.0032454827592141022,"standard_error":0.005117166695619931}}