{"mean":{"confidence_interval":{"confidence_level":0.95,"lower_bound":73019478.3,"upper_bound":73182072.47125},"point_estimate":73100245.32,"standard_error":42034.91921810982},"median":{"confidence_interval":{"confidence_level":0.95,"lower_bound":72911765.0,"upper_bound":73163783.0},"point_estimate":73005489.0,"standard_error":63123.75048689812},"median_abs_dev":{"confidence_interval":{"confidence_level":0.95,"lower_bound":307058.3153486252,"upper_bound":517630.5070102215},"point_estimate":378496.65378034115,"standard_error":56097.221795192905},"slope":null,"std_dev":{"confidence_interval":{"confidence_level":0.95,"lower_bound":361999.2625934076,"upper_bound":484237.82298799104},"point_estimate":428336.3499981468,"standard_error":30800.417824837983}}