{"mean":{"confidence_interval":{"confidence_level":0.95,"lower_bound":281854128.90999997,"upper_bound":296333187.4},"point_estimate":288691766.9,"standard_error":3718551.696685339},"median":{"confidence_interval":{"confidence_level":0.95,"lower_bound":279410484.75,"upper_bound":299088610.25},"point_estimate":283436967.25,"standard_error":5836467.833175214},"median_abs_dev":{"confidence_interval":{"confidence_level":0.95,"lower_bound":1079789.4216299057,"upper_bound":20288113.387463987},"point_estimate":9640736.426992714,"standard_error":5482552.618454896},"slope":null,"std_dev":{"confidence_interval":{"confidence_level":0.95,"lower_bound":6092504.184506882,"upper_bound":15067696.428469574},"point_estimate":12387405.98885563,"standard_error":2253944.2974027996}}