{"mean":{"confidence_interval":{"confidence_level":0.95,"lower_bound":1223529351.1,"upper_bound":1237813357.3},"point_estimate":1229597809.2,"standard_error":3715828.4432573193},"median":{"confidence_interval":{"confidence_level":0.95,"lower_bound":1221613818.0,"upper_bound":1232067716.5},"point_estimate":1228064457.0,"standard_error":3092807.068501224},"median_abs_dev":{"confidence_interval":{"confidence_level":0.95,"lower_bound":878638.41150105,"upper_bound":13550425.575631857},"point_estimate":6775212.787815928,"standard_error":3146063.206132141},"slope":null,"std_dev":{"confidence_interval":{"confidence_level":0.95,"lower_bound":3865727.521401338,"upper_bound":18224777.37060469},"point_estimate":12397311.683067206,"standard_error":4485369.352368297}}