{"mean":{"confidence_interval":{"confidence_level":0.95,"lower_bound":78277121.29,"upper_bound":78780248.89},"point_estimate":78527295.58,"standard_error":128742.384983978},"median":{"confidence_interval":{"confidence_level":0.95,"lower_bound":78185368.0,"upper_bound":79019096.5},"point_estimate":78579459.5,"standard_error":241187.64990830384},"median_abs_dev":{"confidence_interval":{"confidence_level":0.95,"lower_bound":1049620.736065507,"upper_bound":1647094.4407582283},"point_estimate":1313059.4775885344,"standard_error":151980.26640642813},"slope":null,"std_dev":{"confidence_interval":{"confidence_level":0.95,"lower_bound":1098664.2121328271,"upper_bound":1490710.308424658},"point_estimate":1299111.4239998243,"standard_error":100470.13684991404}}