{"mean":{"confidence_interval":{"confidence_level":0.95,"lower_bound":538180691.8000001,"upper_bound":540754791.4775001},"point_estimate":539416588.6,"standard_error":660953.1233301009},"median":{"confidence_interval":{"confidence_level":0.95,"lower_bound":538115127.0,"upper_bound":540710028.0},"point_estimate":538955103.0,"standard_error":643317.1580079749},"median_abs_dev":{"confidence_interval":{"confidence_level":0.95,"lower_bound":100668.53821277618,"upper_bound":3813316.8145000935},"point_estimate":1807359.0501129627,"standard_error":842881.767233297},"slope":null,"std_dev":{"confidence_interval":{"confidence_level":0.95,"lower_bound":919168.8010988828,"upper_bound":3020918.367236598},"point_estimate":2202122.7655513664,"standard_error":545545.4524323411}}