{"mean":{"confidence_interval":{"confidence_level":0.95,"lower_bound":282585265.3625,"upper_bound":289822693.58125},"point_estimate":286133027.2,"standard_error":1856504.9069766172},"median":{"confidence_interval":{"confidence_level":0.95,"lower_bound":280542258.5,"upper_bound":291476129.0},"point_estimate":284804073.25,"standard_error":3141391.683718931},"median_abs_dev":{"confidence_interval":{"confidence_level":0.95,"lower_bound":1373756.379210949,"upper_bound":9845561.69050634},"point_estimate":8311344.99874413,"standard_error":2357188.7647056347},"slope":null,"std_dev":{"confidence_interval":{"confidence_level":0.95,"lower_bound":3816575.289730303,"upper_bound":7569577.343869163},"point_estimate":6218554.623431108,"standard_error":969663.6370261235}}