{"mean":{"confidence_interval":{"confidence_level":0.95,"lower_bound":-0.04675557770656132,"upper_bound":0.0475754726160994},"point_estimate":-0.0005637100657462923,"standard_error":0.024117614228365995},"median":{"confidence_interval":{"confidence_level":0.95,"lower_bound":-0.05456351386972924,"upper_bound":0.07663342541729112},"point_estimate":0.01363648992996458,"standard_error":0.03201438075250332}}