{"mean":{"confidence_interval":{"confidence_level":0.95,"lower_bound":242922153.25,"upper_bound":249463791.89875},"point_estimate":246369175.1,"standard_error":1676042.1115523765},"median":{"confidence_interval":{"confidence_level":0.95,"lower_bound":242403517.5,"upper_bound":250520825.5},"point_estimate":247977156.5,"standard_error":2129658.2414182625},"median_abs_dev":{"confidence_interval":{"confidence_level":0.95,"lower_bound":1100018.7569707632,"upper_bound":8993435.502384603},"point_estimate":3930524.1260692477,"standard_error":2127036.9012448667},"slope":null,"std_dev":{"confidence_interval":{"confidence_level":0.95,"lower_bound":2596450.5280354545,"upper_bound":7182553.28338654},"point_estimate":5587785.374830259,"standard_error":1170656.236148794}}