{"mean":{"confidence_interval":{"confidence_level":0.95,"lower_bound":95127649.53,"upper_bound":95685301.4785},"point_estimate":95399327.76,"standard_error":142786.6337092757},"median":{"confidence_interval":{"confidence_level":0.95,"lower_bound":95020014.0,"upper_bound":95782841.0},"point_estimate":95468715.5,"standard_error":190920.36517809785},"median_abs_dev":{"confidence_interval":{"confidence_level":0.95,"lower_bound":1046653.3122181892,"upper_bound":1616969.491893053},"point_estimate":1301270.583897829,"standard_error":139170.1227681234},"slope":null,"std_dev":{"confidence_interval":{"confidence_level":0.95,"lower_bound":1189357.5432054345,"upper_bound":1652146.563714873},"point_estimate":1426477.0952923712,"standard_error":117015.75745664824}}