{"mean":{"confidence_interval":{"confidence_level":0.95,"lower_bound":1505444828.4025,"upper_bound":1509909946.2649999},"point_estimate":1507648830.8,"standard_error":1144046.6490675025},"median":{"confidence_interval":{"confidence_level":0.95,"lower_bound":1504977002.0,"upper_bound":1511461067.0},"point_estimate":1506918802.5,"standard_error":1525498.3333809776},"median_abs_dev":{"confidence_interval":{"confidence_level":0.95,"lower_bound":914640.3866618872,"upper_bound":6880459.594747424},"point_estimate":3004031.4645677805,"standard_error":1658174.8189899672},"slope":null,"std_dev":{"confidence_interval":{"confidence_level":0.95,"lower_bound":2020760.1516129216,"upper_bound":4789296.826644077},"point_estimate":3813730.6713461266,"standard_error":686087.833360392}}