{"mean":{"confidence_interval":{"confidence_level":0.95,"lower_bound":1930516328.6200001,"upper_bound":2056718456.57},"point_estimate":1994239838.1,"standard_error":32448606.60339151},"median":{"confidence_interval":{"confidence_level":0.95,"lower_bound":1885769713.0,"upper_bound":2095509309.0},"point_estimate":2001908176.0,"standard_error":51575792.322372764},"median_abs_dev":{"confidence_interval":{"confidence_level":0.95,"lower_bound":32157731.310886145,"upper_bound":184383496.80073857},"point_estimate":147914728.74468863,"standard_error":40228003.939501606},"slope":null,"std_dev":{"confidence_interval":{"confidence_level":0.95,"lower_bound":66110429.129567616,"upper_bound":130166547.14709128},"point_estimate":108586251.56729306,"standard_error":16221627.951334568}}