{"mean":{"confidence_interval":{"confidence_level":0.95,"lower_bound":1348406497.2,"upper_bound":1354805003.3},"point_estimate":1351396637.5,"standard_error":1637527.2986867242},"median":{"confidence_interval":{"confidence_level":0.95,"lower_bound":1347234605.0,"upper_bound":1356991480.0},"point_estimate":1349683094.0,"standard_error":2385357.2517334432},"median_abs_dev":{"confidence_interval":{"confidence_level":0.95,"lower_bound":49377.9921233654,"upper_bound":8463820.027837157},"point_estimate":3642843.0217266083,"standard_error":2120796.38905633},"slope":null,"std_dev":{"confidence_interval":{"confidence_level":0.95,"lower_bound":1697846.3348640765,"upper_bound":6604159.352631762},"point_estimate":5462348.339416528,"standard_error":1059013.5695432066}}