{"mean":{"confidence_interval":{"confidence_level":0.95,"lower_bound":119331045.73625001,"upper_bound":119825173.0},"point_estimate":119578285.51,"standard_error":128401.03710122118},"median":{"confidence_interval":{"confidence_level":0.95,"lower_bound":119281455.0,"upper_bound":119949435.0},"point_estimate":119552470.5,"standard_error":162264.1991465476},"median_abs_dev":{"confidence_interval":{"confidence_level":0.95,"lower_bound":936098.0560809374,"upper_bound":1610820.9644772003},"point_estimate":1322041.809529066,"standard_error":171102.08403753646},"slope":null,"std_dev":{"confidence_interval":{"confidence_level":0.95,"lower_bound":1086565.778120847,"upper_bound":1476254.382274994},"point_estimate":1283436.895630213,"standard_error":98052.7376375954}}