{"mean":{"confidence_interval":{"confidence_level":0.95,"lower_bound":1052135480.09,"upper_bound":1103624761.4299998},"point_estimate":1077540172.6,"standard_error":13133318.759875678},"median":{"confidence_interval":{"confidence_level":0.95,"lower_bound":1032082916.0,"upper_bound":1104143992.0},"point_estimate":1084993226.0,"standard_error":17264813.53977044},"median_abs_dev":{"confidence_interval":{"confidence_level":0.95,"lower_bound":7385429.439282417,"upper_bound":86486305.62356114},"point_estimate":34468860.04085541,"standard_error":20190359.490342535},"slope":null,"std_dev":{"confidence_interval":{"confidence_level":0.95,"lower_bound":24641481.730040092,"upper_bound":55828407.53141766},"point_estimate":43682389.245138966,"standard_error":8150404.713813755}}