{"mean":{"confidence_interval":{"confidence_level":0.95,"lower_bound":35694821422.135,"upper_bound":35709562724.1},"point_estimate":35702629391.8,"standard_error":3766949.3103662217},"median":{"confidence_interval":{"confidence_level":0.95,"lower_bound":35695106935.5,"upper_bound":35709986536.5},"point_estimate":35705911498.5,"standard_error":3945636.6565413713},"median_abs_dev":{"confidence_interval":{"confidence_level":0.95,"lower_bound":1075049.5495140553,"upper_bound":20071840.228253603},"point_estimate":7822333.860325813,"standard_error":4900837.9247673405},"slope":null,"std_dev":{"confidence_interval":{"confidence_level":0.95,"lower_bound":5369831.139499567,"upper_bound":16706703.27015619},"point_estimate":12561654.486553254,"standard_error":2969491.315980637}}