{"mean":{"confidence_interval":{"confidence_level":0.95,"lower_bound":784352664.2,"upper_bound":794543998.3075},"point_estimate":788798587.9,"standard_error":2644749.545572465},"median":{"confidence_interval":{"confidence_level":0.95,"lower_bound":782536039.0,"upper_bound":792453824.0},"point_estimate":786469986.0,"standard_error":2467228.090913545},"median_abs_dev":{"confidence_interval":{"confidence_level":0.95,"lower_bound":885939.4750714302,"upper_bound":11564332.426992059},"point_estimate":6099284.340316057,"standard_error":2775572.8454429475},"slope":null,"std_dev":{"confidence_interval":{"confidence_level":0.95,"lower_bound":2708672.537777482,"upper_bound":12285853.031156916},"point_estimate":8800465.332246365,"standard_error":2702350.0907373936}}