{"mean":{"confidence_interval":{"confidence_level":0.95,"lower_bound":485426052.02375,"upper_bound":490085334.45},"point_estimate":487798025.15,"standard_error":1194138.8835296086},"median":{"confidence_interval":{"confidence_level":0.95,"lower_bound":483499633.5,"upper_bound":491103548.0},"point_estimate":489321402.5,"standard_error":2332170.873878527},"median_abs_dev":{"confidence_interval":{"confidence_level":0.95,"lower_bound":574804.0097951889,"upper_bound":5703473.8840430975},"point_estimate":4628474.742928147,"standard_error":1545643.723486831},"slope":null,"std_dev":{"confidence_interval":{"confidence_level":0.95,"lower_bound":2597390.797702388,"upper_bound":4551062.720311307},"point_estimate":3980386.773216567,"standard_error":497215.9518652011}}