{"mean":{"confidence_interval":{"confidence_level":0.95,"lower_bound":499491711.155,"upper_bound":503169164.30375},"point_estimate":501198553.1,"standard_error":945862.7139725742},"median":{"confidence_interval":{"confidence_level":0.95,"lower_bound":499153453.25,"upper_bound":504303368.0},"point_estimate":499537183.75,"standard_error":1287550.8421611167},"median_abs_dev":{"confidence_interval":{"confidence_level":0.95,"lower_bound":92682.51345455647,"upper_bound":4502911.127257347},"point_estimate":1011121.3212490082,"standard_error":1241848.5304987144},"slope":null,"std_dev":{"confidence_interval":{"confidence_level":0.95,"lower_bound":699569.3086173747,"upper_bound":3918879.0095894923},"point_estimate":3158201.491380936,"standard_error":691583.9529085605}}