{"mean":{"confidence_interval":{"confidence_level":0.95,"lower_bound":28333125.8,"upper_bound":28363148.41},"point_estimate":28348081.79,"standard_error":7696.883274999869},"median":{"confidence_interval":{"confidence_level":0.95,"lower_bound":28345844.5,"upper_bound":28369673.5},"point_estimate":28355383.5,"standard_error":5832.36233588794},"median_abs_dev":{"confidence_interval":{"confidence_level":0.95,"lower_bound":42400.87664723396,"upper_bound":86255.44256865978},"point_estimate":66983.1255108118,"standard_error":11271.46370691603},"slope":null,"std_dev":{"confidence_interval":{"confidence_level":0.95,"lower_bound":63636.56935316995,"upper_bound":90326.93399100882},"point_estimate":77933.1095858694,"standard_error":6969.171477961411}}