{"mean":{"confidence_interval":{"confidence_level":0.95,"lower_bound":560164681.2225,"upper_bound":590467334.505},"point_estimate":574706012.9,"standard_error":7779056.172760045},"median":{"confidence_interval":{"confidence_level":0.95,"lower_bound":554308950.5,"upper_bound":608525008.0},"point_estimate":564224324.5,"standard_error":12537276.056082185},"median_abs_dev":{"confidence_interval":{"confidence_level":0.95,"lower_bound":2036534.906244278,"upper_bound":38890457.97255635},"point_estimate":21488402.2339046,"standard_error":10756974.243860742},"slope":null,"std_dev":{"confidence_interval":{"confidence_level":0.95,"lower_bound":12174946.22865901,"upper_bound":30471936.33864472},"point_estimate":25893769.286693096,"standard_error":4172811.4081778186}}