{"mean":{"confidence_interval":{"confidence_level":0.95,"lower_bound":2718779504.585,"upper_bound":2736395071.7},"point_estimate":2727165407.5,"standard_error":4514084.974349188},"median":{"confidence_interval":{"confidence_level":0.95,"lower_bound":2713038997.0,"upper_bound":2738109977.5},"point_estimate":2726155740.0,"standard_error":6244634.549918706},"median_abs_dev":{"confidence_interval":{"confidence_level":0.95,"lower_bound":3117855.8536469936,"upper_bound":25489594.117069244},"point_estimate":16223115.961182117,"standard_error":5925790.206460288},"slope":null,"std_dev":{"confidence_interval":{"confidence_level":0.95,"lower_bound":8001948.198824975,"upper_bound":19240200.505980972},"point_estimate":15056062.78958866,"standard_error":2991339.5777070355}}