{"mean":{"confidence_interval":{"confidence_level":0.95,"lower_bound":22291776189.0,"upper_bound":22362023882.2775},"point_estimate":22326966500.9,"standard_error":17981116.928906433},"median":{"confidence_interval":{"confidence_level":0.95,"lower_bound":22270959519.5,"upper_bound":22375687760.5},"point_estimate":22335453104.5,"standard_error":26999705.025003668},"median_abs_dev":{"confidence_interval":{"confidence_level":0.95,"lower_bound":12827796.711561084,"upper_bound":104680923.7257421},"point_estimate":76359839.42254186,"standard_error":23608916.52900986},"slope":null,"std_dev":{"confidence_interval":{"confidence_level":0.95,"lower_bound":36317253.11959534,"upper_bound":72450884.82851651},"point_estimate":59733555.48709498,"standard_error":9210335.4208301}}