{"mean":{"confidence_interval":{"confidence_level":0.95,"lower_bound":-0.014054889166118,"upper_bound":-0.005973086196628519},"point_estimate":-0.009839223665399688,"standard_error":0.0020709727507670734},"median":{"confidence_interval":{"confidence_level":0.95,"lower_bound":-0.01580263189256026,"upper_bound":-0.0045949417848730745},"point_estimate":-0.007292217546908453,"standard_error":0.0029692373213642113}}