{"mean":{"confidence_interval":{"confidence_level":0.95,"lower_bound":552238119.6,"upper_bound":559021369.2750001},"point_estimate":555350058.2,"standard_error":1737961.5098030851},"median":{"confidence_interval":{"confidence_level":0.95,"lower_bound":551544830.0,"upper_bound":558533808.0},"point_estimate":553702661.0,"standard_error":1735348.4262488596},"median_abs_dev":{"confidence_interval":{"confidence_level":0.95,"lower_bound":658794.7809040546,"upper_bound":8906737.133073807},"point_estimate":3258562.745448947,"standard_error":2111807.9173853556},"slope":null,"std_dev":{"confidence_interval":{"confidence_level":0.95,"lower_bound":2019254.4071961255,"upper_bound":7743583.008402857},"point_estimate":5810004.916660107,"standard_error":1488837.204143199}}