{"mean":{"confidence_interval":{"confidence_level":0.95,"lower_bound":667039758.3625001,"upper_bound":678147264.0},"point_estimate":672506129.8,"standard_error":2846001.9181765667},"median":{"confidence_interval":{"confidence_level":0.95,"lower_bound":663506190.0,"upper_bound":681933143.0},"point_estimate":671729038.0,"standard_error":5387043.927329877},"median_abs_dev":{"confidence_interval":{"confidence_level":0.95,"lower_bound":1652691.9969588518,"upper_bound":14079976.186430454},"point_estimate":11236151.509818435,"standard_error":3756651.932360496},"slope":null,"std_dev":{"confidence_interval":{"confidence_level":0.95,"lower_bound":6142113.775494489,"upper_bound":11110473.341453021},"point_estimate":9482959.123829577,"standard_error":1276143.9864098732}}