{"mean":{"confidence_interval":{"confidence_level":0.95,"lower_bound":51991828633.7,"upper_bound":52250444438.0},"point_estimate":52122377422.9,"standard_error":66222029.9976301},"median":{"confidence_interval":{"confidence_level":0.95,"lower_bound":51928489091.0,"upper_bound":52330774685.0},"point_estimate":52145185453.0,"standard_error":147524829.1748576},"median_abs_dev":{"confidence_interval":{"confidence_level":0.95,"lower_bound":19673465.615326166,"upper_bound":314555529.860723},"point_estimate":278456826.1711031,"standard_error":103714853.24750249},"slope":null,"std_dev":{"confidence_interval":{"confidence_level":0.95,"lower_bound":153240656.56518438,"upper_bound":252953135.8260967},"point_estimate":221025284.3914274,"standard_error":26208282.73150998}}