{"mean":{"confidence_interval":{"confidence_level":0.95,"lower_bound":1073764354.2,"upper_bound":1144999518.6},"point_estimate":1109000878.2,"standard_error":18291905.947416488},"median":{"confidence_interval":{"confidence_level":0.95,"lower_bound":1054604570.0,"upper_bound":1167352557.0},"point_estimate":1098502077.0,"standard_error":34804791.639859915},"median_abs_dev":{"confidence_interval":{"confidence_level":0.95,"lower_bound":11651277.27854848,"upper_bound":99206148.3006388},"point_estimate":82914055.11698127,"standard_error":23404361.891947668},"slope":null,"std_dev":{"confidence_interval":{"confidence_level":0.95,"lower_bound":39563358.17171894,"upper_bound":71456140.66239122},"point_estimate":61040271.85013031,"standard_error":8137537.627254793}}