{"mean":{"confidence_interval":{"confidence_level":0.95,"lower_bound":379186467.38375,"upper_bound":390530639.35},"point_estimate":384912224.55,"standard_error":2910595.2537944885},"median":{"confidence_interval":{"confidence_level":0.95,"lower_bound":374205482.0,"upper_bound":393226327.0},"point_estimate":387353160.25,"standard_error":5571072.099969499},"median_abs_dev":{"confidence_interval":{"confidence_level":0.95,"lower_bound":1431793.1258305907,"upper_bound":15335120.119947195},"point_estimate":10617548.16095084,"standard_error":3971470.926711517},"slope":null,"std_dev":{"confidence_interval":{"confidence_level":0.95,"lower_bound":6280305.676088658,"upper_bound":11295583.459420456},"point_estimate":9700142.847481947,"standard_error":1285687.4941605667}}