{"mean":{"confidence_interval":{"confidence_level":0.95,"lower_bound":2158252454.1825,"upper_bound":2161036971.415},"point_estimate":2159590903.0,"standard_error":716779.8682751352},"median":{"confidence_interval":{"confidence_level":0.95,"lower_bound":2157376664.0,"upper_bound":2161423987.5},"point_estimate":2159631351.0,"standard_error":915981.8232090925},"median_abs_dev":{"confidence_interval":{"confidence_level":0.95,"lower_bound":270954.782089591,"upper_bound":4129822.2568809986},"point_estimate":2596405.4278045893,"standard_error":1029911.913971197},"slope":null,"std_dev":{"confidence_interval":{"confidence_level":0.95,"lower_bound":1266873.285756623,"upper_bound":2995051.550523391},"point_estimate":2386454.836550466,"standard_error":438416.48331055546}}