{"mean":{"confidence_interval":{"confidence_level":0.95,"lower_bound":121102233023.2725,"upper_bound":121442855216.7},"point_estimate":121267426105.2,"standard_error":87761945.99393594},"median":{"confidence_interval":{"confidence_level":0.95,"lower_bound":121025540901.0,"upper_bound":121560376882.5},"point_estimate":121126602265.0,"standard_error":157288956.39244604},"median_abs_dev":{"confidence_interval":{"confidence_level":0.95,"lower_bound":24055758.339124918,"upper_bound":481642619.5143342},"point_estimate":263656063.2510692,"standard_error":119701221.84650137},"slope":null,"std_dev":{"confidence_interval":{"confidence_level":0.95,"lower_bound":174978434.175535,"upper_bound":339888275.3834133},"point_estimate":292868197.1525949,"standard_error":41939385.395846575}}