{"mean":{"confidence_interval":{"confidence_level":0.95,"lower_bound":413798918.30125,"upper_bound":414349950.455},"point_estimate":414083448.35,"standard_error":141608.06668104936},"median":{"confidence_interval":{"confidence_level":0.95,"lower_bound":413724570.5,"upper_bound":414512966.5},"point_estimate":414048871.5,"standard_error":210693.05794954541},"median_abs_dev":{"confidence_interval":{"confidence_level":0.95,"lower_bound":79404.71874028444,"upper_bound":840631.2198758125},"point_estimate":573149.4282245636,"standard_error":187421.82959308286},"slope":null,"std_dev":{"confidence_interval":{"confidence_level":0.95,"lower_bound":273057.9301492752,"upper_bound":596407.8308862092},"point_estimate":471836.7234146463,"standard_error":84837.29995162152}}