{"mean":{"confidence_interval":{"confidence_level":0.95,"lower_bound":32268885207.62,"upper_bound":32614924195.0},"point_estimate":32431377156.3,"standard_error":89183623.1414336},"median":{"confidence_interval":{"confidence_level":0.95,"lower_bound":32212412700.0,"upper_bound":32743605470.0},"point_estimate":32322375755.5,"standard_error":125174028.70636997},"median_abs_dev":{"confidence_interval":{"confidence_level":0.95,"lower_bound":43002612.82685101,"upper_bound":441198052.8061688},"point_estimate":207171097.6850778,"standard_error":108352544.4406252},"slope":null,"std_dev":{"confidence_interval":{"confidence_level":0.95,"lower_bound":108232394.46092188,"upper_bound":367171074.3496172},"point_estimate":296492520.27918017,"standard_error":58529577.19159336}}