{"mean":{"confidence_interval":{"confidence_level":0.95,"lower_bound":70964724.86,"upper_bound":71086705.81},"point_estimate":71027306.99,"standard_error":31297.629111697417},"median":{"confidence_interval":{"confidence_level":0.95,"lower_bound":70941301.0,"upper_bound":71058674.5},"point_estimate":71002920.5,"standard_error":33625.575089390295},"median_abs_dev":{"confidence_interval":{"confidence_level":0.95,"lower_bound":195835.14792323112,"upper_bound":368599.5576560497},"point_estimate":263930.2234143019,"standard_error":44691.15010781512},"slope":null,"std_dev":{"confidence_interval":{"confidence_level":0.95,"lower_bound":272374.7718556373,"upper_bound":347454.4263547974},"point_estimate":313467.8206424596,"standard_error":19092.75126883377}}