{"mean":{"confidence_interval":{"confidence_level":0.95,"lower_bound":1660544542.5,"upper_bound":1669909844.175},"point_estimate":1664822806.7,"standard_error":2414152.074025594},"median":{"confidence_interval":{"confidence_level":0.95,"lower_bound":1659164911.0,"upper_bound":1670844197.5},"point_estimate":1662499544.0,"standard_error":2870434.184933352},"median_abs_dev":{"confidence_interval":{"confidence_level":0.95,"lower_bound":481539.5758509636,"upper_bound":12266369.46002841},"point_estimate":5119957.375502586,"standard_error":2976874.4771614713},"slope":null,"std_dev":{"confidence_interval":{"confidence_level":0.95,"lower_bound":2870149.6899899933,"upper_bound":10307476.451948402},"point_estimate":8064827.378964455,"standard_error":1940477.640622081}}