{"mean":{"confidence_interval":{"confidence_level":0.95,"lower_bound":106442393.15349999,"upper_bound":106911089.2815},"point_estimate":106681016.21,"standard_error":120370.13276330623},"median":{"confidence_interval":{"confidence_level":0.95,"lower_bound":106558240.0,"upper_bound":107003229.0},"point_estimate":106721818.0,"standard_error":115559.92398487974},"median_abs_dev":{"confidence_interval":{"confidence_level":0.95,"lower_bound":743013.13110888,"upper_bound":1293816.8866601565},"point_estimate":973584.1138154268,"standard_error":145037.07008928756},"slope":null,"std_dev":{"confidence_interval":{"confidence_level":0.95,"lower_bound":1003776.5027161544,"upper_bound":1401266.7127696748},"point_estimate":1208733.2762479808,"standard_error":101435.59765114258}}