{"mean":{"confidence_interval":{"confidence_level":0.95,"lower_bound":665726894.7,"upper_bound":668344471.26},"point_estimate":667040760.5,"standard_error":666567.0241812292},"median":{"confidence_interval":{"confidence_level":0.95,"lower_bound":665382412.5,"upper_bound":669067141.0},"point_estimate":666772060.0,"standard_error":887008.0172262115},"median_abs_dev":{"confidence_interval":{"confidence_level":0.95,"lower_bound":5500592.679744959,"upper_bound":8766747.078359127},"point_estimate":6574570.3094780445,"standard_error":813458.1697186748},"slope":null,"std_dev":{"confidence_interval":{"confidence_level":0.95,"lower_bound":5676773.10107251,"upper_bound":7606313.789639102},"point_estimate":6686283.875430332,"standard_error":491217.71845475474}}