{"mean":{"confidence_interval":{"confidence_level":0.95,"lower_bound":300765106.15,"upper_bound":308484821.8},"point_estimate":304698512.45,"standard_error":1972828.313489363},"median":{"confidence_interval":{"confidence_level":0.95,"lower_bound":297972860.5,"upper_bound":311300013.0},"point_estimate":305369256.5,"standard_error":3106788.355726782},"median_abs_dev":{"confidence_interval":{"confidence_level":0.95,"lower_bound":1495059.3732073903,"upper_bound":10957988.697306812},"point_estimate":9649113.116843998,"standard_error":2584779.4917192357},"slope":null,"std_dev":{"confidence_interval":{"confidence_level":0.95,"lower_bound":3951671.071196632,"upper_bound":7955951.982275407},"point_estimate":6593766.487683696,"standard_error":1012273.6775945463}}