{"mean":{"confidence_interval":{"confidence_level":0.95,"lower_bound":832703120.6,"upper_bound":845067801.1},"point_estimate":838208838.0,"standard_error":3188707.6590335094},"median":{"confidence_interval":{"confidence_level":0.95,"lower_bound":831053432.0,"upper_bound":842850804.5},"point_estimate":835399581.5,"standard_error":3303413.3367119026},"median_abs_dev":{"confidence_interval":{"confidence_level":0.95,"lower_bound":1649972.1673071384,"upper_bound":14784561.067521572},"point_estimate":9328555.358085036,"standard_error":3243175.1243388834},"slope":null,"std_dev":{"confidence_interval":{"confidence_level":0.95,"lower_bound":4293292.030710224,"upper_bound":15068448.90610017},"point_estimate":10692300.476708556,"standard_error":3215937.138593119}}