{"mean":{"confidence_interval":{"confidence_level":0.95,"lower_bound":852454292.5,"upper_bound":859111430.4},"point_estimate":855681855.2,"standard_error":1705846.0594454969},"median":{"confidence_interval":{"confidence_level":0.95,"lower_bound":851652297.0,"upper_bound":860016756.0},"point_estimate":854851594.0,"standard_error":2126032.41019977},"median_abs_dev":{"confidence_interval":{"confidence_level":0.95,"lower_bound":1065463.7993842363,"upper_bound":9375445.547452569},"point_estimate":4641053.121104836,"standard_error":2141387.049665661},"slope":null,"std_dev":{"confidence_interval":{"confidence_level":0.95,"lower_bound":2967148.6033194596,"upper_bound":7357948.336480746},"point_estimate":5711040.717796204,"standard_error":1127685.6745897946}}