{"mean":{"confidence_interval":{"confidence_level":0.95,"lower_bound":1057522515.0,"upper_bound":1059480421.1},"point_estimate":1058511192.7,"standard_error":498023.26372540835},"median":{"confidence_interval":{"confidence_level":0.95,"lower_bound":1057291323.0,"upper_bound":1059506519.5},"point_estimate":1058676661.5,"standard_error":484213.21683862153},"median_abs_dev":{"confidence_interval":{"confidence_level":0.95,"lower_bound":168905.94330132008,"upper_bound":2742778.816705942},"point_estimate":1280371.8546688557,"standard_error":701168.3204625777},"slope":null,"std_dev":{"confidence_interval":{"confidence_level":0.95,"lower_bound":719910.0800266709,"upper_bound":2237439.912655089},"point_estimate":1661785.8934463684,"standard_error":387225.1687404541}}