{"mean":{"confidence_interval":{"confidence_level":0.95,"lower_bound":16989277764.4,"upper_bound":17269382891.4},"point_estimate":17131494795.7,"standard_error":71790606.61810447},"median":{"confidence_interval":{"confidence_level":0.95,"lower_bound":16959543011.5,"upper_bound":17335277202.0},"point_estimate":17147324060.0,"standard_error":100251438.25747508},"median_abs_dev":{"confidence_interval":{"confidence_level":0.95,"lower_bound":72440161.62723005,"upper_bound":407465694.3173379},"point_estimate":273906524.4769871,"standard_error":85343929.72224759},"slope":null,"std_dev":{"confidence_interval":{"confidence_level":0.95,"lower_bound":135913097.4266852,"upper_bound":305605410.229375},"point_estimate":239790707.0943131,"standard_error":44103731.09966108}}