{"mean":{"confidence_interval":{"confidence_level":0.95,"lower_bound":69661674.36,"upper_bound":70121950.46},"point_estimate":69889851.91,"standard_error":116681.4426687225},"median":{"confidence_interval":{"confidence_level":0.95,"lower_bound":69528795.0,"upper_bound":70154809.22499995},"point_estimate":69868396.5,"standard_error":175692.52216839758},"median_abs_dev":{"confidence_interval":{"confidence_level":0.95,"lower_bound":952004.8711985358,"upper_bound":1496908.546024561},"point_estimate":1181954.6445161104,"standard_error":139942.03445804206},"slope":null,"std_dev":{"confidence_interval":{"confidence_level":0.95,"lower_bound":993799.5807057776,"upper_bound":1328423.501332461},"point_estimate":1165785.1522867428,"standard_error":83398.38969383728}}