{"mean":{"confidence_interval":{"confidence_level":0.95,"lower_bound":67402409.91,"upper_bound":67450961.14},"point_estimate":67426110.02,"standard_error":12229.553555967055},"median":{"confidence_interval":{"confidence_level":0.95,"lower_bound":67387624.0,"upper_bound":67450933.0},"point_estimate":67428253.5,"standard_error":15037.837291291156},"median_abs_dev":{"confidence_interval":{"confidence_level":0.95,"lower_bound":88451.91442966461,"upper_bound":144122.06084132195},"point_estimate":108873.98776710033,"standard_error":13546.708070954988},"slope":null,"std_dev":{"confidence_interval":{"confidence_level":0.95,"lower_bound":95951.33077039894,"upper_bound":143720.77187265697},"point_estimate":119901.04930771248,"standard_error":12419.531307283669}}