{"mean":{"confidence_interval":{"confidence_level":0.95,"lower_bound":400617481.4,"upper_bound":413161148.1},"point_estimate":406838410.6,"standard_error":3221156.020359977},"median":{"confidence_interval":{"confidence_level":0.95,"lower_bound":396840029.0,"upper_bound":416290353.75},"point_estimate":406305342.75,"standard_error":5601273.7962615155},"median_abs_dev":{"confidence_interval":{"confidence_level":0.95,"lower_bound":3287969.0039768815,"upper_bound":17561392.453546617},"point_estimate":12869451.840421557,"standard_error":3741112.1918671858},"slope":null,"std_dev":{"confidence_interval":{"confidence_level":0.95,"lower_bound":6849259.0448007975,"upper_bound":12818871.0044581},"point_estimate":10744631.913883066,"standard_error":1528500.9923619467}}