{"mean":{"confidence_interval":{"confidence_level":0.95,"lower_bound":240729455.92374998,"upper_bound":246231748.7},"point_estimate":243606664.5,"standard_error":1397462.581443796},"median":{"confidence_interval":{"confidence_level":0.95,"lower_bound":241790884.0,"upper_bound":247085483.5},"point_estimate":243204078.5,"standard_error":1332203.332640821},"median_abs_dev":{"confidence_interval":{"confidence_level":0.95,"lower_bound":710671.6952830553,"upper_bound":7470267.51627624},"point_estimate":2587795.228457451,"standard_error":1790799.4063322074},"slope":null,"std_dev":{"confidence_interval":{"confidence_level":0.95,"lower_bound":1935904.093796517,"upper_bound":6475544.442411929},"point_estimate":4660563.031464267,"standard_error":1191218.8069505664}}