{"mean":{"confidence_interval":{"confidence_level":0.95,"lower_bound":-0.025775207342836292,"upper_bound":-0.013519688029506998},"point_estimate":-0.019849720775667712,"standard_error":0.0031285097922231163},"median":{"confidence_interval":{"confidence_level":0.95,"lower_bound":-0.029508376572866313,"upper_bound":-0.011488222422930572},"point_estimate":-0.021605321817345646,"standard_error":0.005167765763048038}}