{"mean":{"confidence_interval":{"confidence_level":0.95,"lower_bound":994689211.0525,"upper_bound":1056241689.2199999},"point_estimate":1024313245.6,"standard_error":15714045.143857159},"median":{"confidence_interval":{"confidence_level":0.95,"lower_bound":982763094.0,"upper_bound":1057409308.0},"point_estimate":1025486893.5,"standard_error":21857502.246714197},"median_abs_dev":{"confidence_interval":{"confidence_level":0.95,"lower_bound":8757041.978931427,"upper_bound":94665834.88254547},"point_estimate":53582080.03682792,"standard_error":20166317.49562391},"slope":null,"std_dev":{"confidence_interval":{"confidence_level":0.95,"lower_bound":27783405.110969547,"upper_bound":69432199.7334701},"point_estimate":52285281.97282416,"standard_error":11154803.353319475}}