{"mean":{"confidence_interval":{"confidence_level":0.95,"lower_bound":1356853078.4,"upper_bound":1374294699.8},"point_estimate":1365543809.7,"standard_error":4493283.835518144},"median":{"confidence_interval":{"confidence_level":0.95,"lower_bound":1352354989.0,"upper_bound":1380827922.5},"point_estimate":1360987904.5,"standard_error":7544664.969528828},"median_abs_dev":{"confidence_interval":{"confidence_level":0.95,"lower_bound":619439.9059027433,"upper_bound":23955968.982696533},"point_estimate":22869370.72068751,"standard_error":6910481.769613056},"slope":null,"std_dev":{"confidence_interval":{"confidence_level":0.95,"lower_bound":9445891.61692338,"upper_bound":17865382.177399483},"point_estimate":14917863.816580927,"standard_error":2172979.7508452726}}