{"mean":{"confidence_interval":{"confidence_level":0.95,"lower_bound":87119976.14,"upper_bound":87735677.59},"point_estimate":87416682.76,"standard_error":158548.51731229518},"median":{"confidence_interval":{"confidence_level":0.95,"lower_bound":86602553.0,"upper_bound":86926930.0},"point_estimate":86769301.5,"standard_error":74163.29008852052},"median_abs_dev":{"confidence_interval":{"confidence_level":0.95,"lower_bound":467356.2832027674,"upper_bound":899537.8820300102},"point_estimate":699388.3681833744,"standard_error":108750.37753695018},"slope":null,"std_dev":{"confidence_interval":{"confidence_level":0.95,"lower_bound":1238207.127099255,"upper_bound":1885561.241944609},"point_estimate":1600929.3268268227,"standard_error":165355.44940916947}}