{"mean":{"confidence_interval":{"confidence_level":0.95,"lower_bound":881293217.3,"upper_bound":938872670.4},"point_estimate":908868765.7,"standard_error":14735791.753146324},"median":{"confidence_interval":{"confidence_level":0.95,"lower_bound":869999040.0,"upper_bound":941557425.5},"point_estimate":903310628.5,"standard_error":15655187.303463897},"median_abs_dev":{"confidence_interval":{"confidence_level":0.95,"lower_bound":5025019.827488065,"upper_bound":84735408.42824578},"point_estimate":43309298.268306255,"standard_error":20449183.593939207},"slope":null,"std_dev":{"confidence_interval":{"confidence_level":0.95,"lower_bound":24624481.120956875,"upper_bound":63958747.837593265},"point_estimate":48969471.076168664,"standard_error":10381735.888181685}}