{"mean":{"confidence_interval":{"confidence_level":0.95,"lower_bound":-0.026352910239772986,"upper_bound":0.003070144374369547},"point_estimate":-0.01207809872915333,"standard_error":0.007496796332740282},"median":{"confidence_interval":{"confidence_level":0.95,"lower_bound":-0.029903186221849842,"upper_bound":0.0029878800087734803},"point_estimate":-0.011872580181377379,"standard_error":0.008601256172812948}}