{"mean":{"confidence_interval":{"confidence_level":0.95,"lower_bound":67706323.64,"upper_bound":67908747.72},"point_estimate":67803632.14,"standard_error":51724.71821898426},"median":{"confidence_interval":{"confidence_level":0.95,"lower_bound":67477834.0,"upper_bound":67842106.0},"point_estimate":67547679.0,"standard_error":95395.32062383564},"median_abs_dev":{"confidence_interval":{"confidence_level":0.95,"lower_bound":237716.37327969074,"upper_bound":705339.5244777203},"point_estimate":398006.92813396454,"standard_error":116447.84399001737},"slope":null,"std_dev":{"confidence_interval":{"confidence_level":0.95,"lower_bound":464022.1394752979,"upper_bound":561152.5190671858},"point_estimate":517738.18345563405,"standard_error":24691.52283202974}}