{"mean":{"confidence_interval":{"confidence_level":0.95,"lower_bound":1037347287.43,"upper_bound":1039024480.9975},"point_estimate":1038219695.9,"standard_error":430946.410798918},"median":{"confidence_interval":{"confidence_level":0.95,"lower_bound":1037123635.5,"upper_bound":1039206946.5},"point_estimate":1038560325.5,"standard_error":497054.32880397904},"median_abs_dev":{"confidence_interval":{"confidence_level":0.95,"lower_bound":239871.33234143257,"upper_bound":2422977.5545835495},"point_estimate":1009069.402885437,"standard_error":605122.1548382827},"slope":null,"std_dev":{"confidence_interval":{"confidence_level":0.95,"lower_bound":663432.1763534435,"upper_bound":1818354.234709352},"point_estimate":1434957.5001905842,"standard_error":284084.786082501}}