{"mean":{"confidence_interval":{"confidence_level":0.95,"lower_bound":8131770554.03,"upper_bound":8137754243.53675},"point_estimate":8134748650.39,"standard_error":1540944.436207043},"median":{"confidence_interval":{"confidence_level":0.95,"lower_bound":8131651808.0,"upper_bound":8137286579.5},"point_estimate":8134950217.0,"standard_error":1536244.7899299292},"median_abs_dev":{"confidence_interval":{"confidence_level":0.95,"lower_bound":6933064.669571004,"upper_bound":12811574.84394908},"point_estimate":9541987.485095859,"standard_error":1496947.746538467},"slope":null,"std_dev":{"confidence_interval":{"confidence_level":0.95,"lower_bound":11437726.178022068,"upper_bound":18640024.11461894},"point_estimate":15154708.066608869,"standard_error":1853848.896583628}}