{"mean":{"confidence_interval":{"confidence_level":0.95,"lower_bound":519063612.27,"upper_bound":523105304.68},"point_estimate":521167442.4,"standard_error":1033003.5387391362},"median":{"confidence_interval":{"confidence_level":0.95,"lower_bound":518316143.0,"upper_bound":524650508.0},"point_estimate":521672543.0,"standard_error":1499284.3920120813},"median_abs_dev":{"confidence_interval":{"confidence_level":0.95,"lower_bound":297865.4542118311,"upper_bound":5520348.324394226},"point_estimate":4438289.042204618,"standard_error":1390086.395475673},"slope":null,"std_dev":{"confidence_interval":{"confidence_level":0.95,"lower_bound":1847110.448876341,"upper_bound":4322982.659454416},"point_estimate":3444682.575997233,"standard_error":638332.6831438328}}