{"mean":{"confidence_interval":{"confidence_level":0.95,"lower_bound":151895759.14,"upper_bound":152170124.16025},"point_estimate":152033281.35,"standard_error":71720.79407986529},"median":{"confidence_interval":{"confidence_level":0.95,"lower_bound":151839126.0,"upper_bound":152174723.0},"point_estimate":152043909.5,"standard_error":88841.2158945695},"median_abs_dev":{"confidence_interval":{"confidence_level":0.95,"lower_bound":560054.3639570475,"upper_bound":898560.1073473692},"point_estimate":767795.5309689045,"standard_error":85412.28292023111},"slope":null,"std_dev":{"confidence_interval":{"confidence_level":0.95,"lower_bound":623561.9841151461,"upper_bound":814468.6951563021},"point_estimate":726205.2661308295,"standard_error":48157.228509829365}}