{"mean":{"confidence_interval":{"confidence_level":0.95,"lower_bound":183174149.07,"upper_bound":183590854.9},"point_estimate":183376210.96,"standard_error":105097.14496823557},"median":{"confidence_interval":{"confidence_level":0.95,"lower_bound":182870140.0,"upper_bound":183483424.0},"point_estimate":183282958.5,"standard_error":170448.22349098223},"median_abs_dev":{"confidence_interval":{"confidence_level":0.95,"lower_bound":784902.5107651949,"upper_bound":1340682.538998127},"point_estimate":1103585.892507434,"standard_error":143075.8980178138},"slope":null,"std_dev":{"confidence_interval":{"confidence_level":0.95,"lower_bound":854966.156277218,"upper_bound":1225477.932868989},"point_estimate":1030824.2380590095,"standard_error":94714.92138589095}}