{"mean":{"confidence_interval":{"confidence_level":0.95,"lower_bound":0.02111193832038112,"upper_bound":0.10829746294708989},"point_estimate":0.06788292102096816,"standard_error":0.02261851785765879},"median":{"confidence_interval":{"confidence_level":0.95,"lower_bound":0.04117347881559974,"upper_bound":0.1309379022930457},"point_estimate":0.09471398371065765,"standard_error":0.02154286975336987}}