{"mean":{"confidence_interval":{"confidence_level":0.95,"lower_bound":17572416.58,"upper_bound":17693764.95},"point_estimate":17633166.17,"standard_error":30752.578047524916},"median":{"confidence_interval":{"confidence_level":0.95,"lower_bound":17627601.0,"upper_bound":17696451.0},"point_estimate":17662706.0,"standard_error":17464.629994474097},"median_abs_dev":{"confidence_interval":{"confidence_level":0.95,"lower_bound":165321.7578649521,"upper_bound":540106.7226111889},"point_estimate":396948.351752758,"standard_error":103508.74553454031},"slope":null,"std_dev":{"confidence_interval":{"confidence_level":0.95,"lower_bound":275474.93184840836,"upper_bound":333822.6280190599},"point_estimate":307957.5790856659,"standard_error":14961.478424287929}}