{"mean":{"confidence_interval":{"confidence_level":0.95,"lower_bound":2036063526.0,"upper_bound":2051563731.3},"point_estimate":2043824012.7,"standard_error":3978006.553416815},"median":{"confidence_interval":{"confidence_level":0.95,"lower_bound":2030381168.0,"upper_bound":2055751675.5},"point_estimate":2046751440.5,"standard_error":6788362.840504489},"median_abs_dev":{"confidence_interval":{"confidence_level":0.95,"lower_bound":2868725.6844699383,"upper_bound":21656768.5108155},"point_estimate":21078433.689182997,"standard_error":5872331.167428097},"slope":null,"std_dev":{"confidence_interval":{"confidence_level":0.95,"lower_bound":8425975.163039004,"upper_bound":15761501.606307006},"point_estimate":13240487.575220501,"standard_error":1886915.9421887328}}