{"mean":{"confidence_interval":{"confidence_level":0.95,"lower_bound":1145650702.5,"upper_bound":1206692245.08},"point_estimate":1174855628.2,"standard_error":15645276.500376927},"median":{"confidence_interval":{"confidence_level":0.95,"lower_bound":1136597179.5,"upper_bound":1223643538.0},"point_estimate":1157039852.0,"standard_error":22160022.98935126},"median_abs_dev":{"confidence_interval":{"confidence_level":0.95,"lower_bound":7625843.403214216,"upper_bound":85530173.19403589},"point_estimate":44870455.28419018,"standard_error":20880180.622778304},"slope":null,"std_dev":{"confidence_interval":{"confidence_level":0.95,"lower_bound":27417007.8107887,"upper_bound":65734097.70664302},"point_estimate":52298345.336308695,"standard_error":9726889.991624847}}