{"mean":{"confidence_interval":{"confidence_level":0.95,"lower_bound":9679506768.195,"upper_bound":9894685323.1},"point_estimate":9790323007.6,"standard_error":55224737.78136771},"median":{"confidence_interval":{"confidence_level":0.95,"lower_bound":9623090122.0,"upper_bound":9946422176.0},"point_estimate":9846130335.5,"standard_error":99068641.56791486},"median_abs_dev":{"confidence_interval":{"confidence_level":0.95,"lower_bound":43289865.83045125,"upper_bound":285879853.60441804},"point_estimate":215429012.7459705,"standard_error":69744462.37415132},"slope":null,"std_dev":{"confidence_interval":{"confidence_level":0.95,"lower_bound":112638972.50458664,"upper_bound":219566405.7120764},"point_estimate":184028134.64669818,"standard_error":27035167.50939898}}