{"mean":{"confidence_interval":{"confidence_level":0.95,"lower_bound":1139943102.3,"upper_bound":1224709991.5},"point_estimate":1180685254.4,"standard_error":21746545.436832927},"median":{"confidence_interval":{"confidence_level":0.95,"lower_bound":1119990160.0,"upper_bound":1241937111.0},"point_estimate":1166136925.5,"standard_error":31689675.198207337},"median_abs_dev":{"confidence_interval":{"confidence_level":0.95,"lower_bound":18222290.83068967,"upper_bound":120548719.03593242},"point_estimate":70255148.78142178,"standard_error":26725217.925996397},"slope":null,"std_dev":{"confidence_interval":{"confidence_level":0.95,"lower_bound":39197314.01754601,"upper_bound":91505384.34058729},"point_estimate":72362565.33329622,"standard_error":13492989.77083854}}