{"mean":{"confidence_interval":{"confidence_level":0.95,"lower_bound":170149839.2,"upper_bound":170895462.57},"point_estimate":170528002.09,"standard_error":189473.97917589106},"median":{"confidence_interval":{"confidence_level":0.95,"lower_bound":169621033.0,"upper_bound":170873802.0},"point_estimate":170318251.0,"standard_error":308621.5515153445},"median_abs_dev":{"confidence_interval":{"confidence_level":0.95,"lower_bound":1491339.9005234241,"upper_bound":2227549.380353093},"point_estimate":1879698.0680286884,"standard_error":192261.82651641485},"slope":null,"std_dev":{"confidence_interval":{"confidence_level":0.95,"lower_bound":1490519.6072193412,"upper_bound":2323416.3535359483},"point_estimate":1912396.9728167183,"standard_error":206199.224145835}}