{"mean":{"confidence_interval":{"confidence_level":0.95,"lower_bound":344762702604.0775,"upper_bound":351891854632.2},"point_estimate":348314567799.9,"standard_error":1831555317.7929752},"median":{"confidence_interval":{"confidence_level":0.95,"lower_bound":342367337434.0,"upper_bound":353708979452.0},"point_estimate":349181212703.5,"standard_error":3053759700.515648},"median_abs_dev":{"confidence_interval":{"confidence_level":0.95,"lower_bound":1619561413.9385371,"upper_bound":10387851686.873568},"point_estimate":8505823732.260042,"standard_error":2425355784.5811286},"slope":null,"std_dev":{"confidence_interval":{"confidence_level":0.95,"lower_bound":3877401714.512516,"upper_bound":7349030240.44448},"point_estimate":6121140458.545194,"standard_error":893975670.4891914}}