{"mean":{"confidence_interval":{"confidence_level":0.95,"lower_bound":366686922.0075,"upper_bound":388084734.7},"point_estimate":376799611.75,"standard_error":5492108.775308491},"median":{"confidence_interval":{"confidence_level":0.95,"lower_bound":363389183.5,"upper_bound":391365166.0},"point_estimate":373563378.0,"standard_error":6274150.445855323},"median_abs_dev":{"confidence_interval":{"confidence_level":0.95,"lower_bound":2505781.875063479,"upper_bound":29412066.613331437},"point_estimate":19874223.736461997,"standard_error":8030733.237627997},"slope":null,"std_dev":{"confidence_interval":{"confidence_level":0.95,"lower_bound":8800067.568414405,"upper_bound":23834060.574656345},"point_estimate":18336693.501477424,"standard_error":3889018.168419116}}