{"mean":{"confidence_interval":{"confidence_level":0.95,"lower_bound":53396239.68525,"upper_bound":53831530.13},"point_estimate":53619646.7,"standard_error":114360.76380848483},"median":{"confidence_interval":{"confidence_level":0.95,"lower_bound":53376160.0,"upper_bound":53913965.0},"point_estimate":53701877.0,"standard_error":143814.709798092},"median_abs_dev":{"confidence_interval":{"confidence_level":0.95,"lower_bound":863865.7853633165,"upper_bound":1337043.497362733},"point_estimate":1104920.9737837315,"standard_error":121609.40206168948},"slope":null,"std_dev":{"confidence_interval":{"confidence_level":0.95,"lower_bound":971860.7075175655,"upper_bound":1277664.3819840613},"point_estimate":1128535.1279710238,"standard_error":77852.83280462796}}