{"mean":{"confidence_interval":{"confidence_level":0.95,"lower_bound":13408310429.5,"upper_bound":13563391482.75},"point_estimate":13488784616.7,"standard_error":39767640.8276224},"median":{"confidence_interval":{"confidence_level":0.95,"lower_bound":13394696392.0,"upper_bound":13622256436.0},"point_estimate":13492833712.0,"standard_error":51911170.78596542},"median_abs_dev":{"confidence_interval":{"confidence_level":0.95,"lower_bound":20879287.154218554,"upper_bound":226862252.9419899},"point_estimate":160801663.4039998,"standard_error":54835640.5228721},"slope":null,"std_dev":{"confidence_interval":{"confidence_level":0.95,"lower_bound":72048606.61397785,"upper_bound":171424644.83305708},"point_estimate":132237028.78114899,"standard_error":26717351.068070825}}