{"mean":{"confidence_interval":{"confidence_level":0.95,"lower_bound":63907798.88,"upper_bound":64387436.51},"point_estimate":64139638.26,"standard_error":120006.5651721217},"median":{"confidence_interval":{"confidence_level":0.95,"lower_bound":63822801.0,"upper_bound":64273203.0},"point_estimate":64089044.5,"standard_error":131525.37143627842},"median_abs_dev":{"confidence_interval":{"confidence_level":0.95,"lower_bound":859612.9473388195,"upper_bound":1624456.62176013},"point_estimate":1261868.26569736,"standard_error":204185.14564994865},"slope":null,"std_dev":{"confidence_interval":{"confidence_level":0.95,"lower_bound":1034462.4931444103,"upper_bound":1355911.6764362226},"point_estimate":1198905.9035790253,"standard_error":81992.09534190099}}