{"mean":{"confidence_interval":{"confidence_level":0.95,"lower_bound":1053275046.0,"upper_bound":1093477448.405},"point_estimate":1072371843.8,"standard_error":10313557.71835162},"median":{"confidence_interval":{"confidence_level":0.95,"lower_bound":1044527810.0,"upper_bound":1099978016.0},"point_estimate":1065696271.5,"standard_error":12342124.199488124},"median_abs_dev":{"confidence_interval":{"confidence_level":0.95,"lower_bound":6802018.195340037,"upper_bound":59484438.03564012},"point_estimate":32448518.832823634,"standard_error":13456734.570803562},"slope":null,"std_dev":{"confidence_interval":{"confidence_level":0.95,"lower_bound":15933665.144041922,"upper_bound":43208019.71547663},"point_estimate":34443236.42287463,"standard_error":6766584.160852317}}