{"mean":{"confidence_interval":{"confidence_level":0.95,"lower_bound":61822285054.1,"upper_bound":62038443751.76},"point_estimate":61926689883.2,"standard_error":55066795.49242569},"median":{"confidence_interval":{"confidence_level":0.95,"lower_bound":61783181923.5,"upper_bound":62041561123.0},"point_estimate":61931498496.0,"standard_error":62107773.83409003},"median_abs_dev":{"confidence_interval":{"confidence_level":0.95,"lower_bound":47004502.27330327,"upper_bound":320011051.50126815},"point_estimate":168929247.54900634,"standard_error":70573720.8062295},"slope":null,"std_dev":{"confidence_interval":{"confidence_level":0.95,"lower_bound":90948240.1082104,"upper_bound":244434770.66784638},"point_estimate":183865198.6026028,"standard_error":40034095.43237268}}