{"mean":{"confidence_interval":{"confidence_level":0.95,"lower_bound":409717246.77625,"upper_bound":422355382.8225},"point_estimate":415933434.75,"standard_error":3239044.7988160276},"median":{"confidence_interval":{"confidence_level":0.95,"lower_bound":405199919.0,"upper_bound":427390095.5},"point_estimate":416303892.25,"standard_error":5383937.3311003335},"median_abs_dev":{"confidence_interval":{"confidence_level":0.95,"lower_bound":1519021.524631977,"upper_bound":18850166.730442643},"point_estimate":15338920.76497972,"standard_error":4876111.085375151},"slope":null,"std_dev":{"confidence_interval":{"confidence_level":0.95,"lower_bound":6450520.451942533,"upper_bound":12843786.90861274},"point_estimate":10831048.910472807,"standard_error":1571052.8234966947}}