{"mean":{"confidence_interval":{"confidence_level":0.95,"lower_bound":3065950982.3275,"upper_bound":3079365579.5},"point_estimate":3072760221.2,"standard_error":3430240.735779399},"median":{"confidence_interval":{"confidence_level":0.95,"lower_bound":3063762291.0,"upper_bound":3082591683.5},"point_estimate":3071850539.0,"standard_error":4782505.184060541},"median_abs_dev":{"confidence_interval":{"confidence_level":0.95,"lower_bound":2913505.3927749395,"upper_bound":19973393.366101384},"point_estimate":13000620.42529285,"standard_error":4479153.760861016},"slope":null,"std_dev":{"confidence_interval":{"confidence_level":0.95,"lower_bound":6583572.097632731,"upper_bound":14152136.725394884},"point_estimate":11386218.48343418,"standard_error":1940035.5296236693}}