{"mean":{"confidence_interval":{"confidence_level":0.95,"lower_bound":627887779.8175,"upper_bound":629123427.9},"point_estimate":628505056.3,"standard_error":315264.32732383464},"median":{"confidence_interval":{"confidence_level":0.95,"lower_bound":627699600.0,"upper_bound":629361368.5},"point_estimate":628327212.0,"standard_error":395946.72826304205},"median_abs_dev":{"confidence_interval":{"confidence_level":0.95,"lower_bound":184059.59763228893,"upper_bound":1938454.2462855577},"point_estimate":1115143.5006022453,"standard_error":470738.16169689223},"slope":null,"std_dev":{"confidence_interval":{"confidence_level":0.95,"lower_bound":601636.3208835425,"upper_bound":1316508.0266945895},"point_estimate":1051718.745510314,"standard_error":184454.84200599}}