{"mean":{"confidence_interval":{"confidence_level":0.95,"lower_bound":1087382520.0,"upper_bound":1141926991.3},"point_estimate":1115343202.2,"standard_error":13992192.489623925},"median":{"confidence_interval":{"confidence_level":0.95,"lower_bound":1067134055.0,"upper_bound":1151550325.0},"point_estimate":1128705762.0,"standard_error":23643936.56457564},"median_abs_dev":{"confidence_interval":{"confidence_level":0.95,"lower_bound":7926926.09936893,"upper_bound":74188942.41108298},"point_estimate":46400960.28691828,"standard_error":18278815.927804463},"slope":null,"std_dev":{"confidence_interval":{"confidence_level":0.95,"lower_bound":27810348.065978963,"upper_bound":55208421.331423976},"point_estimate":46543041.96009447,"standard_error":6873665.89253696}}