{"mean":{"confidence_interval":{"confidence_level":0.95,"lower_bound":72499863.07,"upper_bound":72991126.37},"point_estimate":72735407.85,"standard_error":125793.51895588404},"median":{"confidence_interval":{"confidence_level":0.95,"lower_bound":72428119.0,"upper_bound":73142996.5},"point_estimate":72837343.5,"standard_error":170771.54414799123},"median_abs_dev":{"confidence_interval":{"confidence_level":0.95,"lower_bound":1032369.2027717829,"upper_bound":1655728.3617049456},"point_estimate":1402838.3189946413,"standard_error":154811.98660764386},"slope":null,"std_dev":{"confidence_interval":{"confidence_level":0.95,"lower_bound":1109276.5089378317,"upper_bound":1414102.049935564},"point_estimate":1273850.561413593,"standard_error":79257.8995700573}}