{"mean":{"confidence_interval":{"confidence_level":0.95,"lower_bound":1842886134.0,"upper_bound":1939158613.2},"point_estimate":1892335654.5,"standard_error":24687009.545148112},"median":{"confidence_interval":{"confidence_level":0.95,"lower_bound":1821741500.5,"upper_bound":1956240435.0},"point_estimate":1899329926.0,"standard_error":26867211.626659878},"median_abs_dev":{"confidence_interval":{"confidence_level":0.95,"lower_bound":14521670.146688819,"upper_bound":150683665.81403017},"point_estimate":62687295.79357803,"standard_error":36860716.80160943},"slope":null,"std_dev":{"confidence_interval":{"confidence_level":0.95,"lower_bound":40059935.15525987,"upper_bound":104746313.88134173},"point_estimate":82176605.60673621,"standard_error":16449932.638776902}}