{"mean":{"confidence_interval":{"confidence_level":0.95,"lower_bound":0.04673856149430929,"upper_bound":0.05889265321357384},"point_estimate":0.052784022317794,"standard_error":0.003104585902303004},"median":{"confidence_interval":{"confidence_level":0.95,"lower_bound":0.045118826764976694,"upper_bound":0.0635594660076384},"point_estimate":0.05190345388204465,"standard_error":0.004603395196162773}}