{"mean":{"confidence_interval":{"confidence_level":0.95,"lower_bound":696573674.3,"upper_bound":703164467.5375},"point_estimate":699696319.6,"standard_error":1690396.8757149384},"median":{"confidence_interval":{"confidence_level":0.95,"lower_bound":695467912.0,"upper_bound":703501010.0},"point_estimate":698461144.5,"standard_error":1794729.104683373},"median_abs_dev":{"confidence_interval":{"confidence_level":0.95,"lower_bound":598633.097872138,"upper_bound":9202370.533025265},"point_estimate":4972572.112119198,"standard_error":2501136.838938144},"slope":null,"std_dev":{"confidence_interval":{"confidence_level":0.95,"lower_bound":2683362.203312821,"upper_bound":7391710.687921737},"point_estimate":5647147.141506865,"standard_error":1239693.5678027337}}