{"mean":{"confidence_interval":{"confidence_level":0.95,"lower_bound":364209495.79375,"upper_bound":364851379.185},"point_estimate":364536980.0,"standard_error":164736.5996602006},"median":{"confidence_interval":{"confidence_level":0.95,"lower_bound":364095171.0,"upper_bound":364899552.75},"point_estimate":364676193.0,"standard_error":221856.06686383625},"median_abs_dev":{"confidence_interval":{"confidence_level":0.95,"lower_bound":58149.79486763477,"upper_bound":918128.5737499595},"point_estimate":544500.7782831788,"standard_error":225271.64603893348},"slope":null,"std_dev":{"confidence_interval":{"confidence_level":0.95,"lower_bound":296203.7246879473,"upper_bound":709564.7578866059},"point_estimate":550695.1499787943,"standard_error":105860.84003918176}}