{"mean":{"confidence_interval":{"confidence_level":0.95,"lower_bound":94642669.99,"upper_bound":95214170.28},"point_estimate":94925214.35,"standard_error":140675.2971165903},"median":{"confidence_interval":{"confidence_level":0.95,"lower_bound":94492553.0,"upper_bound":95186730.0},"point_estimate":94857281.5,"standard_error":194586.12009719064},"median_abs_dev":{"confidence_interval":{"confidence_level":0.95,"lower_bound":917225.2997159958,"upper_bound":1640229.2615801096},"point_estimate":1293174.8467415571,"standard_error":187321.34794734232},"slope":null,"std_dev":{"confidence_interval":{"confidence_level":0.95,"lower_bound":1155355.98109411,"upper_bound":1682981.937116027},"point_estimate":1421219.984403216,"standard_error":133059.9589601681}}