{"mean":{"confidence_interval":{"confidence_level":0.95,"lower_bound":2131619680.4,"upper_bound":2135541367.1},"point_estimate":2133373554.7,"standard_error":1012736.183984357},"median":{"confidence_interval":{"confidence_level":0.95,"lower_bound":2131014176.5,"upper_bound":2135169443.0},"point_estimate":2131978945.5,"standard_error":1048494.0553785614},"median_abs_dev":{"confidence_interval":{"confidence_level":0.95,"lower_bound":127127.01734304428,"upper_bound":4903155.298751593},"point_estimate":2430933.186042309,"standard_error":1298977.4080861972},"slope":null,"std_dev":{"confidence_interval":{"confidence_level":0.95,"lower_bound":1276693.2982211811,"upper_bound":4638261.854149898},"point_estimate":3377575.546810827,"standard_error":935084.1352264049}}