{"mean":{"confidence_interval":{"confidence_level":0.95,"lower_bound":71748617.82,"upper_bound":72287914.3},"point_estimate":72010251.69,"standard_error":137088.0302232349},"median":{"confidence_interval":{"confidence_level":0.95,"lower_bound":71633734.0,"upper_bound":72418551.0},"point_estimate":71837032.5,"standard_error":235463.1869398492},"median_abs_dev":{"confidence_interval":{"confidence_level":0.95,"lower_bound":1028631.5682381392,"upper_bound":1643437.60792315},"point_estimate":1221908.4899067879,"standard_error":153517.0241208919},"slope":null,"std_dev":{"confidence_interval":{"confidence_level":0.95,"lower_bound":1153569.393994651,"upper_bound":1516461.9176468654},"point_estimate":1353290.251949339,"standard_error":93739.1881385952}}