{"mean":{"confidence_interval":{"confidence_level":0.95,"lower_bound":3181945875.0875,"upper_bound":3188292551.2},"point_estimate":3185073034.3,"standard_error":1622104.427679943},"median":{"confidence_interval":{"confidence_level":0.95,"lower_bound":3181831070.0,"upper_bound":3189606488.0},"point_estimate":3183454805.0,"standard_error":2258223.657203181},"median_abs_dev":{"confidence_interval":{"confidence_level":0.95,"lower_bound":921871.0267335176,"upper_bound":9525491.336488724},"point_estimate":4687045.596188307,"standard_error":2436171.85949147},"slope":null,"std_dev":{"confidence_interval":{"confidence_level":0.95,"lower_bound":2882462.0261773216,"upper_bound":6978297.131629849},"point_estimate":5414713.905728867,"standard_error":1064172.3864811247}}