{"mean":{"confidence_interval":{"confidence_level":0.95,"lower_bound":365978530.58000004,"upper_bound":379139233.78875},"point_estimate":372119546.0,"standard_error":3377577.5358207813},"median":{"confidence_interval":{"confidence_level":0.95,"lower_bound":363670265.75,"upper_bound":381328644.5},"point_estimate":368276839.5,"standard_error":4738542.163124036},"median_abs_dev":{"confidence_interval":{"confidence_level":0.95,"lower_bound":1383751.3269335032,"upper_bound":17866102.85871327},"point_estimate":7305634.055449069,"standard_error":4463174.457824234},"slope":null,"std_dev":{"confidence_interval":{"confidence_level":0.95,"lower_bound":4665113.586375113,"upper_bound":14178558.674377734},"point_estimate":11241347.407348657,"standard_error":2321466.4452365316}}