{"mean":{"confidence_interval":{"confidence_level":0.95,"lower_bound":3117525324.3650002,"upper_bound":3124792637.35},"point_estimate":3120797497.0,"standard_error":1861311.888142061},"median":{"confidence_interval":{"confidence_level":0.95,"lower_bound":3118019225.0,"upper_bound":3122682257.0},"point_estimate":3120082450.5,"standard_error":1117028.7800453862},"median_abs_dev":{"confidence_interval":{"confidence_level":0.95,"lower_bound":503176.6398668289,"upper_bound":8202208.590781689},"point_estimate":3456705.560231209,"standard_error":1818776.319058358},"slope":null,"std_dev":{"confidence_interval":{"confidence_level":0.95,"lower_bound":1683655.4577151632,"upper_bound":9020688.459173122},"point_estimate":6225046.8575255275,"standard_error":2063427.273408494}}