{"mean":{"confidence_interval":{"confidence_level":0.95,"lower_bound":29884268064.9,"upper_bound":30212629202.1},"point_estimate":30038162242.0,"standard_error":84077831.3424319},"median":{"confidence_interval":{"confidence_level":0.95,"lower_bound":29904538313.0,"upper_bound":30112658447.5},"point_estimate":30048244481.0,"standard_error":53346076.82222155},"median_abs_dev":{"confidence_interval":{"confidence_level":0.95,"lower_bound":18835311.82000637,"upper_bound":418775881.6807419},"point_estimate":109993113.53123188,"standard_error":99923948.39439322},"slope":null,"std_dev":{"confidence_interval":{"confidence_level":0.95,"lower_bound":83720960.42706339,"upper_bound":404015302.424355},"point_estimate":279644659.5402058,"standard_error":84689146.74316}}