{"mean":{"confidence_interval":{"confidence_level":0.95,"lower_bound":1023308554.6025001,"upper_bound":1076972660.5},"point_estimate":1048470743.1,"standard_error":13837021.130501261},"median":{"confidence_interval":{"confidence_level":0.95,"lower_bound":1015289537.0,"upper_bound":1071651204.0},"point_estimate":1039871615.5,"standard_error":11789618.699128864},"median_abs_dev":{"confidence_interval":{"confidence_level":0.95,"lower_bound":1689931.535382791,"upper_bound":74007004.41401303},"point_estimate":29424129.046717286,"standard_error":23312794.25200223},"slope":null,"std_dev":{"confidence_interval":{"confidence_level":0.95,"lower_bound":19911231.44493651,"upper_bound":62063320.38174658},"point_estimate":46136854.32479901,"standard_error":11358816.528484056}}