{"mean":{"confidence_interval":{"confidence_level":0.95,"lower_bound":249115570.75,"upper_bound":257157258.25},"point_estimate":252918495.4,"standard_error":2065916.512022079},"median":{"confidence_interval":{"confidence_level":0.95,"lower_bound":247449801.5,"upper_bound":259316199.5},"point_estimate":250552293.0,"standard_error":2924422.1219885047},"median_abs_dev":{"confidence_interval":{"confidence_level":0.95,"lower_bound":1238548.4507113695,"upper_bound":11573400.749731064},"point_estimate":6918833.729866147,"standard_error":2701234.483922618},"slope":null,"std_dev":{"confidence_interval":{"confidence_level":0.95,"lower_bound":3318801.148692597,"upper_bound":8437436.623728981},"point_estimate":6869445.562138543,"standard_error":1286066.3047676669}}