{"mean":{"confidence_interval":{"confidence_level":0.95,"lower_bound":2677027858.0,"upper_bound":2692345351.5},"point_estimate":2684742767.5,"standard_error":3924886.1230535577},"median":{"confidence_interval":{"confidence_level":0.95,"lower_bound":2672889342.0,"upper_bound":2696298231.5},"point_estimate":2686630642.5,"standard_error":6552456.988332203},"median_abs_dev":{"confidence_interval":{"confidence_level":0.95,"lower_bound":2398450.9032189846,"upper_bound":22249907.093185186},"point_estimate":18929490.27683437,"standard_error":5336409.735242945},"slope":null,"std_dev":{"confidence_interval":{"confidence_level":0.95,"lower_bound":8275460.437619314,"upper_bound":15696376.654981302},"point_estimate":13086924.071166068,"standard_error":1897958.1531867026}}