{"mean":{"confidence_interval":{"confidence_level":0.95,"lower_bound":414791265.1475,"upper_bound":415404594.025},"point_estimate":415074427.5,"standard_error":157582.73765850824},"median":{"confidence_interval":{"confidence_level":0.95,"lower_bound":414672159.25,"upper_bound":415417244.5},"point_estimate":414976725.25,"standard_error":172422.8031834523},"median_abs_dev":{"confidence_interval":{"confidence_level":0.95,"lower_bound":117474.92086440325,"upper_bound":819619.0717488527},"point_estimate":340019.10731345415,"standard_error":186009.78227726748},"slope":null,"std_dev":{"confidence_interval":{"confidence_level":0.95,"lower_bound":228663.61974952056,"upper_bound":698763.572751877},"point_estimate":523263.79433545115,"standard_error":127036.9897197197}}