{"mean":{"confidence_interval":{"confidence_level":0.95,"lower_bound":813946947.98,"upper_bound":819595202.4},"point_estimate":816835144.9,"standard_error":1438748.1833288595},"median":{"confidence_interval":{"confidence_level":0.95,"lower_bound":812315196.0,"upper_bound":821022359.0},"point_estimate":817757747.5,"standard_error":2027963.435732263},"median_abs_dev":{"confidence_interval":{"confidence_level":0.95,"lower_bound":429263.8420790434,"upper_bound":7992486.670204997},"point_estimate":5164552.500110865,"standard_error":1936319.1614079454},"slope":null,"std_dev":{"confidence_interval":{"confidence_level":0.95,"lower_bound":2677826.1434048754,"upper_bound":5989190.054344212},"point_estimate":4799062.620597658,"standard_error":859093.46541853}}