{"mean":{"confidence_interval":{"confidence_level":0.95,"lower_bound":1081584591.6,"upper_bound":1085779924.51},"point_estimate":1083645050.1,"standard_error":1072294.3174001027},"median":{"confidence_interval":{"confidence_level":0.95,"lower_bound":1080433036.5,"upper_bound":1087449211.0},"point_estimate":1083329054.5,"standard_error":1924318.373799299},"median_abs_dev":{"confidence_interval":{"confidence_level":0.95,"lower_bound":790878.8712590933,"upper_bound":5870939.481469989},"point_estimate":4487621.0737288,"standard_error":1381878.7947789417},"slope":null,"std_dev":{"confidence_interval":{"confidence_level":0.95,"lower_bound":2292484.0389607004,"upper_bound":4208361.228822656},"point_estimate":3593801.394823668,"standard_error":484266.73232132965}}