{"mean":{"confidence_interval":{"confidence_level":0.95,"lower_bound":502264337.8,"upper_bound":507717447.3},"point_estimate":504851154.1,"standard_error":1395298.9036219607},"median":{"confidence_interval":{"confidence_level":0.95,"lower_bound":501379600.0,"upper_bound":507948992.5},"point_estimate":504354738.5,"standard_error":1388245.5092128036},"median_abs_dev":{"confidence_interval":{"confidence_level":0.95,"lower_bound":386079.4113457203,"upper_bound":8273913.05590868},"point_estimate":3721738.8380259275,"standard_error":2093390.257459111},"slope":null,"std_dev":{"confidence_interval":{"confidence_level":0.95,"lower_bound":2165563.2106855405,"upper_bound":5983274.392137604},"point_estimate":4654269.212353188,"standard_error":995540.2145486171}}