{"mean":{"confidence_interval":{"confidence_level":0.95,"lower_bound":490800707.35,"upper_bound":492384649.5225},"point_estimate":491589217.15,"standard_error":404321.3836448938},"median":{"confidence_interval":{"confidence_level":0.95,"lower_bound":490541621.0,"upper_bound":492617495.0},"point_estimate":491545570.25,"standard_error":469047.0661704658},"median_abs_dev":{"confidence_interval":{"confidence_level":0.95,"lower_bound":130126.68773978949,"upper_bound":2340264.7846519947},"point_estimate":1538845.3688800335,"standard_error":561572.8942657858},"slope":null,"std_dev":{"confidence_interval":{"confidence_level":0.95,"lower_bound":747713.206844889,"upper_bound":1727076.957414427},"point_estimate":1349562.7454515293,"standard_error":255000.009152574}}