{"mean":{"confidence_interval":{"confidence_level":0.95,"lower_bound":102259185.71,"upper_bound":102766513.70975},"point_estimate":102509772.07,"standard_error":130303.10432944824},"median":{"confidence_interval":{"confidence_level":0.95,"lower_bound":101952458.0,"upper_bound":102670275.5},"point_estimate":102321404.0,"standard_error":173804.6956574617},"median_abs_dev":{"confidence_interval":{"confidence_level":0.95,"lower_bound":881011.3127589226,"upper_bound":1476950.5264788866},"point_estimate":1142961.5239083767,"standard_error":151440.00619413634},"slope":null,"std_dev":{"confidence_interval":{"confidence_level":0.95,"lower_bound":1043871.7420416552,"upper_bound":1505876.5843261029},"point_estimate":1292456.6701930512,"standard_error":119868.9608183228}}