{"mean":{"confidence_interval":{"confidence_level":0.95,"lower_bound":74268077.62,"upper_bound":74747290.06},"point_estimate":74504757.37,"standard_error":124804.63797747981},"median":{"confidence_interval":{"confidence_level":0.95,"lower_bound":74183105.0,"upper_bound":74782820.0},"point_estimate":74513176.0,"standard_error":146294.8520218636},"median_abs_dev":{"confidence_interval":{"confidence_level":0.95,"lower_bound":866793.9203113317,"upper_bound":1551483.0510556698},"point_estimate":1220391.0488337278,"standard_error":179724.99833344118},"slope":null,"std_dev":{"confidence_interval":{"confidence_level":0.95,"lower_bound":1039551.3817267079,"upper_bound":1470761.1297812955},"point_estimate":1258542.1056490913,"standard_error":110378.63506400665}}