{"mean":{"confidence_interval":{"confidence_level":0.95,"lower_bound":1062998305.2149999,"upper_bound":1130196648.615},"point_estimate":1093346120.1,"standard_error":17382896.790185552},"median":{"confidence_interval":{"confidence_level":0.95,"lower_bound":1046867511.0,"upper_bound":1124528226.0},"point_estimate":1071969421.0,"standard_error":22263615.166326404},"median_abs_dev":{"confidence_interval":{"confidence_level":0.95,"lower_bound":8244519.028830528,"upper_bound":91893232.08476901},"point_estimate":45460610.134112835,"standard_error":20487437.231196698},"slope":null,"std_dev":{"confidence_interval":{"confidence_level":0.95,"lower_bound":25526341.81297211,"upper_bound":79887864.90855086},"point_estimate":57997547.71355759,"standard_error":15794438.300623642}}