{"mean":{"confidence_interval":{"confidence_level":0.95,"lower_bound":44010268006.9,"upper_bound":44148410059.0},"point_estimate":44079313765.1,"standard_error":35401118.46472118},"median":{"confidence_interval":{"confidence_level":0.95,"lower_bound":43968627790.0,"upper_bound":44176587761.0},"point_estimate":44093225885.5,"standard_error":55662623.663650915},"median_abs_dev":{"confidence_interval":{"confidence_level":0.95,"lower_bound":31350419.301518798,"upper_bound":197470774.45319295},"point_estimate":139440024.2091447,"standard_error":42986125.24042779},"slope":null,"std_dev":{"confidence_interval":{"confidence_level":0.95,"lower_bound":72713417.71829504,"upper_bound":145041259.13504794},"point_estimate":118334507.10026033,"standard_error":18480009.834147986}}