{"mean":{"confidence_interval":{"confidence_level":0.95,"lower_bound":27773331845.2025,"upper_bound":27993550595.48},"point_estimate":27876172865.7,"standard_error":56644044.834210046},"median":{"confidence_interval":{"confidence_level":0.95,"lower_bound":27746130064.5,"upper_bound":28068364557.0},"point_estimate":27792802042.0,"standard_error":81550402.0405101},"median_abs_dev":{"confidence_interval":{"confidence_level":0.95,"lower_bound":18890588.336125016,"upper_bound":308161343.7835425},"point_estimate":82761680.90468645,"standard_error":73489732.41585834},"slope":null,"std_dev":{"confidence_interval":{"confidence_level":0.95,"lower_bound":58918025.27511807,"upper_bound":223658176.74307477},"point_estimate":188748310.7063766,"standard_error":35772868.860182166}}