{"mean":{"confidence_interval":{"confidence_level":0.95,"lower_bound":565523089.18,"upper_bound":603292755.7},"point_estimate":583607958.1,"standard_error":9633634.58300243},"median":{"confidence_interval":{"confidence_level":0.95,"lower_bound":556526627.5,"upper_bound":600775321.0},"point_estimate":584289972.0,"standard_error":12054906.568640374},"median_abs_dev":{"confidence_interval":{"confidence_level":0.95,"lower_bound":7500271.633243561,"upper_bound":56359960.89051068},"point_estimate":27903542.63781309,"standard_error":11935765.05568418},"slope":null,"std_dev":{"confidence_interval":{"confidence_level":0.95,"lower_bound":16286127.074978499,"upper_bound":42651893.87250413},"point_estimate":32020562.495765705,"standard_error":7040026.129133461}}