{"mean":{"confidence_interval":{"confidence_level":0.95,"lower_bound":1753634662.75,"upper_bound":1761628495.1175},"point_estimate":1757279342.1,"standard_error":2043026.0227111054},"median":{"confidence_interval":{"confidence_level":0.95,"lower_bound":1752455087.5,"upper_bound":1760129927.5},"point_estimate":1757047410.0,"standard_error":1956277.0665846441},"median_abs_dev":{"confidence_interval":{"confidence_level":0.95,"lower_bound":419098.39535951614,"upper_bound":10599178.376626968},"point_estimate":4224140.819406509,"standard_error":2408948.407131038},"slope":null,"std_dev":{"confidence_interval":{"confidence_level":0.95,"lower_bound":2872030.274722945,"upper_bound":9470865.78392388},"point_estimate":6814786.155978507,"standard_error":1856656.1401509407}}