{"mean":{"confidence_interval":{"confidence_level":0.95,"lower_bound":56315935.66,"upper_bound":56729890.68},"point_estimate":56528553.9,"standard_error":106214.03304257845},"median":{"confidence_interval":{"confidence_level":0.95,"lower_bound":56342131.0,"upper_bound":56917196.0},"point_estimate":56641553.0,"standard_error":120999.55760020512},"median_abs_dev":{"confidence_interval":{"confidence_level":0.95,"lower_bound":783829.8496842384,"upper_bound":1308422.6461708546},"point_estimate":1025701.2093901634,"standard_error":131159.19519648724},"slope":null,"std_dev":{"confidence_interval":{"confidence_level":0.95,"lower_bound":945118.3054016414,"upper_bound":1219653.3222530386},"point_estimate":1092037.2792179703,"standard_error":70168.7351563616}}