{"mean":{"confidence_interval":{"confidence_level":0.95,"lower_bound":281087032.57874995,"upper_bound":288864374.05},"point_estimate":284667382.0,"standard_error":1998373.3551317772},"median":{"confidence_interval":{"confidence_level":0.95,"lower_bound":279530959.5,"upper_bound":289450311.0},"point_estimate":282901558.75,"standard_error":2190326.9961794307},"median_abs_dev":{"confidence_interval":{"confidence_level":0.95,"lower_bound":811180.4833486676,"upper_bound":10883324.962632358},"point_estimate":5378321.918615699,"standard_error":2667387.2829933744},"slope":null,"std_dev":{"confidence_interval":{"confidence_level":0.95,"lower_bound":2629824.7323426916,"upper_bound":8865264.978219513},"point_estimate":6645009.345641292,"standard_error":1634038.5172770023}}