{"mean":{"confidence_interval":{"confidence_level":0.95,"lower_bound":64276664.82,"upper_bound":64692468.91125},"point_estimate":64483495.87,"standard_error":105855.32990744265},"median":{"confidence_interval":{"confidence_level":0.95,"lower_bound":64323578.0,"upper_bound":64865844.5},"point_estimate":64563512.0,"standard_error":145384.85498534667},"median_abs_dev":{"confidence_interval":{"confidence_level":0.95,"lower_bound":831930.5819302797,"upper_bound":1429831.2754154205},"point_estimate":1182475.0371068716,"standard_error":154393.6229355039},"slope":null,"std_dev":{"confidence_interval":{"confidence_level":0.95,"lower_bound":954449.988958156,"upper_bound":1201256.987789228},"point_estimate":1087232.4159432757,"standard_error":63008.91148865995}}