{"mean":{"confidence_interval":{"confidence_level":0.95,"lower_bound":71250435158.3,"upper_bound":71488724550.5},"point_estimate":71366928531.0,"standard_error":60683349.426549286},"median":{"confidence_interval":{"confidence_level":0.95,"lower_bound":71207441516.5,"upper_bound":71482819267.0},"point_estimate":71372406396.0,"standard_error":65293118.58086412},"median_abs_dev":{"confidence_interval":{"confidence_level":0.95,"lower_bound":36690842.25830734,"upper_bound":351260113.5968864},"point_estimate":168112756.76320195,"standard_error":76239339.30030836},"slope":null,"std_dev":{"confidence_interval":{"confidence_level":0.95,"lower_bound":99006571.14389811,"upper_bound":268449205.68805766},"point_estimate":202030717.12914252,"standard_error":44241864.80576295}}