{"mean":{"confidence_interval":{"confidence_level":0.95,"lower_bound":57555726159.6,"upper_bound":57591344895.4925},"point_estimate":57575221365.3,"standard_error":9194454.24317074},"median":{"confidence_interval":{"confidence_level":0.95,"lower_bound":57561285296.0,"upper_bound":57598132829.0},"point_estimate":57579642375.5,"standard_error":9275656.17460967},"median_abs_dev":{"confidence_interval":{"confidence_level":0.95,"lower_bound":5956427.67855227,"upper_bound":44710052.051737905},"point_estimate":23852617.679831386,"standard_error":9742256.754002245},"slope":null,"std_dev":{"confidence_interval":{"confidence_level":0.95,"lower_bound":12936889.106255352,"upper_bound":42834896.55566412},"point_estimate":30649101.234483827,"standard_error":8735906.899416883}}