{"mean":{"confidence_interval":{"confidence_level":0.95,"lower_bound":246223693.05,"upper_bound":254068900.1},"point_estimate":249861462.65,"standard_error":2016296.5180440415},"median":{"confidence_interval":{"confidence_level":0.95,"lower_bound":244837936.25,"upper_bound":254985034.0},"point_estimate":247484077.25,"standard_error":2486189.770932769},"median_abs_dev":{"confidence_interval":{"confidence_level":0.95,"lower_bound":1202423.7904027104,"upper_bound":10752754.977500439},"point_estimate":4729802.667479217,"standard_error":2490847.3294187896},"slope":null,"std_dev":{"confidence_interval":{"confidence_level":0.95,"lower_bound":2662178.786980859,"upper_bound":8510179.534851758},"point_estimate":6711338.7159155095,"standard_error":1502478.2433425486}}