{"mean":{"confidence_interval":{"confidence_level":0.95,"lower_bound":1056887497.2,"upper_bound":1103565430.6275},"point_estimate":1080734112.4,"standard_error":11954414.952159407},"median":{"confidence_interval":{"confidence_level":0.95,"lower_bound":1039699682.0,"upper_bound":1110832311.0},"point_estimate":1088063076.5,"standard_error":18199145.805336304},"median_abs_dev":{"confidence_interval":{"confidence_level":0.95,"lower_bound":7208266.155427694,"upper_bound":68827468.01726818},"point_estimate":37300423.615685105,"standard_error":16005992.991524493},"slope":null,"std_dev":{"confidence_interval":{"confidence_level":0.95,"lower_bound":22758584.029958386,"upper_bound":48419946.43467623},"point_estimate":39864043.37986165,"standard_error":6359281.4452125365}}