{"mean":{"confidence_interval":{"confidence_level":0.95,"lower_bound":29455910520.2975,"upper_bound":29574292011.0525},"point_estimate":29512475479.1,"standard_error":30444231.711292338},"median":{"confidence_interval":{"confidence_level":0.95,"lower_bound":29438555424.0,"upper_bound":29598040042.0},"point_estimate":29477722568.0,"standard_error":43636811.668003164},"median_abs_dev":{"confidence_interval":{"confidence_level":0.95,"lower_bound":10030517.519822717,"upper_bound":169919037.96313405},"point_estimate":87442575.93488395,"standard_error":42778784.921529956},"slope":null,"std_dev":{"confidence_interval":{"confidence_level":0.95,"lower_bound":51495110.83369871,"upper_bound":127596007.26621944},"point_estimate":101326402.33526506,"standard_error":19311283.584994417}}