{"mean":{"confidence_interval":{"confidence_level":0.95,"lower_bound":498576303.3,"upper_bound":499959226.84250003},"point_estimate":499287918.2,"standard_error":354513.1065686965},"median":{"confidence_interval":{"confidence_level":0.95,"lower_bound":498352511.0,"upper_bound":500338057.5},"point_estimate":499378864.5,"standard_error":456776.76358185394},"median_abs_dev":{"confidence_interval":{"confidence_level":0.95,"lower_bound":211472.87114560604,"upper_bound":1962425.66395998},"point_estimate":1124307.4510395527,"standard_error":464413.2229105741},"slope":null,"std_dev":{"confidence_interval":{"confidence_level":0.95,"lower_bound":644393.5703327083,"upper_bound":1505599.397499086},"point_estimate":1179464.5997344917,"standard_error":224605.92679670927}}