{"mean":{"confidence_interval":{"confidence_level":0.95,"lower_bound":97745003.7,"upper_bound":98188043.51},"point_estimate":97965938.14,"standard_error":114306.1401072727},"median":{"confidence_interval":{"confidence_level":0.95,"lower_bound":97536426.0,"upper_bound":98022332.0},"point_estimate":97854447.0,"standard_error":138535.19922726398},"median_abs_dev":{"confidence_interval":{"confidence_level":0.95,"lower_bound":763940.0297373533,"upper_bound":1296775.3407776356},"point_estimate":1060775.0769674778,"standard_error":141649.39679549498},"slope":null,"std_dev":{"confidence_interval":{"confidence_level":0.95,"lower_bound":981923.8002973007,"upper_bound":1311131.1980212638},"point_estimate":1157829.3065258549,"standard_error":85364.93127727666}}