{"mean":{"confidence_interval":{"confidence_level":0.95,"lower_bound":2950361404.5625,"upper_bound":3081769097.1},"point_estimate":3015979361.0,"standard_error":34067100.04473515},"median":{"confidence_interval":{"confidence_level":0.95,"lower_bound":2908423264.0,"upper_bound":3123580178.0},"point_estimate":3014168997.0,"standard_error":87958124.62491906},"median_abs_dev":{"confidence_interval":{"confidence_level":0.95,"lower_bound":4689420.72134614,"upper_bound":166174074.93782043},"point_estimate":158909764.27948773,"standard_error":60228339.57528068},"slope":null,"std_dev":{"confidence_interval":{"confidence_level":0.95,"lower_bound":86239267.17100336,"upper_bound":117456949.92866208},"point_estimate":113721792.31883645,"standard_error":9883773.112096524}}