{"mean":{"confidence_interval":{"confidence_level":0.95,"lower_bound":371998503.55,"upper_bound":384041476.9},"point_estimate":377696832.35,"standard_error":3103285.693421439},"median":{"confidence_interval":{"confidence_level":0.95,"lower_bound":369252763.0,"upper_bound":385586918.0},"point_estimate":374341512.75,"standard_error":4932261.492663322},"median_abs_dev":{"confidence_interval":{"confidence_level":0.95,"lower_bound":1543091.535204649,"upper_bound":18009425.79816878},"point_estimate":9658776.703472435,"standard_error":4280332.877241595},"slope":null,"std_dev":{"confidence_interval":{"confidence_level":0.95,"lower_bound":5559959.301266236,"upper_bound":13057539.110073026},"point_estimate":10313281.909129685,"standard_error":1997862.4682298468}}