{"mean":{"confidence_interval":{"confidence_level":0.95,"lower_bound":2731375474.4,"upper_bound":2740377170.7},"point_estimate":2735680446.4,"standard_error":2303340.04568317},"median":{"confidence_interval":{"confidence_level":0.95,"lower_bound":2730648581.0,"upper_bound":2740358654.0},"point_estimate":2734017705.0,"standard_error":2687531.7153096055},"median_abs_dev":{"confidence_interval":{"confidence_level":0.95,"lower_bound":847442.284154892,"upper_bound":12711001.192134619},"point_estimate":6224264.552897215,"standard_error":2895753.717850362},"slope":null,"std_dev":{"confidence_interval":{"confidence_level":0.95,"lower_bound":3732136.974791736,"upper_bound":10192094.065593846},"point_estimate":7685560.495317107,"standard_error":1701574.6581371261}}