{"mean":{"confidence_interval":{"confidence_level":0.95,"lower_bound":273649334.35,"upper_bound":275378365.39375},"point_estimate":274511350.35,"standard_error":441596.8591085},"median":{"confidence_interval":{"confidence_level":0.95,"lower_bound":273278742.0,"upper_bound":275702355.75},"point_estimate":274596638.0,"standard_error":782126.3727557024},"median_abs_dev":{"confidence_interval":{"confidence_level":0.95,"lower_bound":243164.92818295956,"upper_bound":2201761.7777109146},"point_estimate":1794693.56918782,"standard_error":565231.0014505051},"slope":null,"std_dev":{"confidence_interval":{"confidence_level":0.95,"lower_bound":931511.0371576999,"upper_bound":1778954.7986632441},"point_estimate":1467615.4594150723,"standard_error":217134.27685192277}}