{"mean":{"confidence_interval":{"confidence_level":0.95,"lower_bound":145355692.14,"upper_bound":145921233.0},"point_estimate":145623308.22,"standard_error":149966.67007497995},"median":{"confidence_interval":{"confidence_level":0.95,"lower_bound":144911840.5,"upper_bound":145817396.0},"point_estimate":145414741.5,"standard_error":265998.57176106516},"median_abs_dev":{"confidence_interval":{"confidence_level":0.95,"lower_bound":1062700.9743332863,"upper_bound":1723520.245501399},"point_estimate":1444532.7367544174,"standard_error":171316.78800255305},"slope":null,"std_dev":{"confidence_interval":{"confidence_level":0.95,"lower_bound":1187973.5568707427,"upper_bound":1745515.99568755},"point_estimate":1473136.8012240608,"standard_error":138501.9071630769}}