{"mean":{"confidence_interval":{"confidence_level":0.95,"lower_bound":383311448.7475,"upper_bound":392595498.15},"point_estimate":387256992.9,"standard_error":2417364.77010264},"median":{"confidence_interval":{"confidence_level":0.95,"lower_bound":383232204.5,"upper_bound":388531345.5},"point_estimate":385812410.0,"standard_error":1368761.7347043438},"median_abs_dev":{"confidence_interval":{"confidence_level":0.95,"lower_bound":932738.4845405817,"upper_bound":8300517.571136355},"point_estimate":3268785.6429174542,"standard_error":1851013.600184779},"slope":null,"std_dev":{"confidence_interval":{"confidence_level":0.95,"lower_bound":1876758.2771129473,"upper_bound":11883433.396039465},"point_estimate":8042319.538372776,"standard_error":3017873.013219413}}