{"mean":{"confidence_interval":{"confidence_level":0.95,"lower_bound":1771332026.3,"upper_bound":1781286568.53},"point_estimate":1776439771.4,"standard_error":2536065.4399895067},"median":{"confidence_interval":{"confidence_level":0.95,"lower_bound":1771573700.0,"upper_bound":1782445926.5},"point_estimate":1776466157.0,"standard_error":2389907.001654849},"median_abs_dev":{"confidence_interval":{"confidence_level":0.95,"lower_bound":1834749.3433266878,"upper_bound":14330043.358790874},"point_estimate":5985784.64063108,"standard_error":3239857.4078904595},"slope":null,"std_dev":{"confidence_interval":{"confidence_level":0.95,"lower_bound":3573459.1222139383,"upper_bound":11523128.860400027},"point_estimate":8456598.081768975,"standard_error":1990447.7693865432}}