{"mean":{"confidence_interval":{"confidence_level":0.95,"lower_bound":7265125744.7,"upper_bound":7448296291.3275},"point_estimate":7350490921.6,"standard_error":46504720.884342566},"median":{"confidence_interval":{"confidence_level":0.95,"lower_bound":7276095990.0,"upper_bound":7399158728.0},"point_estimate":7336841013.0,"standard_error":35936136.67308886},"median_abs_dev":{"confidence_interval":{"confidence_level":0.95,"lower_bound":20249658.079996705,"upper_bound":221655811.06222272},"point_estimate":84022690.74499905,"standard_error":46798751.120310254},"slope":null,"std_dev":{"confidence_interval":{"confidence_level":0.95,"lower_bound":47380839.61575677,"upper_bound":223623162.2364922},"point_estimate":154882060.76627693,"standard_error":47514450.29620337}}