{"mean":{"confidence_interval":{"confidence_level":0.95,"lower_bound":1332842690.8075001,"upper_bound":1338418435.9},"point_estimate":1335854873.5,"standard_error":1431385.3076000793},"median":{"confidence_interval":{"confidence_level":0.95,"lower_bound":1331863164.0,"upper_bound":1339750682.0},"point_estimate":1337247957.5,"standard_error":1862231.4570441283},"median_abs_dev":{"confidence_interval":{"confidence_level":0.95,"lower_bound":750799.0048706532,"upper_bound":7613848.42812717},"point_estimate":3834211.8372291327,"standard_error":1781125.382640451},"slope":null,"std_dev":{"confidence_interval":{"confidence_level":0.95,"lower_bound":1763062.3180308524,"upper_bound":6135651.634665079},"point_estimate":4773963.218519348,"standard_error":1059308.2811342755}}