{"mean":{"confidence_interval":{"confidence_level":0.95,"lower_bound":-0.010347871686209785,"upper_bound":-0.0019344191148852274},"point_estimate":-0.005904918088524225,"standard_error":0.002149465244268161},"median":{"confidence_interval":{"confidence_level":0.95,"lower_bound":-0.011851586133652225,"upper_bound":-0.0002741980989084958},"point_estimate":-0.006954085171368862,"standard_error":0.002794292753287186}}