{"mean":{"confidence_interval":{"confidence_level":0.95,"lower_bound":832329689.0,"upper_bound":837581956.1},"point_estimate":834895124.7,"standard_error":1341135.642957653},"median":{"confidence_interval":{"confidence_level":0.95,"lower_bound":830526580.0,"upper_bound":839266446.0},"point_estimate":834334241.0,"standard_error":1975152.0301761779},"median_abs_dev":{"confidence_interval":{"confidence_level":0.95,"lower_bound":1166384.3795925379,"upper_bound":7363267.53487587},"point_estimate":5790646.3146954775,"standard_error":1753994.355977115},"slope":null,"std_dev":{"confidence_interval":{"confidence_level":0.95,"lower_bound":2567982.24863585,"upper_bound":5459638.465667187},"point_estimate":4457962.048521899,"standard_error":727829.5744178228}}