{"mean":{"confidence_interval":{"confidence_level":0.95,"lower_bound":0.0180339437025108,"upper_bound":0.07320488935784752},"point_estimate":0.04629832584353655,"standard_error":0.014163871021327516},"median":{"confidence_interval":{"confidence_level":0.95,"lower_bound":0.011243686807220321,"upper_bound":0.09261168890870985},"point_estimate":0.06773740602818412,"standard_error":0.022290438638640775}}