{"mean":{"confidence_interval":{"confidence_level":0.95,"lower_bound":496581333.1,"upper_bound":498394454.8},"point_estimate":497430663.6,"standard_error":465282.4497406288},"median":{"confidence_interval":{"confidence_level":0.95,"lower_bound":496044934.0,"upper_bound":498641685.5},"point_estimate":497057898.5,"standard_error":678655.1948309981},"median_abs_dev":{"confidence_interval":{"confidence_level":0.95,"lower_bound":101543.27219724655,"upper_bound":2542316.47426486},"point_estimate":1528092.8125709295,"standard_error":673842.2901975513},"slope":null,"std_dev":{"confidence_interval":{"confidence_level":0.95,"lower_bound":748369.6351468527,"upper_bound":1958868.5569769014},"point_estimate":1553151.2898366197,"standard_error":313885.6749140606}}