{"mean":{"confidence_interval":{"confidence_level":0.95,"lower_bound":684860143.62,"upper_bound":739051496.5},"point_estimate":711073945.1,"standard_error":13906737.521076811},"median":{"confidence_interval":{"confidence_level":0.95,"lower_bound":671078798.0,"upper_bound":756370697.0},"point_estimate":701129507.5,"standard_error":21742951.335602112},"median_abs_dev":{"confidence_interval":{"confidence_level":0.95,"lower_bound":7577719.690668583,"upper_bound":77017492.60146618},"point_estimate":47140592.34878719,"standard_error":18806566.968437813},"slope":null,"std_dev":{"confidence_interval":{"confidence_level":0.95,"lower_bound":25392681.083948497,"upper_bound":56572334.67300825},"point_estimate":46342074.79550755,"standard_error":7855287.394959562}}