{"mean":{"confidence_interval":{"confidence_level":0.95,"lower_bound":55920229.63,"upper_bound":56230805.6},"point_estimate":56077617.44,"standard_error":78881.05437504206},"median":{"confidence_interval":{"confidence_level":0.95,"lower_bound":55636081.5,"upper_bound":56328441.0},"point_estimate":56057603.0,"standard_error":185905.38936429555},"median_abs_dev":{"confidence_interval":{"confidence_level":0.95,"lower_bound":765696.1694061756,"upper_bound":1250740.6115949154},"point_estimate":1125557.2828173637,"standard_error":127439.51844867456},"slope":null,"std_dev":{"confidence_interval":{"confidence_level":0.95,"lower_bound":733264.1121314807,"upper_bound":852889.9780616778},"point_estimate":799466.387448886,"standard_error":30535.551677003812}}