{"mean":{"confidence_interval":{"confidence_level":0.95,"lower_bound":47182853.43,"upper_bound":47334243.85},"point_estimate":47260466.21,"standard_error":38058.65939992153},"median":{"confidence_interval":{"confidence_level":0.95,"lower_bound":47226061.0,"upper_bound":47375595.5},"point_estimate":47320875.5,"standard_error":46241.16081674653},"median_abs_dev":{"confidence_interval":{"confidence_level":0.95,"lower_bound":214715.31728804111,"upper_bound":368727.0612537861},"point_estimate":293915.80788195133,"standard_error":41266.113490869946},"slope":null,"std_dev":{"confidence_interval":{"confidence_level":0.95,"lower_bound":306788.2553379106,"upper_bound":454766.4581450221},"point_estimate":384059.96003284457,"standard_error":37788.69641702041}}