{"mean":{"confidence_interval":{"confidence_level":0.95,"lower_bound":57191862831.2075,"upper_bound":57440713083.2},"point_estimate":57298274529.1,"standard_error":64050193.34919122},"median":{"confidence_interval":{"confidence_level":0.95,"lower_bound":57182931056.5,"upper_bound":57432369343.0},"point_estimate":57206847414.0,"standard_error":53155251.141208634},"median_abs_dev":{"confidence_interval":{"confidence_level":0.95,"lower_bound":6207288.041898608,"upper_bound":322946083.5043609},"point_estimate":37831598.41475487,"standard_error":57047964.565705456},"slope":null,"std_dev":{"confidence_interval":{"confidence_level":0.95,"lower_bound":23145064.76284944,"upper_bound":273884628.3265595},"point_estimate":213532513.0839785,"standard_error":67727175.62497486}}