{"mean":{"confidence_interval":{"confidence_level":0.95,"lower_bound":381314235.21875,"upper_bound":391951460.58124995},"point_estimate":386871633.4,"standard_error":2720988.8320509265},"median":{"confidence_interval":{"confidence_level":0.95,"lower_bound":382491010.0,"upper_bound":394094328.5},"point_estimate":386493310.0,"standard_error":2748794.765606776},"median_abs_dev":{"confidence_interval":{"confidence_level":0.95,"lower_bound":1473183.2399457693,"upper_bound":14998220.40297836},"point_estimate":7336842.414245009,"standard_error":3427233.139483269},"slope":null,"std_dev":{"confidence_interval":{"confidence_level":0.95,"lower_bound":4122379.8879684103,"upper_bound":12412097.369623004},"point_estimate":9108733.752035333,"standard_error":2210414.078468131}}