{"mean":{"confidence_interval":{"confidence_level":0.95,"lower_bound":1773756400.8100002,"upper_bound":1820581047.6},"point_estimate":1797113403.6,"standard_error":12002248.17944896},"median":{"confidence_interval":{"confidence_level":0.95,"lower_bound":1763018151.0,"upper_bound":1835273336.0},"point_estimate":1796813260.0,"standard_error":15828270.52826247},"median_abs_dev":{"confidence_interval":{"confidence_level":0.95,"lower_bound":5427010.501751304,"upper_bound":69229296.3468343},"point_estimate":52330694.49424446,"standard_error":16988386.656533506},"slope":null,"std_dev":{"confidence_interval":{"confidence_level":0.95,"lower_bound":23059886.090602167,"upper_bound":49842029.98158839},"point_estimate":39902402.48406763,"standard_error":6909585.947526606}}