{"mean":{"confidence_interval":{"confidence_level":0.95,"lower_bound":578138839.9,"upper_bound":605793523.3},"point_estimate":591672012.5,"standard_error":7063861.151708087},"median":{"confidence_interval":{"confidence_level":0.95,"lower_bound":575432936.0,"upper_bound":607223555.5},"point_estimate":590440260.0,"standard_error":6865582.495438414},"median_abs_dev":{"confidence_interval":{"confidence_level":0.95,"lower_bound":1932507.537791133,"upper_bound":41504907.3833406},"point_estimate":19541170.25447488,"standard_error":10844037.658377493},"slope":null,"std_dev":{"confidence_interval":{"confidence_level":0.95,"lower_bound":11815113.88237301,"upper_bound":30580578.732476983},"point_estimate":23518854.52280905,"standard_error":4826721.128727772}}