{"mean":{"confidence_interval":{"confidence_level":0.95,"lower_bound":145639397.81,"upper_bound":146148147.73},"point_estimate":145889994.8,"standard_error":130064.3624924003},"median":{"confidence_interval":{"confidence_level":0.95,"lower_bound":145387024.0,"upper_bound":145871835.0},"point_estimate":145615500.0,"standard_error":134070.6314900634},"median_abs_dev":{"confidence_interval":{"confidence_level":0.95,"lower_bound":726410.9766036272,"upper_bound":1198329.9612253904},"point_estimate":981309.2009782791,"standard_error":117358.73282981032},"slope":null,"std_dev":{"confidence_interval":{"confidence_level":0.95,"lower_bound":1023995.3361911875,"upper_bound":1556587.5275017875},"point_estimate":1308581.8736438435,"standard_error":135062.5719843087}}