{"mean":{"confidence_interval":{"confidence_level":0.95,"lower_bound":664108689.8725001,"upper_bound":689518500.5},"point_estimate":676997166.6,"standard_error":6517455.287898138},"median":{"confidence_interval":{"confidence_level":0.95,"lower_bound":658111055.5,"upper_bound":696264314.5},"point_estimate":678853090.0,"standard_error":11163376.864093402},"median_abs_dev":{"confidence_interval":{"confidence_level":0.95,"lower_bound":4855465.987998247,"upper_bound":36502990.16994238},"point_estimate":26365710.626015067,"standard_error":7698304.017527352},"slope":null,"std_dev":{"confidence_interval":{"confidence_level":0.95,"lower_bound":13597465.903810116,"upper_bound":26191495.263658784},"point_estimate":21669801.27455248,"standard_error":3212075.293794375}}