{"mean":{"confidence_interval":{"confidence_level":0.95,"lower_bound":0.04189399566870172,"upper_bound":0.055696153026783185},"point_estimate":0.048671335838482044,"standard_error":0.0035456163836537096},"median":{"confidence_interval":{"confidence_level":0.95,"lower_bound":0.04078229151896062,"upper_bound":0.055527526155251694},"point_estimate":0.04539885395659349,"standard_error":0.0038471999228783336}}