{"mean":{"confidence_interval":{"confidence_level":0.95,"lower_bound":1243746631.6825,"upper_bound":1248493464.4675},"point_estimate":1246039192.2,"standard_error":1212883.2845467252},"median":{"confidence_interval":{"confidence_level":0.95,"lower_bound":1242521088.0,"upper_bound":1249440146.0},"point_estimate":1245327393.5,"standard_error":1800215.006347701},"median_abs_dev":{"confidence_interval":{"confidence_level":0.95,"lower_bound":1095722.1822470427,"upper_bound":6811300.012475252},"point_estimate":4653821.2720781565,"standard_error":1471909.2885288177},"slope":null,"std_dev":{"confidence_interval":{"confidence_level":0.95,"lower_bound":2232549.605756801,"upper_bound":4941642.780653049},"point_estimate":4042418.6545791235,"standard_error":676641.8743238162}}