{"mean":{"confidence_interval":{"confidence_level":0.95,"lower_bound":2133624129.4424999,"upper_bound":2140954974.1975},"point_estimate":2137346453.4,"standard_error":1881075.8402193615},"median":{"confidence_interval":{"confidence_level":0.95,"lower_bound":2131562423.0,"upper_bound":2142943909.0},"point_estimate":2137616950.5,"standard_error":3086324.610156141},"median_abs_dev":{"confidence_interval":{"confidence_level":0.95,"lower_bound":1816241.3065552711,"upper_bound":10437683.20929408},"point_estimate":6605435.075730085,"standard_error":2282675.117490291},"slope":null,"std_dev":{"confidence_interval":{"confidence_level":0.95,"lower_bound":3858903.7129020654,"upper_bound":7558993.622356852},"point_estimate":6267621.50469035,"standard_error":944794.7634158768}}