{"mean":{"confidence_interval":{"confidence_level":0.95,"lower_bound":20380149878.6925,"upper_bound":20452087266.432503},"point_estimate":20415024317.6,"standard_error":18426342.018598422},"median":{"confidence_interval":{"confidence_level":0.95,"lower_bound":20358353635.5,"upper_bound":20467952200.0},"point_estimate":20409487041.0,"standard_error":29626393.013297748},"median_abs_dev":{"confidence_interval":{"confidence_level":0.95,"lower_bound":3711027.7945160866,"upper_bound":102012238.58402073},"point_estimate":76939988.20524216,"standard_error":28993032.246585015},"slope":null,"std_dev":{"confidence_interval":{"confidence_level":0.95,"lower_bound":31668210.436937813,"upper_bound":73731749.53870773},"point_estimate":61465163.328937724,"standard_error":9997349.707318572}}