{"mean":{"confidence_interval":{"confidence_level":0.95,"lower_bound":1662219940.2124999,"upper_bound":1676447265.8},"point_estimate":1669177388.8,"standard_error":3661615.620855639},"median":{"confidence_interval":{"confidence_level":0.95,"lower_bound":1659204172.0,"upper_bound":1678487293.5},"point_estimate":1669384631.5,"standard_error":5080486.167223136},"median_abs_dev":{"confidence_interval":{"confidence_level":0.95,"lower_bound":3572244.576179981,"upper_bound":21427666.043382883},"point_estimate":13212731.555727124,"standard_error":4511250.601063243},"slope":null,"std_dev":{"confidence_interval":{"confidence_level":0.95,"lower_bound":6882560.708923516,"upper_bound":15488411.32146504},"point_estimate":12190020.250748932,"standard_error":2233154.2217419446}}