{"mean":{"confidence_interval":{"confidence_level":0.95,"lower_bound":40720324704.7,"upper_bound":40823374240.3},"point_estimate":40771195692.6,"standard_error":26261533.674481872},"median":{"confidence_interval":{"confidence_level":0.95,"lower_bound":40729322712.0,"upper_bound":40833884597.0},"point_estimate":40759956230.0,"standard_error":25043470.627361987},"median_abs_dev":{"confidence_interval":{"confidence_level":0.95,"lower_bound":14092881.47790134,"upper_bound":149872887.48592436},"point_estimate":48391998.647770286,"standard_error":35734608.91799543},"slope":null,"std_dev":{"confidence_interval":{"confidence_level":0.95,"lower_bound":36552731.324040964,"upper_bound":118723279.30776533},"point_estimate":87479721.93580474,"standard_error":21311091.890568443}}