{"mean":{"confidence_interval":{"confidence_level":0.95,"lower_bound":1339107234.9025002,"upper_bound":1387577462.68},"point_estimate":1363896226.4,"standard_error":12397802.96307389},"median":{"confidence_interval":{"confidence_level":0.95,"lower_bound":1323107299.0,"upper_bound":1395934676.0},"point_estimate":1371717882.5,"standard_error":15579680.262440283},"median_abs_dev":{"confidence_interval":{"confidence_level":0.95,"lower_bound":5118511.84052825,"upper_bound":73408997.71462977},"point_estimate":43051051.59189105,"standard_error":20468897.06922211},"slope":null,"std_dev":{"confidence_interval":{"confidence_level":0.95,"lower_bound":23143855.03349612,"upper_bound":51474241.86399011},"point_estimate":41361470.67139681,"standard_error":7267387.354695085}}