{"mean":{"confidence_interval":{"confidence_level":0.95,"lower_bound":611755578.7774999,"upper_bound":634421703.3},"point_estimate":622082418.9,"standard_error":5833575.34239093},"median":{"confidence_interval":{"confidence_level":0.95,"lower_bound":607135807.0,"upper_bound":634512347.5},"point_estimate":617039322.5,"standard_error":5492349.362097747},"median_abs_dev":{"confidence_interval":{"confidence_level":0.95,"lower_bound":1169683.1645339727,"upper_bound":30276172.57989049},"point_estimate":13534929.440706968,"standard_error":7214647.587476542},"slope":null,"std_dev":{"confidence_interval":{"confidence_level":0.95,"lower_bound":7323670.712736377,"upper_bound":25920082.055775817},"point_estimate":19462477.650464516,"standard_error":4957302.467365545}}