{"mean":{"confidence_interval":{"confidence_level":0.95,"lower_bound":2166268380.5,"upper_bound":2168785588.6975},"point_estimate":2167456780.0,"standard_error":648649.7185213593},"median":{"confidence_interval":{"confidence_level":0.95,"lower_bound":2165787776.0,"upper_bound":2170148220.0},"point_estimate":2166646396.5,"standard_error":1030874.4737944402},"median_abs_dev":{"confidence_interval":{"confidence_level":0.95,"lower_bound":353668.29332113266,"upper_bound":3285185.7931762934},"point_estimate":1417891.8978273869,"standard_error":774468.5168597206},"slope":null,"std_dev":{"confidence_interval":{"confidence_level":0.95,"lower_bound":744039.3760961305,"upper_bound":2511067.937202472},"point_estimate":2156049.868318449,"standard_error":375631.10841407906}}