{"mean":{"confidence_interval":{"confidence_level":0.95,"lower_bound":482481587.2,"upper_bound":483800961.9},"point_estimate":483164922.05,"standard_error":336576.87668013055},"median":{"confidence_interval":{"confidence_level":0.95,"lower_bound":482516113.25,"upper_bound":483894332.0},"point_estimate":483292286.25,"standard_error":384836.7374222302},"median_abs_dev":{"confidence_interval":{"confidence_level":0.95,"lower_bound":113413.70888650417,"upper_bound":1869027.7960181236},"point_estimate":1065466.0232841969,"standard_error":433655.8667378179},"slope":null,"std_dev":{"confidence_interval":{"confidence_level":0.95,"lower_bound":522062.0837610749,"upper_bound":1514577.26361264},"point_estimate":1116409.8643979144,"standard_error":256110.71322332256}}