{"mean":{"confidence_interval":{"confidence_level":0.95,"lower_bound":0.06856113113476535,"upper_bound":0.13629790852782878},"point_estimate":0.1006296218410494,"standard_error":0.017337293425009337},"median":{"confidence_interval":{"confidence_level":0.95,"lower_bound":0.05296445549383688,"upper_bound":0.13967556704837714},"point_estimate":0.09744352060700545,"standard_error":0.022453280545619233}}