{"mean":{"confidence_interval":{"confidence_level":0.95,"lower_bound":396760910.84875,"upper_bound":408966256.52625},"point_estimate":402231210.6,"standard_error":3153359.793780659},"median":{"confidence_interval":{"confidence_level":0.95,"lower_bound":396832560.0,"upper_bound":406596506.0},"point_estimate":400169014.5,"standard_error":2372359.974420839},"median_abs_dev":{"confidence_interval":{"confidence_level":0.95,"lower_bound":1160653.3893942833,"upper_bound":13947236.78688705},"point_estimate":6544508.000461757,"standard_error":3413488.444211384},"slope":null,"std_dev":{"confidence_interval":{"confidence_level":0.95,"lower_bound":3616523.747773725,"upper_bound":14896891.559279235},"point_estimate":10469179.038874798,"standard_error":3261080.9553632718}}