{"mean":{"confidence_interval":{"confidence_level":0.95,"lower_bound":573548462.3000001,"upper_bound":588623889.54},"point_estimate":580912661.7,"standard_error":3871550.874145821},"median":{"confidence_interval":{"confidence_level":0.95,"lower_bound":569884978.0,"upper_bound":592148286.5},"point_estimate":578469564.5,"standard_error":5966481.936118286},"median_abs_dev":{"confidence_interval":{"confidence_level":0.95,"lower_bound":3625808.689329028,"upper_bound":21253106.946381927},"point_estimate":13580322.204101086,"standard_error":4776565.363400037},"slope":null,"std_dev":{"confidence_interval":{"confidence_level":0.95,"lower_bound":7451774.803439215,"upper_bound":15917128.025783757},"point_estimate":12912071.601170847,"standard_error":2152414.800995821}}