{"mean":{"confidence_interval":{"confidence_level":0.95,"lower_bound":235915522.45,"upper_bound":239534375.45},"point_estimate":237739449.1,"standard_error":924197.8314272161},"median":{"confidence_interval":{"confidence_level":0.95,"lower_bound":235805956.0,"upper_bound":240223399.75},"point_estimate":237809348.0,"standard_error":925299.523168445},"median_abs_dev":{"confidence_interval":{"confidence_level":0.95,"lower_bound":277350.71837604046,"upper_bound":5587832.198046148},"point_estimate":2135213.424642384,"standard_error":1355652.0217102775},"slope":null,"std_dev":{"confidence_interval":{"confidence_level":0.95,"lower_bound":1270365.0272469253,"upper_bound":4109790.8490167027},"point_estimate":3075689.7664194126,"standard_error":679413.3708954401}}