{"mean":{"confidence_interval":{"confidence_level":0.95,"lower_bound":5334280705.43,"upper_bound":5344659934.83},"point_estimate":5339548639.57,"standard_error":2642742.9573586266},"median":{"confidence_interval":{"confidence_level":0.95,"lower_bound":5315793113.0,"upper_bound":5355910265.0},"point_estimate":5351492452.5,"standard_error":10745147.828175224},"median_abs_dev":{"confidence_interval":{"confidence_level":0.95,"lower_bound":12174747.74685502,"upper_bound":50842919.50535774},"point_estimate":23648371.00095749,"standard_error":11291358.241879784},"slope":null,"std_dev":{"confidence_interval":{"confidence_level":0.95,"lower_bound":23951047.585384667,"upper_bound":29179573.000198774},"point_estimate":26519384.71361821,"standard_error":1350451.283873882}}