{"mean":{"confidence_interval":{"confidence_level":0.95,"lower_bound":598818574.48,"upper_bound":631527072.0474999},"point_estimate":613736685.7,"standard_error":8413981.44368946},"median":{"confidence_interval":{"confidence_level":0.95,"lower_bound":594036556.0,"upper_bound":632464528.5},"point_estimate":607973356.0,"standard_error":7018827.031959909},"median_abs_dev":{"confidence_interval":{"confidence_level":0.95,"lower_bound":1085234.2700332403,"upper_bound":40515177.01451182},"point_estimate":14005487.398552895,"standard_error":11069755.991899941},"slope":null,"std_dev":{"confidence_interval":{"confidence_level":0.95,"lower_bound":9260807.380207174,"upper_bound":36794675.71138773},"point_estimate":28124215.813253094,"standard_error":7193388.365389991}}