{"mean":{"confidence_interval":{"confidence_level":0.95,"lower_bound":-0.013137120661387504,"upper_bound":-0.00126122038142354},"point_estimate":-0.006881438715938271,"standard_error":0.0030318562271434073},"median":{"confidence_interval":{"confidence_level":0.95,"lower_bound":-0.013656704932435981,"upper_bound":0.00173841110316042},"point_estimate":-0.004681989189051716,"standard_error":0.0036381952718354915}}