{"mean":{"confidence_interval":{"confidence_level":0.95,"lower_bound":230703355.91000003,"upper_bound":232899483.16666666},"point_estimate":231816315.13333336,"standard_error":565674.8581795515},"median":{"confidence_interval":{"confidence_level":0.95,"lower_bound":230007311.0,"upper_bound":233855235.0},"point_estimate":231965703.66666666,"standard_error":1052090.8909782988},"median_abs_dev":{"confidence_interval":{"confidence_level":0.95,"lower_bound":87191.70445203781,"upper_bound":3137281.866902098},"point_estimate":2845014.9572909027,"standard_error":778734.6097975248},"slope":null,"std_dev":{"confidence_interval":{"confidence_level":0.95,"lower_bound":1215880.9784582232,"upper_bound":2179290.4785036496},"point_estimate":1882194.3781534878,"standard_error":245236.6932921481}}