{"mean":{"confidence_interval":{"confidence_level":0.95,"lower_bound":284921596.75,"upper_bound":295549165.2825},"point_estimate":290522346.8,"standard_error":2733711.24726708},"median":{"confidence_interval":{"confidence_level":0.95,"lower_bound":283666025.25,"upper_bound":298097400.5},"point_estimate":293014619.5,"standard_error":4622825.040743667},"median_abs_dev":{"confidence_interval":{"confidence_level":0.95,"lower_bound":313255.5832386017,"upper_bound":15634509.686931968},"point_estimate":7629481.33289963,"standard_error":5190751.238458079},"slope":null,"std_dev":{"confidence_interval":{"confidence_level":0.95,"lower_bound":4702266.019643146,"upper_bound":11336842.768208843},"point_estimate":9104501.893418316,"standard_error":1734739.9561959247}}