{"mean":{"confidence_interval":{"confidence_level":0.95,"lower_bound":323956096.9,"upper_bound":324433455.5},"point_estimate":324190512.45,"standard_error":122844.20155687715},"median":{"confidence_interval":{"confidence_level":0.95,"lower_bound":323794989.0,"upper_bound":324577777.0},"point_estimate":324188718.75,"standard_error":213982.5174711006},"median_abs_dev":{"confidence_interval":{"confidence_level":0.95,"lower_bound":77300.16807764769,"upper_bound":689949.0248009562},"point_estimate":580280.7340979576,"standard_error":158153.70897976498},"slope":null,"std_dev":{"confidence_interval":{"confidence_level":0.95,"lower_bound":256767.2786493421,"upper_bound":484926.57051868574},"point_estimate":409962.8261450089,"standard_error":57630.05657319938}}