{"mean":{"confidence_interval":{"confidence_level":0.95,"lower_bound":562223116.2,"upper_bound":601945100.8},"point_estimate":581340357.7,"standard_error":10185443.777185315},"median":{"confidence_interval":{"confidence_level":0.95,"lower_bound":545714001.0,"upper_bound":610276320.0},"point_estimate":579924026.5,"standard_error":14021836.13924777},"median_abs_dev":{"confidence_interval":{"confidence_level":0.95,"lower_bound":2709298.7441003323,"upper_bound":63439391.332125664},"point_estimate":37899848.42194319,"standard_error":15897167.444833284},"slope":null,"std_dev":{"confidence_interval":{"confidence_level":0.95,"lower_bound":18194658.983555235,"upper_bound":42002146.427149504},"point_estimate":33991873.42574545,"standard_error":6117309.754750851}}