{"mean":{"confidence_interval":{"confidence_level":0.95,"lower_bound":-0.009918719192109906,"upper_bound":-0.001474071596148094},"point_estimate":-0.005302954329988729,"standard_error":0.002172884573345294},"median":{"confidence_interval":{"confidence_level":0.95,"lower_bound":-0.010539101412080809,"upper_bound":-0.00028139265303395167},"point_estimate":-0.0027007628630574265,"standard_error":0.00232137046211678}}