{"mean":{"confidence_interval":{"confidence_level":0.95,"lower_bound":121188602321.3,"upper_bound":121451264164.0},"point_estimate":121306818377.4,"standard_error":67260693.84429981},"median":{"confidence_interval":{"confidence_level":0.95,"lower_bound":121159135099.0,"upper_bound":121472323914.0},"point_estimate":121226081720.0,"standard_error":68922109.82879916},"median_abs_dev":{"confidence_interval":{"confidence_level":0.95,"lower_bound":10662383.837404847,"upper_bound":312625998.64237905},"point_estimate":101590169.05831397,"standard_error":68491529.36099946},"slope":null,"std_dev":{"confidence_interval":{"confidence_level":0.95,"lower_bound":55927651.84364714,"upper_bound":281973851.6778393},"point_estimate":223942793.63687512,"standard_error":59402552.16076024}}