{"mean":{"confidence_interval":{"confidence_level":0.95,"lower_bound":2446312966.57,"upper_bound":2447481476.013},"point_estimate":2446880330.26,"standard_error":298351.8475734069},"median":{"confidence_interval":{"confidence_level":0.95,"lower_bound":2446125396.0,"upper_bound":2447143567.0},"point_estimate":2446742560.5,"standard_error":289526.72799322143},"median_abs_dev":{"confidence_interval":{"confidence_level":0.95,"lower_bound":1958148.3630359173,"upper_bound":3175067.9040312767},"point_estimate":2522069.3477243185,"standard_error":302274.71409854735},"slope":null,"std_dev":{"confidence_interval":{"confidence_level":0.95,"lower_bound":2378260.222711607,"upper_bound":3658673.5056692595},"point_estimate":3015464.9030726994,"standard_error":329272.85426383506}}