{"mean":{"confidence_interval":{"confidence_level":0.95,"lower_bound":3223432731.4,"upper_bound":3228142754.9},"point_estimate":3225673920.0,"standard_error":1205023.3303257518},"median":{"confidence_interval":{"confidence_level":0.95,"lower_bound":3222090921.0,"upper_bound":3228910233.5},"point_estimate":3225306581.0,"standard_error":1715844.866325454},"median_abs_dev":{"confidence_interval":{"confidence_level":0.95,"lower_bound":523280.6955099106,"upper_bound":6979247.454893589},"point_estimate":4379605.511346459,"standard_error":1711183.3769106378},"slope":null,"std_dev":{"confidence_interval":{"confidence_level":0.95,"lower_bound":2010752.4069956432,"upper_bound":4949701.56586277},"point_estimate":4015993.1010096506,"standard_error":740441.7465038348}}