{"mean":{"confidence_interval":{"confidence_level":0.95,"lower_bound":1619538709.75,"upper_bound":1620087614.735},"point_estimate":1619809737.13,"standard_error":137408.8657981798},"median":{"confidence_interval":{"confidence_level":0.95,"lower_bound":1619545323.0,"upper_bound":1620098615.5},"point_estimate":1619754883.5,"standard_error":147375.7404052449},"median_abs_dev":{"confidence_interval":{"confidence_level":0.95,"lower_bound":1008711.3549917936,"upper_bound":1700857.2223037481},"point_estimate":1269881.7185550928,"standard_error":180248.95969871772},"slope":null,"std_dev":{"confidence_interval":{"confidence_level":0.95,"lower_bound":1181383.2468772235,"upper_bound":1514690.8322122006},"point_estimate":1357201.1046215189,"standard_error":85381.79652923053}}