{"mean":{"confidence_interval":{"confidence_level":0.95,"lower_bound":0.015301956162520747,"upper_bound":0.022349602740891632},"point_estimate":0.018734494390530987,"standard_error":0.0017812429409468662},"median":{"confidence_interval":{"confidence_level":0.95,"lower_bound":0.01363387895180046,"upper_bound":0.02444752854729626},"point_estimate":0.017921657246248834,"standard_error":0.0028289799616950566}}