{"mean":{"confidence_interval":{"confidence_level":0.95,"lower_bound":60187657459.16,"upper_bound":60306178641.14},"point_estimate":60244209758.5,"standard_error":30479525.375181794},"median":{"confidence_interval":{"confidence_level":0.95,"lower_bound":60163622152.0,"upper_bound":60356742095.0},"point_estimate":60196804833.0,"standard_error":52417854.379800886},"median_abs_dev":{"confidence_interval":{"confidence_level":0.95,"lower_bound":17180272.867289186,"upper_bound":155363325.8384496},"point_estimate":79359076.90009475,"standard_error":40914672.96361946},"slope":null,"std_dev":{"confidence_interval":{"confidence_level":0.95,"lower_bound":56599592.90146185,"upper_bound":120024151.80157647},"point_estimate":101790835.07914135,"standard_error":16271738.859352635}}