{"mean":{"confidence_interval":{"confidence_level":0.95,"lower_bound":1331089516.2,"upper_bound":1338002200.1225},"point_estimate":1334302836.1,"standard_error":1770282.112753983},"median":{"confidence_interval":{"confidence_level":0.95,"lower_bound":1330461663.5,"upper_bound":1336704530.5},"point_estimate":1334030694.0,"standard_error":1628699.526901145},"median_abs_dev":{"confidence_interval":{"confidence_level":0.95,"lower_bound":1000057.4189454317,"upper_bound":8712619.577220082},"point_estimate":3662192.4339830875,"standard_error":1910199.5600788724},"slope":null,"std_dev":{"confidence_interval":{"confidence_level":0.95,"lower_bound":2284516.817406305,"upper_bound":8314258.488547872},"point_estimate":5905001.965561708,"standard_error":1666632.986188721}}