{"mean":{"confidence_interval":{"confidence_level":0.95,"lower_bound":4980933154.6,"upper_bound":4984068879.08},"point_estimate":4982570580.48,"standard_error":791796.8688809504},"median":{"confidence_interval":{"confidence_level":0.95,"lower_bound":4981644592.0,"upper_bound":4984923559.0},"point_estimate":4983152989.5,"standard_error":781915.7499863813},"median_abs_dev":{"confidence_interval":{"confidence_level":0.95,"lower_bound":4442359.520432353,"upper_bound":7051806.286787909},"point_estimate":5811067.646732926,"standard_error":644000.4790736471},"slope":null,"std_dev":{"confidence_interval":{"confidence_level":0.95,"lower_bound":5392154.387981028,"upper_bound":10496549.114110865},"point_estimate":8075111.483896236,"standard_error":1321027.3926841272}}