{"mean":{"confidence_interval":{"confidence_level":0.95,"lower_bound":4802650092.2625,"upper_bound":4816229604.5575},"point_estimate":4810017816.7,"standard_error":3498216.2448754394},"median":{"confidence_interval":{"confidence_level":0.95,"lower_bound":4801134373.0,"upper_bound":4818545539.0},"point_estimate":4814608141.5,"standard_error":4344721.145367823},"median_abs_dev":{"confidence_interval":{"confidence_level":0.95,"lower_bound":1704416.9448405504,"upper_bound":19541276.260372996},"point_estimate":7264084.5618367195,"standard_error":4347629.065163845},"slope":null,"std_dev":{"confidence_interval":{"confidence_level":0.95,"lower_bound":4289293.078327289,"upper_bound":15470195.869358027},"point_estimate":11682726.914758882,"standard_error":2867462.4265058045}}