{"mean":{"confidence_interval":{"confidence_level":0.95,"lower_bound":861676234.8,"upper_bound":866437527.385},"point_estimate":864150901.7,"standard_error":1225571.0510583117},"median":{"confidence_interval":{"confidence_level":0.95,"lower_bound":860819860.0,"upper_bound":867166272.5},"point_estimate":865523493.0,"standard_error":1478971.3452640108},"median_abs_dev":{"confidence_interval":{"confidence_level":0.95,"lower_bound":147927.89497375488,"upper_bound":6570866.033443809},"point_estimate":3391682.4318856,"standard_error":1919462.5694401101},"slope":null,"std_dev":{"confidence_interval":{"confidence_level":0.95,"lower_bound":1961697.324361844,"upper_bound":5100471.462442412},"point_estimate":4061606.705213729,"standard_error":773957.1627708378}}