{"mean":{"confidence_interval":{"confidence_level":0.95,"lower_bound":19515005.85,"upper_bound":19534518.48},"point_estimate":19524680.26,"standard_error":4955.9457680971855},"median":{"confidence_interval":{"confidence_level":0.95,"lower_bound":19509663.0,"upper_bound":19530523.0},"point_estimate":19521827.5,"standard_error":5350.993561764404},"median_abs_dev":{"confidence_interval":{"confidence_level":0.95,"lower_bound":34025.669395923615,"upper_bound":55182.37102031708},"point_estimate":44818.2559043169,"standard_error":5358.952245383653},"slope":null,"std_dev":{"confidence_interval":{"confidence_level":0.95,"lower_bound":41056.1647095362,"upper_bound":58205.78541296821},"point_estimate":49936.2726851864,"standard_error":4416.672448871282}}