{"mean":{"confidence_interval":{"confidence_level":0.95,"lower_bound":287597869657.5,"upper_bound":288411101699.0075},"point_estimate":288023757415.3,"standard_error":208582627.32458776},"median":{"confidence_interval":{"confidence_level":0.95,"lower_bound":287397609962.0,"upper_bound":288637191545.0},"point_estimate":288325832850.0,"standard_error":331182344.33926475},"median_abs_dev":{"confidence_interval":{"confidence_level":0.95,"lower_bound":39845324.26170409,"upper_bound":1156142619.0045655},"point_estimate":599283425.5245924,"standard_error":283304951.06120014},"slope":null,"std_dev":{"confidence_interval":{"confidence_level":0.95,"lower_bound":383795985.7745284,"upper_bound":852229164.551712},"point_estimate":696561351.2115834,"standard_error":120993156.93096305}}