{"mean":{"confidence_interval":{"confidence_level":0.95,"lower_bound":-0.009785216116479745,"upper_bound":0.006914700293725206},"point_estimate":-0.0013402277100432736,"standard_error":0.004251580234345408},"median":{"confidence_interval":{"confidence_level":0.95,"lower_bound":-0.010409740595216932,"upper_bound":0.009515127368459053},"point_estimate":0.0018046524221912996,"standard_error":0.0051129687977683295}}