{"mean":{"confidence_interval":{"confidence_level":0.95,"lower_bound":581839170.4,"upper_bound":622381757.0},"point_estimate":602114343.3,"standard_error":10392503.669616602},"median":{"confidence_interval":{"confidence_level":0.95,"lower_bound":576634915.5,"upper_bound":635297112.0},"point_estimate":595582172.0,"standard_error":17814717.823850814},"median_abs_dev":{"confidence_interval":{"confidence_level":0.95,"lower_bound":6851210.862466693,"upper_bound":59103163.73080909},"point_estimate":40877488.8656795,"standard_error":14168773.85900884},"slope":null,"std_dev":{"confidence_interval":{"confidence_level":0.95,"lower_bound":21778669.677605584,"upper_bound":42604644.83575107},"point_estimate":34655882.25812234,"standard_error":5428515.344370601}}