{"mean":{"confidence_interval":{"confidence_level":0.95,"lower_bound":23484674761.3,"upper_bound":23586206983.8},"point_estimate":23534514219.6,"standard_error":25959292.77118962},"median":{"confidence_interval":{"confidence_level":0.95,"lower_bound":23465002485.5,"upper_bound":23609719022.5},"point_estimate":23524095601.5,"standard_error":33797514.835664436},"median_abs_dev":{"confidence_interval":{"confidence_level":0.95,"lower_bound":9572407.471355796,"upper_bound":155749686.20249033},"point_estimate":71056950.70798695,"standard_error":36012144.59499777},"slope":null,"std_dev":{"confidence_interval":{"confidence_level":0.95,"lower_bound":47773244.795947604,"upper_bound":108817634.8455304},"point_estimate":86457232.31451957,"standard_error":15688918.097617488}}