{"mean":{"confidence_interval":{"confidence_level":0.95,"lower_bound":650557595.5725,"upper_bound":691093461.3925},"point_estimate":670657298.9,"standard_error":10377786.296771498},"median":{"confidence_interval":{"confidence_level":0.95,"lower_bound":646455271.0,"upper_bound":700108275.5},"point_estimate":672088234.0,"standard_error":13852944.779416012},"median_abs_dev":{"confidence_interval":{"confidence_level":0.95,"lower_bound":4647040.601098537,"upper_bound":56708227.33082771},"point_estimate":34665721.147960424,"standard_error":14810499.791042967},"slope":null,"std_dev":{"confidence_interval":{"confidence_level":0.95,"lower_bound":18190951.769902825,"upper_bound":44188844.8930189},"point_estimate":34573525.01502492,"standard_error":6489320.125680066}}