{"mean":{"confidence_interval":{"confidence_level":0.95,"lower_bound":68314224.7,"upper_bound":68791803.43},"point_estimate":68558633.16,"standard_error":119202.97094850188},"median":{"confidence_interval":{"confidence_level":0.95,"lower_bound":68327427.0,"upper_bound":68935433.0},"point_estimate":68614717.5,"standard_error":177455.2177776677},"median_abs_dev":{"confidence_interval":{"confidence_level":0.95,"lower_bound":848302.7295821178,"upper_bound":1263635.524865985},"point_estimate":1066355.583268404,"standard_error":111318.85038513682},"slope":null,"std_dev":{"confidence_interval":{"confidence_level":0.95,"lower_bound":972517.024850064,"upper_bound":1341216.369138323},"point_estimate":1166982.0705776466,"standard_error":96471.50074199108}}