{"mean":{"confidence_interval":{"confidence_level":0.95,"lower_bound":82135694.18,"upper_bound":82769737.89},"point_estimate":82439037.78,"standard_error":159656.25006292522},"median":{"confidence_interval":{"confidence_level":0.95,"lower_bound":82066876.0,"upper_bound":82632380.5},"point_estimate":82447988.0,"standard_error":145637.39615334978},"median_abs_dev":{"confidence_interval":{"confidence_level":0.95,"lower_bound":1082497.3904818296,"upper_bound":1867320.5821484327},"point_estimate":1556249.6099710464,"standard_error":207493.59893729133},"slope":null,"std_dev":{"confidence_interval":{"confidence_level":0.95,"lower_bound":1354762.8195704413,"upper_bound":1868564.309718117},"point_estimate":1618691.6817877456,"standard_error":131380.6484273742}}