{"mean":{"confidence_interval":{"confidence_level":0.95,"lower_bound":0.05192195998105421,"upper_bound":0.06171995199764882},"point_estimate":0.05692645070704261,"standard_error":0.002504889952366906},"median":{"confidence_interval":{"confidence_level":0.95,"lower_bound":0.04901034332278398,"upper_bound":0.06349022413109373},"point_estimate":0.056067460680558456,"standard_error":0.00429173294052194}}