{"mean":{"confidence_interval":{"confidence_level":0.95,"lower_bound":427168795.63,"upper_bound":427948892.49},"point_estimate":427551342.9,"standard_error":202114.59065054986},"median":{"confidence_interval":{"confidence_level":0.95,"lower_bound":426962699.5,"upper_bound":427402026.5},"point_estimate":427114428.0,"standard_error":102185.49404825771},"median_abs_dev":{"confidence_interval":{"confidence_level":0.95,"lower_bound":999497.737455368,"upper_bound":1937687.000799179},"point_estimate":1450480.186548829,"standard_error":234267.11725691188},"slope":null,"std_dev":{"confidence_interval":{"confidence_level":0.95,"lower_bound":1621217.171732337,"upper_bound":2421543.720930064},"point_estimate":2046940.1449858905,"standard_error":202504.33312531584}}