{"mean":{"confidence_interval":{"confidence_level":0.95,"lower_bound":278195761.3125,"upper_bound":279838797.4},"point_estimate":279047606.65,"standard_error":421590.2196382927},"median":{"confidence_interval":{"confidence_level":0.95,"lower_bound":278063701.0,"upper_bound":280327974.0},"point_estimate":279070609.5,"standard_error":643345.5936557094},"median_abs_dev":{"confidence_interval":{"confidence_level":0.95,"lower_bound":252630.95836490393,"upper_bound":2486187.8338113427},"point_estimate":1657532.315222919,"standard_error":552271.2360426179},"slope":null,"std_dev":{"confidence_interval":{"confidence_level":0.95,"lower_bound":797759.2131296804,"upper_bound":1778491.5866991396},"point_estimate":1407925.9349896382,"standard_error":258820.20768162762}}