{"mean":{"confidence_interval":{"confidence_level":0.95,"lower_bound":414711990.15,"upper_bound":416394807.9},"point_estimate":415495666.95,"standard_error":434614.33825061494},"median":{"confidence_interval":{"confidence_level":0.95,"lower_bound":414387185.5,"upper_bound":416643542.0},"point_estimate":414804107.0,"standard_error":624103.8055787289},"median_abs_dev":{"confidence_interval":{"confidence_level":0.95,"lower_bound":107989.61688280106,"upper_bound":2340222.530552745},"point_estimate":745029.8377230763,"standard_error":611981.0476156827},"slope":null,"std_dev":{"confidence_interval":{"confidence_level":0.95,"lower_bound":462332.10518210166,"upper_bound":1758877.7463657751},"point_estimate":1447501.4549000834,"standard_error":298087.9518199608}}