{"mean":{"confidence_interval":{"confidence_level":0.95,"lower_bound":251304180.6575,"upper_bound":255168444.9},"point_estimate":253167203.45,"standard_error":991153.4750955978},"median":{"confidence_interval":{"confidence_level":0.95,"lower_bound":250296469.0,"upper_bound":255342824.0},"point_estimate":253357097.5,"standard_error":1441336.6510065508},"median_abs_dev":{"confidence_interval":{"confidence_level":0.95,"lower_bound":277444.49282437563,"upper_bound":6036117.7977874875},"point_estimate":3953055.1978692412,"standard_error":1366175.2746836792},"slope":null,"std_dev":{"confidence_interval":{"confidence_level":0.95,"lower_bound":1836948.115947643,"upper_bound":4312199.728860268},"point_estimate":3307515.9077835004,"standard_error":672834.1532740983}}