{"mean":{"confidence_interval":{"confidence_level":0.95,"lower_bound":1229402876.44,"upper_bound":1317147436.3},"point_estimate":1271988995.0,"standard_error":22516466.86955983},"median":{"confidence_interval":{"confidence_level":0.95,"lower_bound":1208640492.0,"upper_bound":1333922436.5},"point_estimate":1267051168.5,"standard_error":27329531.53784666},"median_abs_dev":{"confidence_interval":{"confidence_level":0.95,"lower_bound":15116959.240320325,"upper_bound":132419802.13877857},"point_estimate":67734074.99957979,"standard_error":30989327.29008805},"slope":null,"std_dev":{"confidence_interval":{"confidence_level":0.95,"lower_bound":37767033.98532402,"upper_bound":95295709.02181609},"point_estimate":75312133.62308197,"standard_error":14481748.36887464}}