{"mean":{"confidence_interval":{"confidence_level":0.95,"lower_bound":21854349785.2,"upper_bound":21954917230.6},"point_estimate":21905252453.4,"standard_error":25794416.497592133},"median":{"confidence_interval":{"confidence_level":0.95,"lower_bound":21824826610.0,"upper_bound":21972547513.0},"point_estimate":21910249038.0,"standard_error":33461652.852938063},"median_abs_dev":{"confidence_interval":{"confidence_level":0.95,"lower_bound":17724228.419432044,"upper_bound":149799064.45956415},"point_estimate":106845384.02941525,"standard_error":34502199.241081275},"slope":null,"std_dev":{"confidence_interval":{"confidence_level":0.95,"lower_bound":47759911.55361695,"upper_bound":108129211.21320188},"point_estimate":85606942.19237046,"standard_error":15387286.981267516}}