{"mean":{"confidence_interval":{"confidence_level":0.95,"lower_bound":0.025316870250532097,"upper_bound":0.03334329452333088},"point_estimate":0.02915436274687022,"standard_error":0.00206258599011087},"median":{"confidence_interval":{"confidence_level":0.95,"lower_bound":0.02274665474938331,"upper_bound":0.032664637397385565},"point_estimate":0.02785654002711957,"standard_error":0.002336637595459457}}