{"mean":{"confidence_interval":{"confidence_level":0.95,"lower_bound":392942025.05,"upper_bound":408118781.4},"point_estimate":400729600.65,"standard_error":3890226.1352600213},"median":{"confidence_interval":{"confidence_level":0.95,"lower_bound":386874817.5,"upper_bound":411880243.0},"point_estimate":406002304.5,"standard_error":7246387.95875555},"median_abs_dev":{"confidence_interval":{"confidence_level":0.95,"lower_bound":806532.9030811787,"upper_bound":20487867.417767644},"point_estimate":13297961.039113998,"standard_error":5153649.393994545},"slope":null,"std_dev":{"confidence_interval":{"confidence_level":0.95,"lower_bound":8076522.371874024,"upper_bound":14902848.129278312},"point_estimate":12916274.51653338,"standard_error":1766697.9884787055}}