{"mean":{"confidence_interval":{"confidence_level":0.95,"lower_bound":20736199.47,"upper_bound":20762248.53},"point_estimate":20749402.27,"standard_error":6630.164779991635},"median":{"confidence_interval":{"confidence_level":0.95,"lower_bound":20727013.0,"upper_bound":20769983.0},"point_estimate":20747378.0,"standard_error":10051.877964817508},"median_abs_dev":{"confidence_interval":{"confidence_level":0.95,"lower_bound":52853.206461668015,"upper_bound":77539.9786233902},"point_estimate":67324.86480474472,"standard_error":6170.448637546247},"slope":null,"std_dev":{"confidence_interval":{"confidence_level":0.95,"lower_bound":55833.07266918851,"upper_bound":77073.57171774514},"point_estimate":66603.33893545132,"standard_error":5402.834267213464}}