{"mean":{"confidence_interval":{"confidence_level":0.95,"lower_bound":18849562387.2,"upper_bound":18861275937.745},"point_estimate":18855359694.4,"standard_error":2991182.9746442162},"median":{"confidence_interval":{"confidence_level":0.95,"lower_bound":18848263247.5,"upper_bound":18860282341.0},"point_estimate":18857543954.0,"standard_error":3942497.4253968946},"median_abs_dev":{"confidence_interval":{"confidence_level":0.95,"lower_bound":856558.7913930416,"upper_bound":17036889.882534742},"point_estimate":8761950.12614429,"standard_error":4556874.138673849},"slope":null,"std_dev":{"confidence_interval":{"confidence_level":0.95,"lower_bound":4930777.055544139,"upper_bound":13401983.643656142},"point_estimate":10021066.979907447,"standard_error":2251918.270108561}}