{"mean":{"confidence_interval":{"confidence_level":0.95,"lower_bound":503900041.065,"upper_bound":505205475.34000003},"point_estimate":504491799.4,"standard_error":336285.2606600188},"median":{"confidence_interval":{"confidence_level":0.95,"lower_bound":503843680.5,"upper_bound":505145878.0},"point_estimate":504206770.5,"standard_error":320706.3453808925},"median_abs_dev":{"confidence_interval":{"confidence_level":0.95,"lower_bound":98625.51544904709,"upper_bound":1767030.8482289314},"point_estimate":592232.7137857676,"standard_error":410841.0713230431},"slope":null,"std_dev":{"confidence_interval":{"confidence_level":0.95,"lower_bound":374660.30424498464,"upper_bound":1534113.9658756342},"point_estimate":1123419.8792569055,"standard_error":303581.823955104}}