{"mean":{"confidence_interval":{"confidence_level":0.95,"lower_bound":1049009760.4425,"upper_bound":1050186349.8525},"point_estimate":1049597734.9,"standard_error":300272.5948991104},"median":{"confidence_interval":{"confidence_level":0.95,"lower_bound":1049029247.0,"upper_bound":1050311788.0},"point_estimate":1049399124.0,"standard_error":370547.86220754945},"median_abs_dev":{"confidence_interval":{"confidence_level":0.95,"lower_bound":192354.0031850338,"upper_bound":1791385.5179965496},"point_estimate":897253.9367705584,"standard_error":398727.652900536},"slope":null,"std_dev":{"confidence_interval":{"confidence_level":0.95,"lower_bound":513642.1193135785,"upper_bound":1323881.5565069297},"point_estimate":1003440.8089696451,"standard_error":208622.40538012702}}