{"mean":{"confidence_interval":{"confidence_level":0.95,"lower_bound":641890928.9,"upper_bound":669636940.9150001},"point_estimate":655749570.1,"standard_error":7104861.747663922},"median":{"confidence_interval":{"confidence_level":0.95,"lower_bound":630087305.0,"upper_bound":674766691.5},"point_estimate":661798298.0,"standard_error":12336097.623270867},"median_abs_dev":{"confidence_interval":{"confidence_level":0.95,"lower_bound":2648978.422871232,"upper_bound":39292441.23381972},"point_estimate":31828271.651235223,"standard_error":10193502.35306813},"slope":null,"std_dev":{"confidence_interval":{"confidence_level":0.95,"lower_bound":15004706.306369334,"upper_bound":28274325.296539206},"point_estimate":23598491.81028943,"standard_error":3446637.9926517904}}