{"mean":{"confidence_interval":{"confidence_level":0.95,"lower_bound":1075107240.8,"upper_bound":1152719077.8},"point_estimate":1111089762.8,"standard_error":19928750.307950005},"median":{"confidence_interval":{"confidence_level":0.95,"lower_bound":1056767732.5,"upper_bound":1149168560.5},"point_estimate":1104000673.0,"standard_error":22798357.518293843},"median_abs_dev":{"confidence_interval":{"confidence_level":0.95,"lower_bound":10972185.704004765,"upper_bound":100807440.78041017},"point_estimate":56200554.706540704,"standard_error":23270071.611888062},"slope":null,"std_dev":{"confidence_interval":{"confidence_level":0.95,"lower_bound":29759586.236924127,"upper_bound":89387795.89630443},"point_estimate":66205096.80026421,"standard_error":16642520.05840622}}