{"mean":{"confidence_interval":{"confidence_level":0.95,"lower_bound":1342039801.3075,"upper_bound":1346082513.8},"point_estimate":1344139571.8,"standard_error":1035732.2803137655},"median":{"confidence_interval":{"confidence_level":0.95,"lower_bound":1342117405.5,"upper_bound":1346168967.0},"point_estimate":1344385058.5,"standard_error":822593.8096184683},"median_abs_dev":{"confidence_interval":{"confidence_level":0.95,"lower_bound":317624.06406104565,"upper_bound":5940039.759743214},"point_estimate":1830767.821097374,"standard_error":1436669.9274993709},"slope":null,"std_dev":{"confidence_interval":{"confidence_level":0.95,"lower_bound":1099709.8774615421,"upper_bound":4700417.120500842},"point_estimate":3454561.1295753713,"standard_error":861757.768053333}}