{"mean":{"confidence_interval":{"confidence_level":0.95,"lower_bound":1754705105.3574998,"upper_bound":1764130650.975},"point_estimate":1759450832.5,"standard_error":2410891.6314052353},"median":{"confidence_interval":{"confidence_level":0.95,"lower_bound":1752159868.0,"upper_bound":1765858061.0},"point_estimate":1760936888.5,"standard_error":3277383.2449280624},"median_abs_dev":{"confidence_interval":{"confidence_level":0.95,"lower_bound":943382.8110516071,"upper_bound":14459510.66019237},"point_estimate":10108345.864140987,"standard_error":3635341.3009115835},"slope":null,"std_dev":{"confidence_interval":{"confidence_level":0.95,"lower_bound":4749907.298043774,"upper_bound":9976342.728329368},"point_estimate":8063094.25372973,"standard_error":1342893.5352739522}}