{"mean":{"confidence_interval":{"confidence_level":0.95,"lower_bound":9824010750.9,"upper_bound":9975568246.4},"point_estimate":9898867088.7,"standard_error":38811888.24661726},"median":{"confidence_interval":{"confidence_level":0.95,"lower_bound":9774289652.5,"upper_bound":10012709352.0},"point_estimate":9885605717.0,"standard_error":65293198.815862544},"median_abs_dev":{"confidence_interval":{"confidence_level":0.95,"lower_bound":33804530.71424961,"upper_bound":216044835.84923744},"point_estimate":159702354.07111645,"standard_error":47256727.96680899},"slope":null,"std_dev":{"confidence_interval":{"confidence_level":0.95,"lower_bound":80433061.7130791,"upper_bound":153745888.37579623},"point_estimate":129113902.47194691,"standard_error":18690893.881106507}}