{"mean":{"confidence_interval":{"confidence_level":0.95,"lower_bound":2478696883.145,"upper_bound":2485941589.6},"point_estimate":2482218477.3,"standard_error":1857039.9276357642},"median":{"confidence_interval":{"confidence_level":0.95,"lower_bound":2476665250.0,"upper_bound":2488124325.0},"point_estimate":2481172532.5,"standard_error":2419270.970018606},"median_abs_dev":{"confidence_interval":{"confidence_level":0.95,"lower_bound":755469.9360877275,"upper_bound":10872833.714568615},"point_estimate":6702637.295204401,"standard_error":2743673.612531078},"slope":null,"std_dev":{"confidence_interval":{"confidence_level":0.95,"lower_bound":3234241.419389694,"upper_bound":7710323.299403596},"point_estimate":6180652.807304601,"standard_error":1101930.118797683}}