{"mean":{"confidence_interval":{"confidence_level":0.95,"lower_bound":68532135.85,"upper_bound":69009112.18},"point_estimate":68769121.54,"standard_error":121451.63969202276},"median":{"confidence_interval":{"confidence_level":0.95,"lower_bound":68482669.0,"upper_bound":68999254.0},"point_estimate":68751087.0,"standard_error":122898.99109372421},"median_abs_dev":{"confidence_interval":{"confidence_level":0.95,"lower_bound":821634.6664130688,"upper_bound":1495142.7694559097},"point_estimate":1056557.0800423622,"standard_error":167214.54067130206},"slope":null,"std_dev":{"confidence_interval":{"confidence_level":0.95,"lower_bound":1038114.7599119544,"upper_bound":1367849.4578721612},"point_estimate":1213719.0197637724,"standard_error":83674.74112283987}}