{"mean":{"confidence_interval":{"confidence_level":0.95,"lower_bound":853103303.545,"upper_bound":859639969.2225},"point_estimate":856253585.2,"standard_error":1677990.341234135},"median":{"confidence_interval":{"confidence_level":0.95,"lower_bound":851399289.0,"upper_bound":861072858.0},"point_estimate":855067637.5,"standard_error":2244966.601334068},"median_abs_dev":{"confidence_interval":{"confidence_level":0.95,"lower_bound":480798.2758641243,"upper_bound":9911434.348636866},"point_estimate":5469198.625302315,"standard_error":2520324.2991852337},"slope":null,"std_dev":{"confidence_interval":{"confidence_level":0.95,"lower_bound":2933554.9334283965,"upper_bound":6890877.309102538},"point_estimate":5616973.051498601,"standard_error":973904.3435931465}}