{"mean":{"confidence_interval":{"confidence_level":0.95,"lower_bound":416218554.4,"upper_bound":419903081.25},"point_estimate":418146587.0,"standard_error":939965.4015109442},"median":{"confidence_interval":{"confidence_level":0.95,"lower_bound":416030110.5,"upper_bound":420030434.0},"point_estimate":418577789.75,"standard_error":907112.195590004},"median_abs_dev":{"confidence_interval":{"confidence_level":0.95,"lower_bound":480618.13996732235,"upper_bound":5397546.421824396},"point_estimate":2156833.0681085587,"standard_error":1198301.4657987377},"slope":null,"std_dev":{"confidence_interval":{"confidence_level":0.95,"lower_bound":1282539.4680647466,"upper_bound":4315344.324841314},"point_estimate":3127349.8454721565,"standard_error":800410.7937911848}}