{"mean":{"confidence_interval":{"confidence_level":0.95,"lower_bound":49946953.73,"upper_bound":50055789.28},"point_estimate":50001918.36,"standard_error":27822.667091082512},"median":{"confidence_interval":{"confidence_level":0.95,"lower_bound":49974464.0,"upper_bound":50103338.0},"point_estimate":50027088.0,"standard_error":32722.370653970393},"median_abs_dev":{"confidence_interval":{"confidence_level":0.95,"lower_bound":190904.02041077614,"upper_bound":350477.7196452765},"point_estimate":269920.6686079502,"standard_error":40016.10671471059},"slope":null,"std_dev":{"confidence_interval":{"confidence_level":0.95,"lower_bound":240399.0524074888,"upper_bound":312093.6068926582},"point_estimate":279162.59957321495,"standard_error":18158.130994754774}}