{"mean":{"confidence_interval":{"confidence_level":0.95,"lower_bound":7119763860.4775,"upper_bound":7222254181.9625},"point_estimate":7169644632.5,"standard_error":26162541.69162924},"median":{"confidence_interval":{"confidence_level":0.95,"lower_bound":7076375614.0,"upper_bound":7239067849.5},"point_estimate":7164766973.0,"standard_error":39828467.06280209},"median_abs_dev":{"confidence_interval":{"confidence_level":0.95,"lower_bound":7593877.065181732,"upper_bound":152825197.70911038},"point_estimate":113412651.79272294,"standard_error":36078873.76356495},"slope":null,"std_dev":{"confidence_interval":{"confidence_level":0.95,"lower_bound":50981189.89193911,"upper_bound":106945747.01959427},"point_estimate":87574048.97800891,"standard_error":14240487.195899397}}