{"mean":{"confidence_interval":{"confidence_level":0.95,"lower_bound":-0.0037278575773067603,"upper_bound":0.002617387271070215},"point_estimate":-0.0006594967505568761,"standard_error":0.0016066296721404124},"median":{"confidence_interval":{"confidence_level":0.95,"lower_bound":-0.005076332003710937,"upper_bound":0.0036811916844987635},"point_estimate":-0.00025897034988597856,"standard_error":0.002263673443182026}}