{"mean":{"confidence_interval":{"confidence_level":0.95,"lower_bound":606553877.9150001,"upper_bound":653169426.8},"point_estimate":628798380.1,"standard_error":11997890.562628685},"median":{"confidence_interval":{"confidence_level":0.95,"lower_bound":592983781.0,"upper_bound":673708518.0},"point_estimate":616655659.0,"standard_error":19784750.692851305},"median_abs_dev":{"confidence_interval":{"confidence_level":0.95,"lower_bound":5593617.673793435,"upper_bound":63770670.883244276},"point_estimate":38071368.1889981,"standard_error":15663556.77752807},"slope":null,"std_dev":{"confidence_interval":{"confidence_level":0.95,"lower_bound":20016934.25845876,"upper_bound":46852961.11654509},"point_estimate":39825169.6672936,"standard_error":6310460.577661999}}