{"mean":{"confidence_interval":{"confidence_level":0.95,"lower_bound":15707800.94,"upper_bound":15731202.68},"point_estimate":15719210.7,"standard_error":5973.001842263658},"median":{"confidence_interval":{"confidence_level":0.95,"lower_bound":15706246.0,"upper_bound":15725955.0},"point_estimate":15716251.0,"standard_error":4546.864510514916},"median_abs_dev":{"confidence_interval":{"confidence_level":0.95,"lower_bound":42120.66525220871,"upper_bound":74989.90666866302},"point_estimate":61883.7229013443,"standard_error":8757.189526478242},"slope":null,"std_dev":{"confidence_interval":{"confidence_level":0.95,"lower_bound":50509.3183943908,"upper_bound":69844.56893689667},"point_estimate":60351.09313086972,"standard_error":4971.16597213712}}