{"mean":{"confidence_interval":{"confidence_level":0.95,"lower_bound":691492687.51,"upper_bound":692347124.39},"point_estimate":691919698.8,"standard_error":222187.21057456633},"median":{"confidence_interval":{"confidence_level":0.95,"lower_bound":691070686.0,"upper_bound":692166885.0},"point_estimate":691385504.5,"standard_error":272226.3749363574},"median_abs_dev":{"confidence_interval":{"confidence_level":0.95,"lower_bound":1354521.127152443,"upper_bound":2282089.7855848074},"point_estimate":1801159.5583230257,"standard_error":230055.77511025476},"slope":null,"std_dev":{"confidence_interval":{"confidence_level":0.95,"lower_bound":1801487.540494152,"upper_bound":2599134.48197222},"point_estimate":2215999.931733553,"standard_error":205616.08652869644}}