{"mean":{"confidence_interval":{"confidence_level":0.95,"lower_bound":154240116.49,"upper_bound":154553814.6},"point_estimate":154395960.46,"standard_error":80238.9627902844},"median":{"confidence_interval":{"confidence_level":0.95,"lower_bound":154156776.0,"upper_bound":154492754.0},"point_estimate":154298660.5,"standard_error":80439.65469108564},"median_abs_dev":{"confidence_interval":{"confidence_level":0.95,"lower_bound":591136.3311052322,"upper_bound":962866.3986057043},"point_estimate":755748.6648827791,"standard_error":93898.37014883467},"slope":null,"std_dev":{"confidence_interval":{"confidence_level":0.95,"lower_bound":701943.1945736469,"upper_bound":908100.0366693629},"point_estimate":812781.5522877852,"standard_error":52757.98451678325}}