{"mean":{"confidence_interval":{"confidence_level":0.95,"lower_bound":27731692045.2,"upper_bound":27875504205.5},"point_estimate":27804955092.4,"standard_error":36923819.75517359},"median":{"confidence_interval":{"confidence_level":0.95,"lower_bound":27675958591.0,"upper_bound":27918145690.0},"point_estimate":27836465469.5,"standard_error":71528120.14306955},"median_abs_dev":{"confidence_interval":{"confidence_level":0.95,"lower_bound":21073378.76457274,"upper_bound":195691184.500587},"point_estimate":167066164.97888267,"standard_error":47631941.17225065},"slope":null,"std_dev":{"confidence_interval":{"confidence_level":0.95,"lower_bound":80323489.73862892,"upper_bound":141796573.98931935},"point_estimate":123053603.81361793,"standard_error":15808782.318563743}}