{"mean":{"confidence_interval":{"confidence_level":0.95,"lower_bound":1702239313.3825,"upper_bound":1704116818.1},"point_estimate":1703139792.3,"standard_error":481993.7598747722},"median":{"confidence_interval":{"confidence_level":0.95,"lower_bound":1701938936.5,"upper_bound":1704442255.0},"point_estimate":1702660563.5,"standard_error":666167.824879881},"median_abs_dev":{"confidence_interval":{"confidence_level":0.95,"lower_bound":25828.374141454697,"upper_bound":2526530.4910451174},"point_estimate":1268882.4461728334,"standard_error":643306.9815506644},"slope":null,"std_dev":{"confidence_interval":{"confidence_level":0.95,"lower_bound":809183.1005148957,"upper_bound":2019150.9717596883},"point_estimate":1603693.2585052992,"standard_error":304678.71063448046}}