{"mean":{"confidence_interval":{"confidence_level":0.95,"lower_bound":373957691.4,"upper_bound":384437175.75},"point_estimate":379330080.8,"standard_error":2672988.9715883858},"median":{"confidence_interval":{"confidence_level":0.95,"lower_bound":372976641.0,"upper_bound":386146662.75},"point_estimate":379805902.25,"standard_error":3208203.8486461863},"median_abs_dev":{"confidence_interval":{"confidence_level":0.95,"lower_bound":1482428.733381629,"upper_bound":15006428.817732632},"point_estimate":8117859.030479193,"standard_error":3458051.684454874},"slope":null,"std_dev":{"confidence_interval":{"confidence_level":0.95,"lower_bound":4446741.35811593,"upper_bound":11738756.510872377},"point_estimate":8907380.42741605,"standard_error":1882630.486363193}}