{"mean":{"confidence_interval":{"confidence_level":0.95,"lower_bound":415685849.85,"upper_bound":429744156.94624996},"point_estimate":422622044.05,"standard_error":3604089.1490262137},"median":{"confidence_interval":{"confidence_level":0.95,"lower_bound":411941514.5,"upper_bound":434640610.5},"point_estimate":420508457.5,"standard_error":6502270.833844365},"median_abs_dev":{"confidence_interval":{"confidence_level":0.95,"lower_bound":3124577.591277659,"upper_bound":18988540.009886026},"point_estimate":16419178.317551315,"standard_error":4532717.875944999},"slope":null,"std_dev":{"confidence_interval":{"confidence_level":0.95,"lower_bound":7776513.912402056,"upper_bound":14013189.839826062},"point_estimate":12038254.245709546,"standard_error":1589847.5956411206}}