{"mean":{"confidence_interval":{"confidence_level":0.95,"lower_bound":51820701.88,"upper_bound":52258583.92},"point_estimate":52040615.46,"standard_error":110825.04415443483},"median":{"confidence_interval":{"confidence_level":0.95,"lower_bound":51782664.0,"upper_bound":52468898.0},"point_estimate":52140451.0,"standard_error":186037.4044622443},"median_abs_dev":{"confidence_interval":{"confidence_level":0.95,"lower_bound":841440.719461441,"upper_bound":1360567.1698451042},"point_estimate":1035481.9214165211,"standard_error":133744.29476144412},"slope":null,"std_dev":{"confidence_interval":{"confidence_level":0.95,"lower_bound":949483.1066251857,"upper_bound":1246939.5139625112},"point_estimate":1107499.3661785212,"standard_error":75269.55755209575}}