{"mean":{"confidence_interval":{"confidence_level":0.95,"lower_bound":14051875262.2,"upper_bound":14388645446.74},"point_estimate":14217448980.9,"standard_error":86234845.3822728},"median":{"confidence_interval":{"confidence_level":0.95,"lower_bound":14072764234.0,"upper_bound":14386284369.0},"point_estimate":14174431547.5,"standard_error":83530544.10170917},"median_abs_dev":{"confidence_interval":{"confidence_level":0.95,"lower_bound":30403433.031231165,"upper_bound":511447589.9466902},"point_estimate":153834482.088992,"standard_error":125997434.69865054},"slope":null,"std_dev":{"confidence_interval":{"confidence_level":0.95,"lower_bound":126394059.14851722,"upper_bound":386828950.65025413},"point_estimate":287318456.2736431,"standard_error":66513265.86247113}}