{"mean":{"confidence_interval":{"confidence_level":0.95,"lower_bound":0.041170121781088406,"upper_bound":0.09807610835442764},"point_estimate":0.06941120576686033,"standard_error":0.014429952103352224},"median":{"confidence_interval":{"confidence_level":0.95,"lower_bound":0.03525953057861697,"upper_bound":0.10621695386644125},"point_estimate":0.05739651777060284,"standard_error":0.018778936536899795}}