{"mean":{"confidence_interval":{"confidence_level":0.95,"lower_bound":8066762781.505,"upper_bound":8090836281.1},"point_estimate":8079894288.4,"standard_error":6203194.284330447},"median":{"confidence_interval":{"confidence_level":0.95,"lower_bound":8062631313.5,"upper_bound":8095070579.0},"point_estimate":8084515101.5,"standard_error":6582456.829034806},"median_abs_dev":{"confidence_interval":{"confidence_level":0.95,"lower_bound":3029813.1368100643,"upper_bound":29050216.59205556},"point_estimate":13051999.927380681,"standard_error":6550562.899743854},"slope":null,"std_dev":{"confidence_interval":{"confidence_level":0.95,"lower_bound":6609213.530656109,"upper_bound":25991684.6966839},"point_estimate":20672420.70237919,"standard_error":5140779.930185316}}