{"mean":{"confidence_interval":{"confidence_level":0.95,"lower_bound":1236117723.175,"upper_bound":1247397840.0175},"point_estimate":1241430324.6,"standard_error":2891909.7005824754},"median":{"confidence_interval":{"confidence_level":0.95,"lower_bound":1233912198.0,"upper_bound":1247118393.5},"point_estimate":1239821292.0,"standard_error":4299088.049378583},"median_abs_dev":{"confidence_interval":{"confidence_level":0.95,"lower_bound":1347567.7332758904,"upper_bound":16699487.193524837},"point_estimate":9543837.028563023,"standard_error":3878091.6267049476},"slope":null,"std_dev":{"confidence_interval":{"confidence_level":0.95,"lower_bound":5099650.248747864,"upper_bound":12510535.50418935},"point_estimate":9609010.020563781,"standard_error":2045032.4132178028}}