{"mean":{"confidence_interval":{"confidence_level":0.95,"lower_bound":582698793.98,"upper_bound":599803742.5},"point_estimate":590786273.0,"standard_error":4415002.547466812},"median":{"confidence_interval":{"confidence_level":0.95,"lower_bound":579640896.0,"upper_bound":606476398.0},"point_estimate":585913539.5,"standard_error":5796597.986741301},"median_abs_dev":{"confidence_interval":{"confidence_level":0.95,"lower_bound":1148957.8995019197,"upper_bound":18834623.893618584},"point_estimate":10239294.282916188,"standard_error":6096227.010051276},"slope":null,"std_dev":{"confidence_interval":{"confidence_level":0.95,"lower_bound":5453365.23839412,"upper_bound":18403648.031725198},"point_estimate":14722028.029979866,"standard_error":2980017.27173519}}