{"mean":{"confidence_interval":{"confidence_level":0.95,"lower_bound":424125509.25874996,"upper_bound":432671925.855},"point_estimate":428105587.75,"standard_error":2194183.435289514},"median":{"confidence_interval":{"confidence_level":0.95,"lower_bound":422815502.5,"upper_bound":431975537.5},"point_estimate":426777281.75,"standard_error":2033983.3268315445},"median_abs_dev":{"confidence_interval":{"confidence_level":0.95,"lower_bound":793635.7659101486,"upper_bound":11769235.897654295},"point_estimate":5387737.9110485315,"standard_error":3240035.7857501986},"slope":null,"std_dev":{"confidence_interval":{"confidence_level":0.95,"lower_bound":3214542.1692776512,"upper_bound":9732722.5530055},"point_estimate":7287652.800372724,"standard_error":1761720.5256928946}}