{"mean":{"confidence_interval":{"confidence_level":0.95,"lower_bound":5468947695.0,"upper_bound":5574663568.6375},"point_estimate":5518619047.0,"standard_error":27182491.61562052},"median":{"confidence_interval":{"confidence_level":0.95,"lower_bound":5446616344.0,"upper_bound":5592572944.0},"point_estimate":5500858198.5,"standard_error":38866066.226685196},"median_abs_dev":{"confidence_interval":{"confidence_level":0.95,"lower_bound":8934491.40458107,"upper_bound":154484625.89904964},"point_estimate":84379110.00257134,"standard_error":34332740.973070785},"slope":null,"std_dev":{"confidence_interval":{"confidence_level":0.95,"lower_bound":46239922.64283317,"upper_bound":117188155.22786297},"point_estimate":90648129.85703906,"standard_error":18860070.409418546}}