{"mean":{"confidence_interval":{"confidence_level":0.95,"lower_bound":344554263.70125,"upper_bound":347891315.65},"point_estimate":346133166.3,"standard_error":858111.0606370744},"median":{"confidence_interval":{"confidence_level":0.95,"lower_bound":343847496.75,"upper_bound":349586689.0},"point_estimate":345032567.75,"standard_error":1440125.9850509504},"median_abs_dev":{"confidence_interval":{"confidence_level":0.95,"lower_bound":228709.2077895999,"upper_bound":4257629.787611961},"point_estimate":1828982.4000790715,"standard_error":1129216.216152259},"slope":null,"std_dev":{"confidence_interval":{"confidence_level":0.95,"lower_bound":1017337.4566590148,"upper_bound":3302661.036433416},"point_estimate":2864784.5456436183,"standard_error":487336.40637694974}}