{"mean":{"confidence_interval":{"confidence_level":0.95,"lower_bound":808392748.6,"upper_bound":811114687.3},"point_estimate":809715414.9,"standard_error":697325.234793755},"median":{"confidence_interval":{"confidence_level":0.95,"lower_bound":807674824.5,"upper_bound":811875812.5},"point_estimate":809212766.5,"standard_error":1047808.8768860045},"median_abs_dev":{"confidence_interval":{"confidence_level":0.95,"lower_bound":453185.5926543474,"upper_bound":4143264.9908423424},"point_estimate":2721006.836092472,"standard_error":890488.6421430731},"slope":null,"std_dev":{"confidence_interval":{"confidence_level":0.95,"lower_bound":1316636.5455380783,"upper_bound":2855707.3053928595},"point_estimate":2325052.958606628,"standard_error":388760.8930002185}}