{"mean":{"confidence_interval":{"confidence_level":0.95,"lower_bound":62847113.38,"upper_bound":62907002.877749994},"point_estimate":62877053.98,"standard_error":15339.872285548448},"median":{"confidence_interval":{"confidence_level":0.95,"lower_bound":62842009.5,"upper_bound":62920120.0},"point_estimate":62879766.0,"standard_error":18485.870089008506},"median_abs_dev":{"confidence_interval":{"confidence_level":0.95,"lower_bound":109874.74274933338,"upper_bound":174871.18429541588},"point_estimate":153202.9856801033,"standard_error":17063.77938432663},"slope":null,"std_dev":{"confidence_interval":{"confidence_level":0.95,"lower_bound":130896.12763437553,"upper_bound":174782.49460097053},"point_estimate":154309.53159160254,"standard_error":11229.555768593002}}