{"mean":{"confidence_interval":{"confidence_level":0.95,"lower_bound":2172714781.0,"upper_bound":2177610049.2374997},"point_estimate":2175244380.6,"standard_error":1254077.006102584},"median":{"confidence_interval":{"confidence_level":0.95,"lower_bound":2171725142.0,"upper_bound":2178435101.5},"point_estimate":2175582929.5,"standard_error":1658236.7163689304},"median_abs_dev":{"confidence_interval":{"confidence_level":0.95,"lower_bound":517579.35731112957,"upper_bound":7564307.3500067},"point_estimate":3387069.322067499,"standard_error":1741381.506088249},"slope":null,"std_dev":{"confidence_interval":{"confidence_level":0.95,"lower_bound":2229403.4068109496,"upper_bound":5194145.70868234},"point_estimate":4162351.2003261703,"standard_error":755675.6227358113}}