{"mean":{"confidence_interval":{"confidence_level":0.95,"lower_bound":0.008717722639976517,"upper_bound":0.1135004313146993},"point_estimate":0.060802732782800906,"standard_error":0.027021685056978016},"median":{"confidence_interval":{"confidence_level":0.95,"lower_bound":-0.02774207437494547,"upper_bound":0.13571330869716713},"point_estimate":0.05685061872259278,"standard_error":0.04340994694130824}}