{"mean":{"confidence_interval":{"confidence_level":0.95,"lower_bound":1149697439.1,"upper_bound":1210753198.5},"point_estimate":1180624218.5,"standard_error":15619631.653283464},"median":{"confidence_interval":{"confidence_level":0.95,"lower_bound":1139993433.5,"upper_bound":1224283935.0},"point_estimate":1180817736.0,"standard_error":20988042.982793063},"median_abs_dev":{"confidence_interval":{"confidence_level":0.95,"lower_bound":11394045.441815257,"upper_bound":89412024.67491925},"point_estimate":53670371.08916044,"standard_error":19654152.269580737},"slope":null,"std_dev":{"confidence_interval":{"confidence_level":0.95,"lower_bound":28498821.916153777,"upper_bound":66398620.71093635},"point_estimate":51967998.686559044,"standard_error":9754563.371734885}}