{"mean":{"confidence_interval":{"confidence_level":0.95,"lower_bound":516625651.7,"upper_bound":523624218.1},"point_estimate":520294695.2,"standard_error":1798483.4530783412},"median":{"confidence_interval":{"confidence_level":0.95,"lower_bound":515404251.0,"upper_bound":524540259.5},"point_estimate":522078316.5,"standard_error":2388463.7691361145},"median_abs_dev":{"confidence_interval":{"confidence_level":0.95,"lower_bound":1005259.8622530699,"upper_bound":9951565.364724398},"point_estimate":4094603.8358062506,"standard_error":2419125.030513189},"slope":null,"std_dev":{"confidence_interval":{"confidence_level":0.95,"lower_bound":2801643.2921110773,"upper_bound":7395845.436191698},"point_estimate":5983812.432869826,"standard_error":1120811.5701087671}}