{"mean":{"confidence_interval":{"confidence_level":0.95,"lower_bound":-0.009753429537109132,"upper_bound":0.00908312114500788},"point_estimate":0.00007078511887836925,"standard_error":0.004816972102556101},"median":{"confidence_interval":{"confidence_level":0.95,"lower_bound":-0.01399103715677541,"upper_bound":0.015176296287981117},"point_estimate":0.0059623277211917625,"standard_error":0.00785215061879023}}