{"mean":{"confidence_interval":{"confidence_level":0.95,"lower_bound":1060086756.4,"upper_bound":1063165017.385},"point_estimate":1061648658.9,"standard_error":788568.2489586733},"median":{"confidence_interval":{"confidence_level":0.95,"lower_bound":1059834917.5,"upper_bound":1064265902.0},"point_estimate":1061452479.0,"standard_error":1116751.2485368212},"median_abs_dev":{"confidence_interval":{"confidence_level":0.95,"lower_bound":780693.4094399214,"upper_bound":4634446.655622125},"point_estimate":2862351.245883107,"standard_error":1007694.4769781469},"slope":null,"std_dev":{"confidence_interval":{"confidence_level":0.95,"lower_bound":1535922.7135500342,"upper_bound":3338044.6638573976},"point_estimate":2635734.2790393746,"standard_error":469786.85218528577}}