{"mean":{"confidence_interval":{"confidence_level":0.95,"lower_bound":18952654233.272503,"upper_bound":18962847088.425},"point_estimate":18958129216.0,"standard_error":2614190.1647200007},"median":{"confidence_interval":{"confidence_level":0.95,"lower_bound":18953812601.5,"upper_bound":18964900359.5},"point_estimate":18959009219.5,"standard_error":2898840.366124707},"median_abs_dev":{"confidence_interval":{"confidence_level":0.95,"lower_bound":2138940.3103262186,"upper_bound":13761959.97467637},"point_estimate":7063695.608094335,"standard_error":2910615.9446376516},"slope":null,"std_dev":{"confidence_interval":{"confidence_level":0.95,"lower_bound":4023877.637535246,"upper_bound":11770324.742502714},"point_estimate":8709733.856674407,"standard_error":2138177.564611946}}