{"mean":{"confidence_interval":{"confidence_level":0.95,"lower_bound":245561485.01625,"upper_bound":250412541.95},"point_estimate":247958052.55,"standard_error":1245711.1964982932},"median":{"confidence_interval":{"confidence_level":0.95,"lower_bound":244027180.5,"upper_bound":252274955.5},"point_estimate":247352947.75,"standard_error":1964469.003250245},"median_abs_dev":{"confidence_interval":{"confidence_level":0.95,"lower_bound":929325.1687511802,"upper_bound":7157025.276437402},"point_estimate":5564978.660751879,"standard_error":1671554.3441711422},"slope":null,"std_dev":{"confidence_interval":{"confidence_level":0.95,"lower_bound":2503031.3249818934,"upper_bound":4957266.233356445},"point_estimate":4169202.6787682706,"standard_error":613510.6513627836}}