{"mean":{"confidence_interval":{"confidence_level":0.95,"lower_bound":276695909.45,"upper_bound":277979692.175},"point_estimate":277328981.0,"standard_error":329684.4834040148},"median":{"confidence_interval":{"confidence_level":0.95,"lower_bound":276342216.25,"upper_bound":278357111.0},"point_estimate":277229398.0,"standard_error":593221.6981713593},"median_abs_dev":{"confidence_interval":{"confidence_level":0.95,"lower_bound":235061.50930561312,"upper_bound":1771033.1268578768},"point_estimate":1350977.713215351,"standard_error":403490.50763861445},"slope":null,"std_dev":{"confidence_interval":{"confidence_level":0.95,"lower_bound":698783.8232288143,"upper_bound":1292186.554056751},"point_estimate":1096406.3173018172,"standard_error":150950.8183655244}}