{"mean":{"confidence_interval":{"confidence_level":0.95,"lower_bound":1006503761.5075,"upper_bound":1064344174.7},"point_estimate":1034968106.2,"standard_error":14780428.061308246},"median":{"confidence_interval":{"confidence_level":0.95,"lower_bound":995191282.5,"upper_bound":1069743994.0},"point_estimate":1034439032.0,"standard_error":22172494.094109792},"median_abs_dev":{"confidence_interval":{"confidence_level":0.95,"lower_bound":6242033.513581753,"upper_bound":84137161.54766679},"point_estimate":53196792.333868146,"standard_error":18787929.02654905},"slope":null,"std_dev":{"confidence_interval":{"confidence_level":0.95,"lower_bound":28372635.462005462,"upper_bound":63027534.69700595},"point_estimate":49271246.87552852,"standard_error":9055033.384125873}}