{"mean":{"confidence_interval":{"confidence_level":0.95,"lower_bound":529297412.1,"upper_bound":546994065.3},"point_estimate":538364418.3,"standard_error":4534677.6732049845},"median":{"confidence_interval":{"confidence_level":0.95,"lower_bound":530962355.0,"upper_bound":551972810.0},"point_estimate":535169880.5,"standard_error":5890827.457890408},"median_abs_dev":{"confidence_interval":{"confidence_level":0.95,"lower_bound":1174001.2369573116,"upper_bound":28675148.45071435},"point_estimate":12114375.534626842,"standard_error":7025863.223008489},"slope":null,"std_dev":{"confidence_interval":{"confidence_level":0.95,"lower_bound":7789867.976477718,"upper_bound":20125963.497706916},"point_estimate":15098983.991053231,"standard_error":3288720.9179841406}}