{"mean":{"confidence_interval":{"confidence_level":0.95,"lower_bound":501803535.7,"upper_bound":515474807.1},"point_estimate":508137243.1,"standard_error":3492517.3861990357},"median":{"confidence_interval":{"confidence_level":0.95,"lower_bound":499428510.0,"upper_bound":512224012.0},"point_estimate":509177824.0,"standard_error":3127690.114577335},"median_abs_dev":{"confidence_interval":{"confidence_level":0.95,"lower_bound":694738.9346659184,"upper_bound":19478002.59999633},"point_estimate":4889421.233895421,"standard_error":4988861.839120166},"slope":null,"std_dev":{"confidence_interval":{"confidence_level":0.95,"lower_bound":5061794.474263628,"upper_bound":16121165.81867687},"point_estimate":11650975.500649076,"standard_error":3105065.2736266204}}