{"mean":{"confidence_interval":{"confidence_level":0.95,"lower_bound":502530018.2,"upper_bound":504839831.78499997},"point_estimate":503668947.5,"standard_error":590844.3906523},"median":{"confidence_interval":{"confidence_level":0.95,"lower_bound":501762413.0,"upper_bound":505238520.0},"point_estimate":503779324.0,"standard_error":916737.3430415093},"median_abs_dev":{"confidence_interval":{"confidence_level":0.95,"lower_bound":458576.32615864277,"upper_bound":3390702.4333029985},"point_estimate":2214622.5911825895,"standard_error":763122.1466146157},"slope":null,"std_dev":{"confidence_interval":{"confidence_level":0.95,"lower_bound":1190904.8701414166,"upper_bound":2450172.26438908},"point_estimate":1965314.2851644903,"standard_error":329073.56111696875}}