{"mean":{"confidence_interval":{"confidence_level":0.95,"lower_bound":2738641713.86,"upper_bound":2741313344.2},"point_estimate":2740065914.37,"standard_error":685874.2475035981},"median":{"confidence_interval":{"confidence_level":0.95,"lower_bound":2739296238.0,"upper_bound":2742076284.0},"point_estimate":2740740685.5,"standard_error":650526.22455785},"median_abs_dev":{"confidence_interval":{"confidence_level":0.95,"lower_bound":3727816.756618023,"upper_bound":5849585.594049096},"point_estimate":4621147.733858228,"standard_error":529502.0996931869},"slope":null,"std_dev":{"confidence_interval":{"confidence_level":0.95,"lower_bound":4209987.609154789,"upper_bound":9124384.245824123},"point_estimate":6762185.847121109,"standard_error":1271627.3126139664}}