{"mean":{"confidence_interval":{"confidence_level":0.95,"lower_bound":27788661016.6,"upper_bound":27875508805.7},"point_estimate":27828163502.2,"standard_error":22417201.53625575},"median":{"confidence_interval":{"confidence_level":0.95,"lower_bound":27773384976.5,"upper_bound":27884763159.0},"point_estimate":27803650012.5,"standard_error":24266706.037036657},"median_abs_dev":{"confidence_interval":{"confidence_level":0.95,"lower_bound":5721786.958917975,"upper_bound":125980135.8248055},"point_estimate":54394892.492097616,"standard_error":27659291.302595247},"slope":null,"std_dev":{"confidence_interval":{"confidence_level":0.95,"lower_bound":27687304.83608559,"upper_bound":97226439.55517642},"point_estimate":74725477.08375263,"standard_error":18193438.80597805}}