{"mean":{"confidence_interval":{"confidence_level":0.95,"lower_bound":3025568334.4,"upper_bound":3054290776.655},"point_estimate":3041588116.6,"standard_error":7445534.346415693},"median":{"confidence_interval":{"confidence_level":0.95,"lower_bound":3026763432.0,"upper_bound":3058896600.0},"point_estimate":3047932360.0,"standard_error":6561268.417370176},"median_abs_dev":{"confidence_interval":{"confidence_level":0.95,"lower_bound":2377785.6834858656,"upper_bound":29235706.15736246},"point_estimate":13262694.433540106,"standard_error":7484411.671808218},"slope":null,"std_dev":{"confidence_interval":{"confidence_level":0.95,"lower_bound":6514508.269850068,"upper_bound":33583069.907190785},"point_estimate":24835608.3089668,"standard_error":7371821.793944899}}