{"mean":{"confidence_interval":{"confidence_level":0.95,"lower_bound":279626195.71125,"upper_bound":280966095.08},"point_estimate":280256395.6,"standard_error":345095.9780786866},"median":{"confidence_interval":{"confidence_level":0.95,"lower_bound":279276180.5,"upper_bound":281300543.0},"point_estimate":279863434.25,"standard_error":518985.41431638977},"median_abs_dev":{"confidence_interval":{"confidence_level":0.95,"lower_bound":56869.19914036989,"upper_bound":1985598.7015485764},"point_estimate":886233.400516212,"standard_error":471898.36190781585},"slope":null,"std_dev":{"confidence_interval":{"confidence_level":0.95,"lower_bound":405382.63254337833,"upper_bound":1363671.1262408544},"point_estimate":1145911.345117908,"standard_error":213170.55401101706}}