{"mean":{"confidence_interval":{"confidence_level":0.95,"lower_bound":1203074171.9,"upper_bound":1208764150.9},"point_estimate":1205947284.8,"standard_error":1457927.7784819817},"median":{"confidence_interval":{"confidence_level":0.95,"lower_bound":1201892616.0,"upper_bound":1209834578.0},"point_estimate":1206491912.5,"standard_error":2019232.7803278673},"median_abs_dev":{"confidence_interval":{"confidence_level":0.95,"lower_bound":1589080.3037881851,"upper_bound":8177133.377426863},"point_estimate":5352933.876666427,"standard_error":1749397.1377712167},"slope":null,"std_dev":{"confidence_interval":{"confidence_level":0.95,"lower_bound":2813609.5144394413,"upper_bound":6032960.7385997465},"point_estimate":4846141.681208185,"standard_error":823243.6348200602}}