{"mean":{"confidence_interval":{"confidence_level":0.95,"lower_bound":3664569495.0924997,"upper_bound":3769494502.2},"point_estimate":3715918966.1,"standard_error":26874397.98833906},"median":{"confidence_interval":{"confidence_level":0.95,"lower_bound":3627961012.0,"upper_bound":3800770752.5},"point_estimate":3709005328.5,"standard_error":47527407.38688544},"median_abs_dev":{"confidence_interval":{"confidence_level":0.95,"lower_bound":11806389.111694694,"upper_bound":148380585.37801802},"point_estimate":118593476.56884491,"standard_error":36076284.01234484},"slope":null,"std_dev":{"confidence_interval":{"confidence_level":0.95,"lower_bound":56538038.11352949,"upper_bound":105529221.04013777},"point_estimate":89655687.83391294,"standard_error":12410586.461949257}}