{"mean":{"confidence_interval":{"confidence_level":0.95,"lower_bound":5175103466.9,"upper_bound":5293262923.565},"point_estimate":5237466285.7,"standard_error":30162232.808754772},"median":{"confidence_interval":{"confidence_level":0.95,"lower_bound":5170001417.0,"upper_bound":5330092348.0},"point_estimate":5237208911.5,"standard_error":39328109.39376987},"median_abs_dev":{"confidence_interval":{"confidence_level":0.95,"lower_bound":5085473.582714796,"upper_bound":176992999.09344614},"point_estimate":102274608.37096274,"standard_error":40882084.64575619},"slope":null,"std_dev":{"confidence_interval":{"confidence_level":0.95,"lower_bound":52690867.39859139,"upper_bound":130235359.8567292},"point_estimate":100155433.94718105,"standard_error":20821284.817041133}}