{"mean":{"confidence_interval":{"confidence_level":0.95,"lower_bound":632603978.6524999,"upper_bound":633592259.8},"point_estimate":633112810.3,"standard_error":252565.4364415621},"median":{"confidence_interval":{"confidence_level":0.95,"lower_bound":632621808.5,"upper_bound":633689934.0},"point_estimate":633123823.5,"standard_error":273106.91783198924},"median_abs_dev":{"confidence_interval":{"confidence_level":0.95,"lower_bound":176261.12177073956,"upper_bound":1427923.1692492962},"point_estimate":653663.502395153,"standard_error":302417.8374884684},"slope":null,"std_dev":{"confidence_interval":{"confidence_level":0.95,"lower_bound":394081.8033697267,"upper_bound":1130070.5119588685},"point_estimate":842499.3205531121,"standard_error":190300.17830282127}}