{"mean":{"confidence_interval":{"confidence_level":0.95,"lower_bound":-0.02907715821634897,"upper_bound":-0.01981448749746231},"point_estimate":-0.02439404161429426,"standard_error":0.0023751261156768526},"median":{"confidence_interval":{"confidence_level":0.95,"lower_bound":-0.03183277021948727,"upper_bound":-0.017830456680351436},"point_estimate":-0.02359862166784754,"standard_error":0.003335905607569893}}