{"mean":{"confidence_interval":{"confidence_level":0.95,"lower_bound":13102944.425999999,"upper_bound":13117354.626},"point_estimate":13110186.515,"standard_error":3683.0912960177075},"median":{"confidence_interval":{"confidence_level":0.95,"lower_bound":13098260.0,"upper_bound":13116224.5},"point_estimate":13103444.5,"standard_error":4697.475978580716},"median_abs_dev":{"confidence_interval":{"confidence_level":0.95,"lower_bound":31375.892592966557,"upper_bound":49006.971479952335},"point_estimate":40356.00063353777,"standard_error":4389.062493554895},"slope":null,"std_dev":{"confidence_interval":{"confidence_level":0.95,"lower_bound":32196.522533936146,"upper_bound":42006.76686275339},"point_estimate":37408.40811001626,"standard_error":2485.7529109920447}}