{"mean":{"confidence_interval":{"confidence_level":0.95,"lower_bound":51702926.6,"upper_bound":52167010.11},"point_estimate":51925738.7,"standard_error":117181.17669075033},"median":{"confidence_interval":{"confidence_level":0.95,"lower_bound":51509805.0,"upper_bound":52222306.0},"point_estimate":51811315.5,"standard_error":159645.61754250617},"median_abs_dev":{"confidence_interval":{"confidence_level":0.95,"lower_bound":965622.5519567728,"upper_bound":1543133.048003912},"point_estimate":1163939.572235942,"standard_error":143456.58074997953},"slope":null,"std_dev":{"confidence_interval":{"confidence_level":0.95,"lower_bound":1035067.9683127303,"upper_bound":1324392.7564400288},"point_estimate":1188914.7156991665,"standard_error":74292.64238894325}}