{"mean":{"confidence_interval":{"confidence_level":0.95,"lower_bound":15084287907.5,"upper_bound":15164630614.5275},"point_estimate":15121597254.6,"standard_error":20607494.77468986},"median":{"confidence_interval":{"confidence_level":0.95,"lower_bound":15071255560.0,"upper_bound":15154371628.5},"point_estimate":15115785558.5,"standard_error":23120617.571245614},"median_abs_dev":{"confidence_interval":{"confidence_level":0.95,"lower_bound":9046238.67109716,"upper_bound":109341323.29390347},"point_estimate":49397833.017513156,"standard_error":24369857.546474334},"slope":null,"std_dev":{"confidence_interval":{"confidence_level":0.95,"lower_bound":31672666.329505432,"upper_bound":92985491.27904595},"point_estimate":67820949.0352237,"standard_error":17240742.879254024}}