{"mean":{"confidence_interval":{"confidence_level":0.95,"lower_bound":140159097.57,"upper_bound":140634507.17},"point_estimate":140391375.18,"standard_error":121129.80888813379},"median":{"confidence_interval":{"confidence_level":0.95,"lower_bound":139966507.0,"upper_bound":140523618.0},"point_estimate":140241802.5,"standard_error":129579.48950945374},"median_abs_dev":{"confidence_interval":{"confidence_level":0.95,"lower_bound":892849.150781259,"upper_bound":1519334.3532264233},"point_estimate":1166199.795895815,"standard_error":160545.4914264379},"slope":null,"std_dev":{"confidence_interval":{"confidence_level":0.95,"lower_bound":1019800.748277466,"upper_bound":1388698.1075308563},"point_estimate":1216018.7775332923,"standard_error":95071.4161591503}}