{"mean":{"confidence_interval":{"confidence_level":0.95,"lower_bound":421866079.3,"upper_bound":449021039.98999995},"point_estimate":435882179.8,"standard_error":6964747.332259076},"median":{"confidence_interval":{"confidence_level":0.95,"lower_bound":415405009.0,"upper_bound":455575862.0},"point_estimate":441615235.5,"standard_error":10798108.507792268},"median_abs_dev":{"confidence_interval":{"confidence_level":0.95,"lower_bound":6889610.201784968,"upper_bound":39490581.824702024},"point_estimate":26573460.688626766,"standard_error":8569282.940734092},"slope":null,"std_dev":{"confidence_interval":{"confidence_level":0.95,"lower_bound":13135186.223019516,"upper_bound":28811404.18812348},"point_estimate":23268562.723773822,"standard_error":4010750.0141331847}}