{"mean":{"confidence_interval":{"confidence_level":0.95,"lower_bound":55890678.04,"upper_bound":56360561.74},"point_estimate":56129887.64,"standard_error":122026.8530528316},"median":{"confidence_interval":{"confidence_level":0.95,"lower_bound":55745298.5,"upper_bound":56482618.0},"point_estimate":56115591.5,"standard_error":209968.5247579829},"median_abs_dev":{"confidence_interval":{"confidence_level":0.95,"lower_bound":923178.6799103022,"upper_bound":1476577.6525855064},"point_estimate":1132329.0581971407,"standard_error":142747.2727066635},"slope":null,"std_dev":{"confidence_interval":{"confidence_level":0.95,"lower_bound":1033639.4787998428,"upper_bound":1335870.714829546},"point_estimate":1195781.4036569595,"standard_error":79205.15908770826}}