{"mean":{"confidence_interval":{"confidence_level":0.95,"lower_bound":1354129481.1750002,"upper_bound":1359240928.905},"point_estimate":1356660648.0,"standard_error":1301459.3592383286},"median":{"confidence_interval":{"confidence_level":0.95,"lower_bound":1352311625.5,"upper_bound":1359216380.0},"point_estimate":1358111051.5,"standard_error":2169524.059483658},"median_abs_dev":{"confidence_interval":{"confidence_level":0.95,"lower_bound":131617.81266331673,"upper_bound":8821564.72978592},"point_estimate":5418398.819804192,"standard_error":2446694.655490357},"slope":null,"std_dev":{"confidence_interval":{"confidence_level":0.95,"lower_bound":2664807.555765881,"upper_bound":5507945.198949771},"point_estimate":4330029.653595971,"standard_error":786120.1601697858}}