{"mean":{"confidence_interval":{"confidence_level":0.95,"lower_bound":7032437577.3,"upper_bound":7211940485.9},"point_estimate":7122189031.6,"standard_error":45964957.41708159},"median":{"confidence_interval":{"confidence_level":0.95,"lower_bound":6979105396.5,"upper_bound":7246588830.0},"point_estimate":7153777239.5,"standard_error":78418745.92257628},"median_abs_dev":{"confidence_interval":{"confidence_level":0.95,"lower_bound":39501610.14460623,"upper_bound":258968469.8341906},"point_estimate":187649831.33524954,"standard_error":59291939.50365309},"slope":null,"std_dev":{"confidence_interval":{"confidence_level":0.95,"lower_bound":96272705.74905904,"upper_bound":187231807.0877103},"point_estimate":153510704.2925009,"standard_error":23426438.510409083}}