{"mean":{"confidence_interval":{"confidence_level":0.95,"lower_bound":92462060.28,"upper_bound":92976360.54},"point_estimate":92721124.29,"standard_error":132685.4862777392},"median":{"confidence_interval":{"confidence_level":0.95,"lower_bound":92180372.5,"upper_bound":92945595.0},"point_estimate":92754106.5,"standard_error":229907.85876615546},"median_abs_dev":{"confidence_interval":{"confidence_level":0.95,"lower_bound":954443.7481552362,"upper_bound":1587538.3998155594},"point_estimate":1262756.3430815935,"standard_error":174898.8216746989},"slope":null,"std_dev":{"confidence_interval":{"confidence_level":0.95,"lower_bound":1106541.1965348863,"upper_bound":1485965.4629835943},"point_estimate":1302004.9244536916,"standard_error":94411.37571432363}}