{"mean":{"confidence_interval":{"confidence_level":0.95,"lower_bound":140510228.07,"upper_bound":141165441.59},"point_estimate":140830011.24,"standard_error":170280.79569054517},"median":{"confidence_interval":{"confidence_level":0.95,"lower_bound":140369673.0,"upper_bound":140798180.0},"point_estimate":140616066.5,"standard_error":120763.17898892169},"median_abs_dev":{"confidence_interval":{"confidence_level":0.95,"lower_bound":961567.6410287619,"upper_bound":1713852.9523730278},"point_estimate":1436379.9194991589,"standard_error":190817.83335335358},"slope":null,"std_dev":{"confidence_interval":{"confidence_level":0.95,"lower_bound":1256327.392171701,"upper_bound":2169084.545722568},"point_estimate":1721146.4233018148,"standard_error":232642.67077011446}}