{"mean":{"confidence_interval":{"confidence_level":0.95,"lower_bound":643970273.0,"upper_bound":668338882.8},"point_estimate":655944964.7,"standard_error":6210697.66305822},"median":{"confidence_interval":{"confidence_level":0.95,"lower_bound":638457046.0,"upper_bound":672964058.0},"point_estimate":651938101.5,"standard_error":9617113.39512232},"median_abs_dev":{"confidence_interval":{"confidence_level":0.95,"lower_bound":2727419.822278619,"upper_bound":33913328.34811807},"point_estimate":24032948.538529873,"standard_error":8177723.960619123},"slope":null,"std_dev":{"confidence_interval":{"confidence_level":0.95,"lower_bound":12185620.823545435,"upper_bound":26020198.029194396},"point_estimate":20631497.374837447,"standard_error":3590298.2615115223}}