{"mean":{"confidence_interval":{"confidence_level":0.95,"lower_bound":1279571889.925,"upper_bound":1288254272.9},"point_estimate":1283122047.4,"standard_error":2316586.8914353717},"median":{"confidence_interval":{"confidence_level":0.95,"lower_bound":1278121368.0,"upper_bound":1285219708.0},"point_estimate":1281135794.0,"standard_error":1893951.020519926},"median_abs_dev":{"confidence_interval":{"confidence_level":0.95,"lower_bound":165228.35406661034,"upper_bound":8003253.311213851},"point_estimate":4527769.881016016,"standard_error":2022773.8096155953},"slope":null,"std_dev":{"confidence_interval":{"confidence_level":0.95,"lower_bound":1939607.425988408,"upper_bound":11440259.558064733},"point_estimate":7658202.07435134,"standard_error":3021607.5340733053}}