{"mean":{"confidence_interval":{"confidence_level":0.95,"lower_bound":857983015.5125,"upper_bound":865405602.41},"point_estimate":861823754.4,"standard_error":1901010.8391091125},"median":{"confidence_interval":{"confidence_level":0.95,"lower_bound":856159679.0,"upper_bound":866827839.5},"point_estimate":863548845.0,"standard_error":2963296.069396359},"median_abs_dev":{"confidence_interval":{"confidence_level":0.95,"lower_bound":1204820.7839101553,"upper_bound":10429675.686836243},"point_estimate":7104867.409363389,"standard_error":2385984.959720176},"slope":null,"std_dev":{"confidence_interval":{"confidence_level":0.95,"lower_bound":3635967.1173552605,"upper_bound":7928542.0645180205},"point_estimate":6332107.991775991,"standard_error":1118264.7723934103}}