{"mean":{"confidence_interval":{"confidence_level":0.95,"lower_bound":218508284.12,"upper_bound":218974783.23},"point_estimate":218740691.41,"standard_error":120326.59958321818},"median":{"confidence_interval":{"confidence_level":0.95,"lower_bound":218359129.0,"upper_bound":219064805.0},"point_estimate":218687047.5,"standard_error":142132.34833775708},"median_abs_dev":{"confidence_interval":{"confidence_level":0.95,"lower_bound":1103485.8170092106,"upper_bound":1642147.0046460629},"point_estimate":1479144.774439931,"standard_error":137977.939570687},"slope":null,"std_dev":{"confidence_interval":{"confidence_level":0.95,"lower_bound":1056732.947815352,"upper_bound":1337823.6221156006},"point_estimate":1205086.9873177651,"standard_error":71774.3663962668}}