{"mean":{"confidence_interval":{"confidence_level":0.95,"lower_bound":183229732.35,"upper_bound":183459603.46},"point_estimate":183342792.58,"standard_error":58637.12500487895},"median":{"confidence_interval":{"confidence_level":0.95,"lower_bound":183073261.0,"upper_bound":183371649.0},"point_estimate":183202370.5,"standard_error":76771.03553005095},"median_abs_dev":{"confidence_interval":{"confidence_level":0.95,"lower_bound":388103.16030979156,"upper_bound":719735.5702221394},"point_estimate":530952.4090737104,"standard_error":80818.51556892757},"slope":null,"std_dev":{"confidence_interval":{"confidence_level":0.95,"lower_bound":516418.1374709741,"upper_bound":663074.214080833},"point_estimate":594301.7212178241,"standard_error":37389.338204674}}