{"mean":{"confidence_interval":{"confidence_level":0.95,"lower_bound":134133836.54,"upper_bound":134539101.29},"point_estimate":134337679.65,"standard_error":102635.69183428714},"median":{"confidence_interval":{"confidence_level":0.95,"lower_bound":133866341.0,"upper_bound":134570854.0},"point_estimate":134131408.5,"standard_error":165077.93839381618},"median_abs_dev":{"confidence_interval":{"confidence_level":0.95,"lower_bound":753413.5699242353,"upper_bound":1211547.339990735},"point_estimate":1065289.593887329,"standard_error":117531.48727321588},"slope":null,"std_dev":{"confidence_interval":{"confidence_level":0.95,"lower_bound":869170.3651923502,"upper_bound":1187400.3275885659},"point_estimate":1036132.4898106513,"standard_error":81235.05651358709}}