{"mean":{"confidence_interval":{"confidence_level":0.95,"lower_bound":57089686.07,"upper_bound":57517721.52},"point_estimate":57310407.45,"standard_error":108126.79768206795},"median":{"confidence_interval":{"confidence_level":0.95,"lower_bound":57234166.5,"upper_bound":57668850.0},"point_estimate":57484465.5,"standard_error":105168.92017976636},"median_abs_dev":{"confidence_interval":{"confidence_level":0.95,"lower_bound":692844.913199544,"upper_bound":1122122.8399783373},"point_estimate":892126.364761591,"standard_error":112122.0837217906},"slope":null,"std_dev":{"confidence_interval":{"confidence_level":0.95,"lower_bound":906031.0187223102,"upper_bound":1228692.2340596956},"point_estimate":1076361.9187187208,"standard_error":82795.3452997682}}