{"mean":{"confidence_interval":{"confidence_level":0.95,"lower_bound":49563897.4115,"upper_bound":49660763.94},"point_estimate":49612390.98,"standard_error":24729.347853957257},"median":{"confidence_interval":{"confidence_level":0.95,"lower_bound":49545142.5,"upper_bound":49680471.0},"point_estimate":49594052.5,"standard_error":41772.12813747472},"median_abs_dev":{"confidence_interval":{"confidence_level":0.95,"lower_bound":193876.6333580017,"upper_bound":309194.74191069603},"point_estimate":253581.67559802532,"standard_error":28479.334949328862},"slope":null,"std_dev":{"confidence_interval":{"confidence_level":0.95,"lower_bound":214946.20036319242,"upper_bound":279285.7613585931},"point_estimate":249270.06382000196,"standard_error":16412.853347505024}}