{"mean":{"confidence_interval":{"confidence_level":0.95,"lower_bound":1132411679.1125,"upper_bound":1168235602.3975},"point_estimate":1148094186.9,"standard_error":9284822.3997468},"median":{"confidence_interval":{"confidence_level":0.95,"lower_bound":1128485389.0,"upper_bound":1161810394.5},"point_estimate":1139716549.0,"standard_error":7064911.404690209},"median_abs_dev":{"confidence_interval":{"confidence_level":0.95,"lower_bound":3628971.0750728846,"upper_bound":38985721.69256508},"point_estimate":15737863.954997063,"standard_error":9606993.572657516},"slope":null,"std_dev":{"confidence_interval":{"confidence_level":0.95,"lower_bound":8605369.462482447,"upper_bound":43311355.26245185},"point_estimate":31071293.425567318,"standard_error":9688836.1216265}}