{"mean":{"confidence_interval":{"confidence_level":0.95,"lower_bound":277839529.5,"upper_bound":288909018.35},"point_estimate":283495991.1,"standard_error":2844528.0796944364},"median":{"confidence_interval":{"confidence_level":0.95,"lower_bound":275201964.75,"upper_bound":290534959.0},"point_estimate":285289100.0,"standard_error":4194215.512524689},"median_abs_dev":{"confidence_interval":{"confidence_level":0.95,"lower_bound":2459685.2473318577,"upper_bound":15179543.491709232},"point_estimate":9682918.249493837,"standard_error":3544948.3500873195},"slope":null,"std_dev":{"confidence_interval":{"confidence_level":0.95,"lower_bound":5395258.77923974,"upper_bound":11802118.596905103},"point_estimate":9460795.100177882,"standard_error":1623128.6435280913}}