{"mean":{"confidence_interval":{"confidence_level":0.95,"lower_bound":568322996.555,"upper_bound":594771562.6625},"point_estimate":581312420.6,"standard_error":6791516.12261161},"median":{"confidence_interval":{"confidence_level":0.95,"lower_bound":559038494.0,"upper_bound":603017260.0},"point_estimate":577454716.0,"standard_error":12010772.442286422},"median_abs_dev":{"confidence_interval":{"confidence_level":0.95,"lower_bound":4604713.113150001,"upper_bound":37119020.83720565},"point_estimate":27677184.462931752,"standard_error":8418914.91285226},"slope":null,"std_dev":{"confidence_interval":{"confidence_level":0.95,"lower_bound":14068011.972131846,"upper_bound":26606379.876751013},"point_estimate":22622831.828988027,"standard_error":3166024.267962202}}