{"mean":{"confidence_interval":{"confidence_level":0.95,"lower_bound":92762992.08,"upper_bound":93518716.46},"point_estimate":93141303.28,"standard_error":193687.5439443771},"median":{"confidence_interval":{"confidence_level":0.95,"lower_bound":92793394.5,"upper_bound":93356547.0},"point_estimate":93144683.0,"standard_error":161148.57817416397},"median_abs_dev":{"confidence_interval":{"confidence_level":0.95,"lower_bound":1204235.898220539,"upper_bound":2263442.7550658584},"point_estimate":1846819.1897124052,"standard_error":263979.0210949557},"slope":null,"std_dev":{"confidence_interval":{"confidence_level":0.95,"lower_bound":1626881.421892343,"upper_bound":2233198.3115864927},"point_estimate":1934007.4245829408,"standard_error":154292.12065172254}}