{"mean":{"confidence_interval":{"confidence_level":0.95,"lower_bound":1418196626.8025,"upper_bound":1445192000.4},"point_estimate":1431247600.7,"standard_error":6934380.824372854},"median":{"confidence_interval":{"confidence_level":0.95,"lower_bound":1410683948.0,"upper_bound":1449321112.5},"point_estimate":1431231377.5,"standard_error":9241227.235205684},"median_abs_dev":{"confidence_interval":{"confidence_level":0.95,"lower_bound":5457941.98500216,"upper_bound":40648178.83425057},"point_estimate":24434555.960699916,"standard_error":9506686.51026906},"slope":null,"std_dev":{"confidence_interval":{"confidence_level":0.95,"lower_bound":12403135.989309844,"upper_bound":29163215.54967677},"point_estimate":23102610.82446864,"standard_error":4329981.399440754}}