{"mean":{"confidence_interval":{"confidence_level":0.95,"lower_bound":26143461.93,"upper_bound":26180171.78075},"point_estimate":26162395.94,"standard_error":9430.05540249521},"median":{"confidence_interval":{"confidence_level":0.95,"lower_bound":26157461.5,"upper_bound":26184641.0},"point_estimate":26172506.0,"standard_error":7666.871113264385},"median_abs_dev":{"confidence_interval":{"confidence_level":0.95,"lower_bound":51534.43378508091,"upper_bound":83476.30891799927},"point_estimate":66843.01981329918,"standard_error":7970.745766322738},"slope":null,"std_dev":{"confidence_interval":{"confidence_level":0.95,"lower_bound":67252.83744176738,"upper_bound":119335.18023962514},"point_estimate":94834.25826857034,"standard_error":13521.899499925632}}