{"mean":{"confidence_interval":{"confidence_level":0.95,"lower_bound":532270105.6,"upper_bound":559259930.65},"point_estimate":545244011.5,"standard_error":6879453.09430108},"median":{"confidence_interval":{"confidence_level":0.95,"lower_bound":527634711.0,"upper_bound":557317603.5},"point_estimate":547259761.0,"standard_error":9136701.247522969},"median_abs_dev":{"confidence_interval":{"confidence_level":0.95,"lower_bound":3444914.442640543,"upper_bound":39447690.2074635},"point_estimate":23215508.888742328,"standard_error":8921209.104083652},"slope":null,"std_dev":{"confidence_interval":{"confidence_level":0.95,"lower_bound":11840657.36354961,"upper_bound":30612142.990384415},"point_estimate":22895947.871924303,"standard_error":5015801.607594068}}