{"mean":{"confidence_interval":{"confidence_level":0.95,"lower_bound":525747428.1925,"upper_bound":529771492.2},"point_estimate":527816315.0,"standard_error":1028797.1712463744},"median":{"confidence_interval":{"confidence_level":0.95,"lower_bound":525232910.0,"upper_bound":530853125.0},"point_estimate":527925171.0,"standard_error":1786010.3956284195},"median_abs_dev":{"confidence_interval":{"confidence_level":0.95,"lower_bound":302705.40182590485,"upper_bound":5923725.229632854},"point_estimate":4169126.723483205,"standard_error":1439188.6310256259},"slope":null,"std_dev":{"confidence_interval":{"confidence_level":0.95,"lower_bound":2079471.0363819315,"upper_bound":4291437.263104378},"point_estimate":3434963.1522626914,"standard_error":584169.7843022632}}