{"mean":{"confidence_interval":{"confidence_level":0.95,"lower_bound":1010192990.4725,"upper_bound":1051756968.1},"point_estimate":1027910323.4,"standard_error":10814320.377910804},"median":{"confidence_interval":{"confidence_level":0.95,"lower_bound":1007708181.5,"upper_bound":1040202308.5},"point_estimate":1016374734.0,"standard_error":7533420.020722416},"median_abs_dev":{"confidence_interval":{"confidence_level":0.95,"lower_bound":3397320.018285513,"upper_bound":42033802.68495083},"point_estimate":13651068.168345094,"standard_error":10090403.576964086},"slope":null,"std_dev":{"confidence_interval":{"confidence_level":0.95,"lower_bound":8203167.565367383,"upper_bound":51639754.56168571},"point_estimate":36044541.821433894,"standard_error":12439285.079763412}}