{"mean":{"confidence_interval":{"confidence_level":0.95,"lower_bound":1515324833.0800002,"upper_bound":1518675700.2649999},"point_estimate":1517036002.0,"standard_error":857710.4437558991},"median":{"confidence_interval":{"confidence_level":0.95,"lower_bound":1514374599.5,"upper_bound":1519767645.0},"point_estimate":1517725868.5,"standard_error":1390295.972656073},"median_abs_dev":{"confidence_interval":{"confidence_level":0.95,"lower_bound":637952.390474081,"upper_bound":4740409.558340907},"point_estimate":3488854.2580604553,"standard_error":1071015.9275193524},"slope":null,"std_dev":{"confidence_interval":{"confidence_level":0.95,"lower_bound":1705908.0936598692,"upper_bound":3421865.521239887},"point_estimate":2857386.232798196,"standard_error":432856.3244818771}}