{"mean":{"confidence_interval":{"confidence_level":0.95,"lower_bound":202829279.17916667,"upper_bound":205507857.6333333},"point_estimate":204163793.3,"standard_error":685811.5400176304},"median":{"confidence_interval":{"confidence_level":0.95,"lower_bound":202637899.0,"upper_bound":205639674.1666667},"point_estimate":204219957.5,"standard_error":679702.1177396926},"median_abs_dev":{"confidence_interval":{"confidence_level":0.95,"lower_bound":86569.75376307964,"upper_bound":4109068.5753494427},"point_estimate":1946356.9983452484,"standard_error":1177139.02044493},"slope":null,"std_dev":{"confidence_interval":{"confidence_level":0.95,"lower_bound":1219537.554508503,"upper_bound":2919709.5837073564},"point_estimate":2277029.6386402147,"standard_error":440778.0563295744}}