{"mean":{"confidence_interval":{"confidence_level":0.95,"lower_bound":497165223.3775,"upper_bound":501549292.2925},"point_estimate":499332441.2,"standard_error":1122070.5390695946},"median":{"confidence_interval":{"confidence_level":0.95,"lower_bound":496506111.0,"upper_bound":502768967.0},"point_estimate":499107126.5,"standard_error":1530917.028152955},"median_abs_dev":{"confidence_interval":{"confidence_level":0.95,"lower_bound":642042.1425014734,"upper_bound":6599500.22803545},"point_estimate":4275031.063503027,"standard_error":1537171.7450781164},"slope":null,"std_dev":{"confidence_interval":{"confidence_level":0.95,"lower_bound":2116013.7901440896,"upper_bound":4639276.8866883535},"point_estimate":3749427.751543955,"standard_error":634413.8154044565}}