{"mean":{"confidence_interval":{"confidence_level":0.95,"lower_bound":28750872.52,"upper_bound":28782099.91125},"point_estimate":28766733.41,"standard_error":7866.902532403965},"median":{"confidence_interval":{"confidence_level":0.95,"lower_bound":28745153.0,"upper_bound":28794393.0},"point_estimate":28773457.5,"standard_error":13494.007936294223},"median_abs_dev":{"confidence_interval":{"confidence_level":0.95,"lower_bound":67606.55879974365,"upper_bound":101379.44490015507},"point_estimate":86391.10046625137,"standard_error":8587.63863724816},"slope":null,"std_dev":{"confidence_interval":{"confidence_level":0.95,"lower_bound":68422.93652446827,"upper_bound":89429.26951860097},"point_estimate":79253.5890718496,"standard_error":5335.22179361262}}