{"mean":{"confidence_interval":{"confidence_level":0.95,"lower_bound":1766936820.6,"upper_bound":1785332587.0},"point_estimate":1775473531.1,"standard_error":4711961.785815169},"median":{"confidence_interval":{"confidence_level":0.95,"lower_bound":1766853946.0,"upper_bound":1786618634.5},"point_estimate":1771293672.5,"standard_error":4286935.844958064},"median_abs_dev":{"confidence_interval":{"confidence_level":0.95,"lower_bound":1380319.849294424,"upper_bound":25655866.96281731},"point_estimate":8681767.413067818,"standard_error":6234375.923929617},"slope":null,"std_dev":{"confidence_interval":{"confidence_level":0.95,"lower_bound":5428671.770051967,"upper_bound":20274780.48790427},"point_estimate":15704751.796594717,"standard_error":3704553.357714157}}