{"mean":{"confidence_interval":{"confidence_level":0.95,"lower_bound":1048143907.5,"upper_bound":1110829623.3},"point_estimate":1077580092.1,"standard_error":16059043.209705347},"median":{"confidence_interval":{"confidence_level":0.95,"lower_bound":1036695273.0,"upper_bound":1112770900.5},"point_estimate":1068407167.5,"standard_error":17802233.720371056},"median_abs_dev":{"confidence_interval":{"confidence_level":0.95,"lower_bound":7257271.27365768,"upper_bound":85318841.16988778},"point_estimate":48496924.47180748,"standard_error":20444523.625368048},"slope":null,"std_dev":{"confidence_interval":{"confidence_level":0.95,"lower_bound":23049194.49791304,"upper_bound":68829934.6199898},"point_estimate":53576793.89192724,"standard_error":11522143.976453902}}