{"mean":{"confidence_interval":{"confidence_level":0.95,"lower_bound":379453993.04,"upper_bound":392348144.0},"point_estimate":386268406.95,"standard_error":3316239.9968873314},"median":{"confidence_interval":{"confidence_level":0.95,"lower_bound":376622353.25,"upper_bound":394779785.0},"point_estimate":388455201.75,"standard_error":3944635.3629674665},"median_abs_dev":{"confidence_interval":{"confidence_level":0.95,"lower_bound":2142682.3926597834,"upper_bound":18949035.02163738},"point_estimate":8705051.64565444,"standard_error":4151434.09287319},"slope":null,"std_dev":{"confidence_interval":{"confidence_level":0.95,"lower_bound":4724600.361510395,"upper_bound":13886969.216296362},"point_estimate":11064248.62128286,"standard_error":2316567.4948833855}}