{"mean":{"confidence_interval":{"confidence_level":0.95,"lower_bound":4132521789.04,"upper_bound":4136502403.68},"point_estimate":4134281964.21,"standard_error":1029095.1107053371},"median":{"confidence_interval":{"confidence_level":0.95,"lower_bound":4131289100.0,"upper_bound":4134945024.0},"point_estimate":4133261961.0,"standard_error":916921.5761599637},"median_abs_dev":{"confidence_interval":{"confidence_level":0.95,"lower_bound":4953684.529754519,"upper_bound":8211272.465720773},"point_estimate":6749015.246281028,"standard_error":868018.895416733},"slope":null,"std_dev":{"confidence_interval":{"confidence_level":0.95,"lower_bound":5757088.908019926,"upper_bound":15788023.718883593},"point_estimate":10482861.242895607,"standard_error":3131730.2095943806}}