{"mean":{"confidence_interval":{"confidence_level":0.95,"lower_bound":97605058.12625,"upper_bound":97662696.12},"point_estimate":97633076.09,"standard_error":14670.986154368038},"median":{"confidence_interval":{"confidence_level":0.95,"lower_bound":97577685.0,"upper_bound":97639504.5},"point_estimate":97610328.5,"standard_error":19192.85186440286},"median_abs_dev":{"confidence_interval":{"confidence_level":0.95,"lower_bound":96370.48088908195,"upper_bound":180002.46280431747},"point_estimate":141059.00929570198,"standard_error":21668.526489688018},"slope":null,"std_dev":{"confidence_interval":{"confidence_level":0.95,"lower_bound":125543.39173610874,"upper_bound":172459.98894809684},"point_estimate":149409.69738449767,"standard_error":12045.884495438235}}