{"mean":{"confidence_interval":{"confidence_level":0.95,"lower_bound":156934624.73,"upper_bound":157607937.87325},"point_estimate":157268842.51,"standard_error":172910.66530409598},"median":{"confidence_interval":{"confidence_level":0.95,"lower_bound":156506380.0,"upper_bound":157586598.0},"point_estimate":157239437.5,"standard_error":275680.54793790175},"median_abs_dev":{"confidence_interval":{"confidence_level":0.95,"lower_bound":1366579.8540383577,"upper_bound":2105227.469524741},"point_estimate":1695647.3659962416,"standard_error":193377.8330470691},"slope":null,"std_dev":{"confidence_interval":{"confidence_level":0.95,"lower_bound":1450310.127456781,"upper_bound":1987858.6540190398},"point_estimate":1727398.1298112448,"standard_error":135933.77873599532}}