{"mean":{"confidence_interval":{"confidence_level":0.95,"lower_bound":-0.030627275270126274,"upper_bound":-0.019259129671893967},"point_estimate":-0.025379695029002503,"standard_error":0.00287125093430263},"median":{"confidence_interval":{"confidence_level":0.95,"lower_bound":-0.03355498193394346,"upper_bound":-0.020050930471544492},"point_estimate":-0.027436269258370838,"standard_error":0.003345496835695301}}