{"mean":{"confidence_interval":{"confidence_level":0.95,"lower_bound":-0.04823068691142152,"upper_bound":0.046872521087294575},"point_estimate":-0.0022092355731349045,"standard_error":0.02417057263275247},"median":{"confidence_interval":{"confidence_level":0.95,"lower_bound":-0.07420274200124943,"upper_bound":0.06057479800716181},"point_estimate":-0.030362916370203386,"standard_error":0.036265999049552175}}