{"mean":{"confidence_interval":{"confidence_level":0.95,"lower_bound":481497342.89,"upper_bound":483299074.52375},"point_estimate":482383253.3,"standard_error":460623.6181803485},"median":{"confidence_interval":{"confidence_level":0.95,"lower_bound":481133743.0,"upper_bound":483712410.5},"point_estimate":482069575.5,"standard_error":684948.8611356533},"median_abs_dev":{"confidence_interval":{"confidence_level":0.95,"lower_bound":328993.0113092065,"upper_bound":2530706.6045209765},"point_estimate":2008098.2680991292,"standard_error":599813.2345010003},"slope":null,"std_dev":{"confidence_interval":{"confidence_level":0.95,"lower_bound":901154.0844755189,"upper_bound":1909621.6175041911},"point_estimate":1536812.0103013793,"standard_error":258626.55024244104}}