{"mean":{"confidence_interval":{"confidence_level":0.95,"lower_bound":819393476.7,"upper_bound":824482210.5},"point_estimate":821913053.4,"standard_error":1300262.4739622872},"median":{"confidence_interval":{"confidence_level":0.95,"lower_bound":819451471.0,"upper_bound":825457641.0},"point_estimate":821933046.0,"standard_error":1151552.969514383},"median_abs_dev":{"confidence_interval":{"confidence_level":0.95,"lower_bound":249112.37797737122,"upper_bound":8056126.532775164},"point_estimate":2241329.405808449,"standard_error":2318776.196441099},"slope":null,"std_dev":{"confidence_interval":{"confidence_level":0.95,"lower_bound":1964684.8858482665,"upper_bound":5717095.961185904},"point_estimate":4350055.416570516,"standard_error":938893.497387929}}