{"mean":{"confidence_interval":{"confidence_level":0.95,"lower_bound":2485284667.6,"upper_bound":2500814725.575},"point_estimate":2492894595.9,"standard_error":3994883.067019429},"median":{"confidence_interval":{"confidence_level":0.95,"lower_bound":2480665517.5,"upper_bound":2506843387.0},"point_estimate":2490253069.5,"standard_error":7511875.5053897025},"median_abs_dev":{"confidence_interval":{"confidence_level":0.95,"lower_bound":2206090.2283340693,"upper_bound":21044890.606078506},"point_estimate":16864948.315787315,"standard_error":5210287.516694463},"slope":null,"std_dev":{"confidence_interval":{"confidence_level":0.95,"lower_bound":8588573.81476114,"upper_bound":15377969.249838458},"point_estimate":13260324.283769019,"standard_error":1754475.0989018606}}