{"mean":{"confidence_interval":{"confidence_level":0.95,"lower_bound":463239555.7325,"upper_bound":479075936.7},"point_estimate":471173530.7,"standard_error":4045656.3131731446},"median":{"confidence_interval":{"confidence_level":0.95,"lower_bound":461540674.0,"upper_bound":479378723.0},"point_estimate":471273227.5,"standard_error":4402944.72467233},"median_abs_dev":{"confidence_interval":{"confidence_level":0.95,"lower_bound":2680265.7301157713,"upper_bound":22637355.6856066},"point_estimate":11957827.80340612,"standard_error":5036959.893054777},"slope":null,"std_dev":{"confidence_interval":{"confidence_level":0.95,"lower_bound":6407267.96246867,"upper_bound":17995803.703072358},"point_estimate":13461023.60507962,"standard_error":2939794.2576904288}}