{"mean":{"confidence_interval":{"confidence_level":0.95,"lower_bound":1686785917.6225,"upper_bound":1699438946.22},"point_estimate":1693069573.3,"standard_error":3238874.1588124116},"median":{"confidence_interval":{"confidence_level":0.95,"lower_bound":1682582205.0,"upper_bound":1700730114.5},"point_estimate":1694371163.5,"standard_error":4781486.892249257},"median_abs_dev":{"confidence_interval":{"confidence_level":0.95,"lower_bound":2790935.1464509964,"upper_bound":19151491.090393066},"point_estimate":12664251.849764585,"standard_error":4255061.043716945},"slope":null,"std_dev":{"confidence_interval":{"confidence_level":0.95,"lower_bound":6509456.660048825,"upper_bound":13469807.418872196},"point_estimate":10831322.841115557,"standard_error":1815783.362132173}}