{"mean":{"confidence_interval":{"confidence_level":0.95,"lower_bound":1670667229.9150002,"upper_bound":1715996340.7},"point_estimate":1692510840.1,"standard_error":11646196.028372133},"median":{"confidence_interval":{"confidence_level":0.95,"lower_bound":1658864086.0,"upper_bound":1720387406.0},"point_estimate":1689381527.5,"standard_error":13580754.278430553},"median_abs_dev":{"confidence_interval":{"confidence_level":0.95,"lower_bound":7587519.676494598,"upper_bound":71746473.11464548},"point_estimate":32227576.595646143,"standard_error":16283473.037912047},"slope":null,"std_dev":{"confidence_interval":{"confidence_level":0.95,"lower_bound":20023428.092357706,"upper_bound":49244184.54724868},"point_estimate":38720695.7165382,"standard_error":7428498.823229923}}