{"mean":{"confidence_interval":{"confidence_level":0.95,"lower_bound":376337952.69,"upper_bound":382307125.34125},"point_estimate":378784453.0,"standard_error":1582427.9959287322},"median":{"confidence_interval":{"confidence_level":0.95,"lower_bound":375813665.25,"upper_bound":379749297.25},"point_estimate":377247836.75,"standard_error":1311197.616422031},"median_abs_dev":{"confidence_interval":{"confidence_level":0.95,"lower_bound":173051.2928277254,"upper_bound":4879831.777265668},"point_estimate":2395236.255826056,"standard_error":1311303.381569349},"slope":null,"std_dev":{"confidence_interval":{"confidence_level":0.95,"lower_bound":1471987.8110754255,"upper_bound":7862098.559137389},"point_estimate":5275070.241979111,"standard_error":2070359.0634332653}}