{"mean":{"confidence_interval":{"confidence_level":0.95,"lower_bound":327163631.32375,"upper_bound":335370318.0},"point_estimate":331285448.0,"standard_error":2099751.4169450235},"median":{"confidence_interval":{"confidence_level":0.95,"lower_bound":324861531.25,"upper_bound":338176116.5},"point_estimate":331026292.25,"standard_error":3912182.2221444044},"median_abs_dev":{"confidence_interval":{"confidence_level":0.95,"lower_bound":1712723.9524930716,"upper_bound":11360610.217858851},"point_estimate":8504964.401006699,"standard_error":2533450.3849637737},"slope":null,"std_dev":{"confidence_interval":{"confidence_level":0.95,"lower_bound":4598040.773366831,"upper_bound":8225808.998059113},"point_estimate":7013906.965706651,"standard_error":925505.9081346113}}