{"mean":{"confidence_interval":{"confidence_level":0.95,"lower_bound":12272515986.832499,"upper_bound":12340699004.25},"point_estimate":12307233561.2,"standard_error":17223647.316998687},"median":{"confidence_interval":{"confidence_level":0.95,"lower_bound":12284897418.0,"upper_bound":12331165761.5},"point_estimate":12310457095.5,"standard_error":8982700.570005145},"median_abs_dev":{"confidence_interval":{"confidence_level":0.95,"lower_bound":2849420.0089126825,"upper_bound":91096395.38551569},"point_estimate":14380080.36660254,"standard_error":22952048.83315705},"slope":null,"std_dev":{"confidence_interval":{"confidence_level":0.95,"lower_bound":14978142.39535363,"upper_bound":80814070.3111513},"point_estimate":57440825.32440842,"standard_error":16616353.381966894}}