{"mean":{"confidence_interval":{"confidence_level":0.95,"lower_bound":228107401.55166665,"upper_bound":231472149.39999995},"point_estimate":229829258.10000005,"standard_error":862292.6686280075},"median":{"confidence_interval":{"confidence_level":0.95,"lower_bound":227208830.3333333,"upper_bound":231990856.33333334},"point_estimate":230462140.0,"standard_error":1280729.9600169694},"median_abs_dev":{"confidence_interval":{"confidence_level":0.95,"lower_bound":554184.9977612348,"upper_bound":4658892.99948813},"point_estimate":2975171.420580156,"standard_error":1123376.4807503824},"slope":null,"std_dev":{"confidence_interval":{"confidence_level":0.95,"lower_bound":1619964.3169978696,"upper_bound":3574845.4917432815},"point_estimate":2868914.223593194,"standard_error":490245.17345387745}}