{"mean":{"confidence_interval":{"confidence_level":0.95,"lower_bound":1330799895.2,"upper_bound":1344136454.1},"point_estimate":1337215134.2,"standard_error":3413085.1562322904},"median":{"confidence_interval":{"confidence_level":0.95,"lower_bound":1327679374.5,"upper_bound":1344975100.0},"point_estimate":1335810787.0,"standard_error":4601281.521808304},"median_abs_dev":{"confidence_interval":{"confidence_level":0.95,"lower_bound":3315804.4478327036,"upper_bound":19514100.944155455},"point_estimate":12463143.835034966,"standard_error":4145588.8490126957},"slope":null,"std_dev":{"confidence_interval":{"confidence_level":0.95,"lower_bound":6074731.701253822,"upper_bound":14356615.172536293},"point_estimate":11369277.547094526,"standard_error":2135140.656720477}}