{"mean":{"confidence_interval":{"confidence_level":0.95,"lower_bound":139254046.53,"upper_bound":139890625.76},"point_estimate":139554229.33,"standard_error":165412.36836345782},"median":{"confidence_interval":{"confidence_level":0.95,"lower_bound":139035714.0,"upper_bound":139798847.0},"point_estimate":139424789.5,"standard_error":232711.2858400024},"median_abs_dev":{"confidence_interval":{"confidence_level":0.95,"lower_bound":1005600.860247016,"upper_bound":1590665.2031600475},"point_estimate":1302369.190478325,"standard_error":147964.54177822577},"slope":null,"std_dev":{"confidence_interval":{"confidence_level":0.95,"lower_bound":1202376.5162000684,"upper_bound":2178913.0437410846},"point_estimate":1658523.6516362708,"standard_error":262625.6640886839}}