{"mean":{"confidence_interval":{"confidence_level":0.95,"lower_bound":783857150.4,"upper_bound":788759656.4224999},"point_estimate":786368424.3,"standard_error":1256728.4744605168},"median":{"confidence_interval":{"confidence_level":0.95,"lower_bound":782380279.0,"upper_bound":790080287.0},"point_estimate":787397022.0,"standard_error":2294379.2092899503},"median_abs_dev":{"confidence_interval":{"confidence_level":0.95,"lower_bound":657003.0588358641,"upper_bound":6684035.854634643},"point_estimate":5495312.399938703,"standard_error":1564068.5651185673},"slope":null,"std_dev":{"confidence_interval":{"confidence_level":0.95,"lower_bound":2700070.9074028,"upper_bound":4940896.459487042},"point_estimate":4201019.979471654,"standard_error":575457.942719147}}