{"mean":{"confidence_interval":{"confidence_level":0.95,"lower_bound":830112137.0625,"upper_bound":836960665.7},"point_estimate":833835374.6,"standard_error":1764190.1192651617},"median":{"confidence_interval":{"confidence_level":0.95,"lower_bound":830348932.5,"upper_bound":837712798.0},"point_estimate":836326773.0,"standard_error":2151342.683368397},"median_abs_dev":{"confidence_interval":{"confidence_level":0.95,"lower_bound":508615.5578702688,"upper_bound":9143271.874174476},"point_estimate":4553406.999760866,"standard_error":2285841.295312876},"slope":null,"std_dev":{"confidence_interval":{"confidence_level":0.95,"lower_bound":2521032.013332318,"upper_bound":7901785.022898502},"point_estimate":5877518.466677908,"standard_error":1487543.8251433172}}