{"mean":{"confidence_interval":{"confidence_level":0.95,"lower_bound":1328301021.895,"upper_bound":1330564666.9125},"point_estimate":1329460606.8,"standard_error":581132.7681395642},"median":{"confidence_interval":{"confidence_level":0.95,"lower_bound":1327922973.0,"upper_bound":1331275915.0},"point_estimate":1329469016.0,"standard_error":1128114.5011848316},"median_abs_dev":{"confidence_interval":{"confidence_level":0.95,"lower_bound":214652.30678915977,"upper_bound":3284019.728296995},"point_estimate":2568090.7335072756,"standard_error":870161.1357458655},"slope":null,"std_dev":{"confidence_interval":{"confidence_level":0.95,"lower_bound":1247508.2731661557,"upper_bound":2321871.803447787},"point_estimate":1931558.211736881,"standard_error":283055.66390661744}}