{"mean":{"confidence_interval":{"confidence_level":0.95,"lower_bound":816859189.4,"upper_bound":820346760.8},"point_estimate":818539666.9,"standard_error":898265.2095073183},"median":{"confidence_interval":{"confidence_level":0.95,"lower_bound":816075310.5,"upper_bound":820699400.0},"point_estimate":818044548.5,"standard_error":1250743.743788702},"median_abs_dev":{"confidence_interval":{"confidence_level":0.95,"lower_bound":732985.5661869049,"upper_bound":5038589.323747158},"point_estimate":3023418.6831235886,"standard_error":1069227.3949888216},"slope":null,"std_dev":{"confidence_interval":{"confidence_level":0.95,"lower_bound":1624035.9994099403,"upper_bound":3788045.7191974623},"point_estimate":2981846.4558258173,"standard_error":557578.9621538185}}