{"mean":{"confidence_interval":{"confidence_level":0.95,"lower_bound":379962976.75,"upper_bound":388672413.4},"point_estimate":384327882.95,"standard_error":2232304.7099499027},"median":{"confidence_interval":{"confidence_level":0.95,"lower_bound":375995521.0,"upper_bound":391710795.5},"point_estimate":383765998.0,"standard_error":4236423.3662101785},"median_abs_dev":{"confidence_interval":{"confidence_level":0.95,"lower_bound":524999.7701793909,"upper_bound":12054467.376190424},"point_estimate":11649732.7800259,"standard_error":3354661.6654541297},"slope":null,"std_dev":{"confidence_interval":{"confidence_level":0.95,"lower_bound":4935226.451605259,"upper_bound":8559424.844911389},"point_estimate":7452628.044482979,"standard_error":940823.2115451739}}