{"mean":{"confidence_interval":{"confidence_level":0.95,"lower_bound":-0.013862615536360586,"upper_bound":0.033696828010773186},"point_estimate":0.010286040462208268,"standard_error":0.01213731840135595},"median":{"confidence_interval":{"confidence_level":0.95,"lower_bound":-0.018606098690308825,"upper_bound":0.045376695270079814},"point_estimate":0.016445712779152633,"standard_error":0.01687258549883871}}