{"mean":{"confidence_interval":{"confidence_level":0.95,"lower_bound":212456564.69,"upper_bound":216863483.4},"point_estimate":214423769.6,"standard_error":1132703.659022357},"median":{"confidence_interval":{"confidence_level":0.95,"lower_bound":211186969.0,"upper_bound":215878876.25},"point_estimate":214337380.5,"standard_error":1145794.3580234603},"median_abs_dev":{"confidence_interval":{"confidence_level":0.95,"lower_bound":387827.0260646939,"upper_bound":5323586.180837452},"point_estimate":3236317.8154438734,"standard_error":1335827.9553195634},"slope":null,"std_dev":{"confidence_interval":{"confidence_level":0.95,"lower_bound":1565510.3774234105,"upper_bound":5309883.934449854},"point_estimate":3768340.334277507,"standard_error":1121567.3480670054}}