{"mean":{"confidence_interval":{"confidence_level":0.95,"lower_bound":-0.011186397098465773,"upper_bound":-0.0007814850380481897},"point_estimate":-0.006337054192159686,"standard_error":0.002661228562533189},"median":{"confidence_interval":{"confidence_level":0.95,"lower_bound":-0.013465069473306834,"upper_bound":0.0006540941516617327},"point_estimate":-0.01014286899798933,"standard_error":0.003547768108476638}}