{"mean":{"confidence_interval":{"confidence_level":0.95,"lower_bound":277723702.475,"upper_bound":279547533.7},"point_estimate":278567823.25,"standard_error":468228.66081852117},"median":{"confidence_interval":{"confidence_level":0.95,"lower_bound":277355901.75,"upper_bound":279917881.75},"point_estimate":277989403.0,"standard_error":601156.7012640795},"median_abs_dev":{"confidence_interval":{"confidence_level":0.95,"lower_bound":283688.462613523,"upper_bound":2615238.8952702284},"point_estimate":1307619.4476351142,"standard_error":590980.0140371885},"slope":null,"std_dev":{"confidence_interval":{"confidence_level":0.95,"lower_bound":645918.6832686557,"upper_bound":1946904.180083059},"point_estimate":1566588.8926877838,"standard_error":330471.9183529587}}