{"mean":{"confidence_interval":{"confidence_level":0.95,"lower_bound":4075321636.9125004,"upper_bound":4088562999.2725},"point_estimate":4082219450.1,"standard_error":3410273.7130902866},"median":{"confidence_interval":{"confidence_level":0.95,"lower_bound":4072718818.5,"upper_bound":4091285163.0},"point_estimate":4085305570.5,"standard_error":4927416.920024857},"median_abs_dev":{"confidence_interval":{"confidence_level":0.95,"lower_bound":2701237.848043442,"upper_bound":19228475.094026327},"point_estimate":12734813.971611857,"standard_error":4186709.928874874},"slope":null,"std_dev":{"confidence_interval":{"confidence_level":0.95,"lower_bound":6095757.027327382,"upper_bound":14192048.020981185},"point_estimate":11374103.762456503,"standard_error":2075909.8639993437}}