{"mean":{"confidence_interval":{"confidence_level":0.95,"lower_bound":58946433153.7575,"upper_bound":59105141973.08},"point_estimate":59029746314.5,"standard_error":40022356.52512523},"median":{"confidence_interval":{"confidence_level":0.95,"lower_bound":58999161481.0,"upper_bound":59087522084.0},"point_estimate":59021085679.5,"standard_error":24786407.629029803},"median_abs_dev":{"confidence_interval":{"confidence_level":0.95,"lower_bound":9694441.757789254,"upper_bound":204712906.1572194},"point_estimate":47452060.65775752,"standard_error":45859463.804692596},"slope":null,"std_dev":{"confidence_interval":{"confidence_level":0.95,"lower_bound":33703410.29940311,"upper_bound":195135868.84615213},"point_estimate":133098601.62061192,"standard_error":41350510.606525056}}