{"mean":{"confidence_interval":{"confidence_level":0.95,"lower_bound":522174469.6,"upper_bound":525439892.6325},"point_estimate":523757682.0,"standard_error":836636.0669757454},"median":{"confidence_interval":{"confidence_level":0.95,"lower_bound":521069462.0,"upper_bound":526902614.0},"point_estimate":522865166.5,"standard_error":1322295.8402141454},"median_abs_dev":{"confidence_interval":{"confidence_level":0.95,"lower_bound":219080.09161055088,"upper_bound":4324115.500831604},"point_estimate":2906402.2563010454,"standard_error":1150619.3140080199},"slope":null,"std_dev":{"confidence_interval":{"confidence_level":0.95,"lower_bound":1462243.7112504006,"upper_bound":3284618.6341723553},"point_estimate":2789978.9117567022,"standard_error":431881.20910266414}}