{"mean":{"confidence_interval":{"confidence_level":0.95,"lower_bound":638322560.7975,"upper_bound":653183725.8024999},"point_estimate":645689919.3,"standard_error":3818904.479425392},"median":{"confidence_interval":{"confidence_level":0.95,"lower_bound":636533715.0,"upper_bound":656513655.0},"point_estimate":645652736.0,"standard_error":5172492.49086469},"median_abs_dev":{"confidence_interval":{"confidence_level":0.95,"lower_bound":4467995.897877216,"upper_bound":21803169.327816367},"point_estimate":14752954.259982705,"standard_error":4503258.030578583},"slope":null,"std_dev":{"confidence_interval":{"confidence_level":0.95,"lower_bound":7195647.537507274,"upper_bound":16253589.780740075},"point_estimate":12760192.95195916,"standard_error":2322225.0621030815}}