{"mean":{"confidence_interval":{"confidence_level":0.95,"lower_bound":28816225547.7,"upper_bound":28945312571.9},"point_estimate":28878673789.0,"standard_error":32990231.75778898},"median":{"confidence_interval":{"confidence_level":0.95,"lower_bound":28788823536.0,"upper_bound":28970065022.0},"point_estimate":28865068429.0,"standard_error":43268456.85817778},"median_abs_dev":{"confidence_interval":{"confidence_level":0.95,"lower_bound":30680399.014914036,"upper_bound":183053111.65985763},"point_estimate":125230780.13100922,"standard_error":40299491.59997845},"slope":null,"std_dev":{"confidence_interval":{"confidence_level":0.95,"lower_bound":59108988.3805842,"upper_bound":140301956.52287006},"point_estimate":109956009.24292475,"standard_error":20848619.354735546}}