{"mean":{"confidence_interval":{"confidence_level":0.95,"lower_bound":382623740.16499996,"upper_bound":396099566.6775},"point_estimate":388868834.9,"standard_error":3456631.5902373553},"median":{"confidence_interval":{"confidence_level":0.95,"lower_bound":381091670.0,"upper_bound":396906035.0},"point_estimate":386107078.5,"standard_error":3111252.643065135},"median_abs_dev":{"confidence_interval":{"confidence_level":0.95,"lower_bound":1183864.2332822084,"upper_bound":19266634.993448853},"point_estimate":5690859.182167053,"standard_error":4684863.227195288},"slope":null,"std_dev":{"confidence_interval":{"confidence_level":0.95,"lower_bound":4477039.455843363,"upper_bound":15166519.702130938},"point_estimate":11504389.912548779,"standard_error":2811250.654931294}}