{"mean":{"confidence_interval":{"confidence_level":0.95,"lower_bound":558907029.3975,"upper_bound":596095465.9},"point_estimate":577187385.5,"standard_error":9522025.024855392},"median":{"confidence_interval":{"confidence_level":0.95,"lower_bound":552679724.0,"upper_bound":614158301.0},"point_estimate":575869529.5,"standard_error":13541236.262528066},"median_abs_dev":{"confidence_interval":{"confidence_level":0.95,"lower_bound":1068910.844323039,"upper_bound":58777014.716899395},"point_estimate":39188623.65326285,"standard_error":15103694.409764854},"slope":null,"std_dev":{"confidence_interval":{"confidence_level":0.95,"lower_bound":18387389.54436687,"upper_bound":38706898.13987876},"point_estimate":31734712.53498354,"standard_error":5106695.950159539}}