{"mean":{"confidence_interval":{"confidence_level":0.95,"lower_bound":298377455.95,"upper_bound":307676728.47375},"point_estimate":302977662.45,"standard_error":2390326.803082552},"median":{"confidence_interval":{"confidence_level":0.95,"lower_bound":295819659.0,"upper_bound":309656914.5},"point_estimate":301663564.0,"standard_error":3528637.991653638},"median_abs_dev":{"confidence_interval":{"confidence_level":0.95,"lower_bound":1316252.997931838,"upper_bound":13328265.011925995},"point_estimate":9812586.072541773,"standard_error":3041996.6483060424},"slope":null,"std_dev":{"confidence_interval":{"confidence_level":0.95,"lower_bound":4751527.9251747895,"upper_bound":9772610.477720229},"point_estimate":7936961.233452036,"standard_error":1289252.3939357924}}