{"mean":{"confidence_interval":{"confidence_level":0.95,"lower_bound":165607516624.3,"upper_bound":166426799669.6},"point_estimate":165989090606.8,"standard_error":210637830.23946816},"median":{"confidence_interval":{"confidence_level":0.95,"lower_bound":165396948563.0,"upper_bound":166496588089.5},"point_estimate":165739799930.5,"standard_error":295624869.35717726},"median_abs_dev":{"confidence_interval":{"confidence_level":0.95,"lower_bound":132314726.57214403,"upper_bound":1179317284.487933},"point_estimate":603550463.1503373,"standard_error":269333483.94179726},"slope":null,"std_dev":{"confidence_interval":{"confidence_level":0.95,"lower_bound":339610598.0613607,"upper_bound":904624002.4543016},"point_estimate":704482590.0499591,"standard_error":148338539.24010858}}