{"mean":{"confidence_interval":{"confidence_level":0.95,"lower_bound":881805811.95,"upper_bound":882774861.94},"point_estimate":882258523.76,"standard_error":247429.52403189038},"median":{"confidence_interval":{"confidence_level":0.95,"lower_bound":881329957.0,"upper_bound":882394634.0},"point_estimate":881813090.5,"standard_error":271086.42777527287},"median_abs_dev":{"confidence_interval":{"confidence_level":0.95,"lower_bound":1441472.6504087448,"upper_bound":2629450.3573179245},"point_estimate":2051076.2467861176,"standard_error":304738.85373109527},"slope":null,"std_dev":{"confidence_interval":{"confidence_level":0.95,"lower_bound":1991357.6763259873,"upper_bound":3066024.211306385},"point_estimate":2536699.0294384467,"standard_error":280591.49601237295}}