{"mean":{"confidence_interval":{"confidence_level":0.95,"lower_bound":611177987.9325,"upper_bound":635987231.2774999},"point_estimate":623747196.9,"standard_error":6374009.976878402},"median":{"confidence_interval":{"confidence_level":0.95,"lower_bound":606441457.0,"upper_bound":639592392.5},"point_estimate":625519419.5,"standard_error":7985677.740539172},"median_abs_dev":{"confidence_interval":{"confidence_level":0.95,"lower_bound":3412364.7015184164,"upper_bound":40585333.645266294},"point_estimate":23949922.198703885,"standard_error":9872552.77544571},"slope":null,"std_dev":{"confidence_interval":{"confidence_level":0.95,"lower_bound":12144065.804118799,"upper_bound":26354824.413021695},"point_estimate":21267898.323932353,"standard_error":3629486.93988343}}