{"mean":{"confidence_interval":{"confidence_level":0.95,"lower_bound":2329500815.7,"upper_bound":2350241163.9},"point_estimate":2339608188.1,"standard_error":5317211.20942517},"median":{"confidence_interval":{"confidence_level":0.95,"lower_bound":2324577987.0,"upper_bound":2354059009.5},"point_estimate":2337727799.0,"standard_error":9368763.885525387},"median_abs_dev":{"confidence_interval":{"confidence_level":0.95,"lower_bound":1911950.5478560925,"upper_bound":30539006.420624256},"point_estimate":20142732.969895005,"standard_error":7323836.853364775},"slope":null,"std_dev":{"confidence_interval":{"confidence_level":0.95,"lower_bound":10835603.496318446,"upper_bound":21652663.323669497},"point_estimate":17708010.562897667,"standard_error":2808066.208464936}}