{"mean":{"confidence_interval":{"confidence_level":0.95,"lower_bound":0.02090098269797021,"upper_bound":0.10010682980534943},"point_estimate":0.05992036591455796,"standard_error":0.020244439766398285},"median":{"confidence_interval":{"confidence_level":0.95,"lower_bound":0.013399516801884725,"upper_bound":0.11674956042101248},"point_estimate":0.04395762760070099,"standard_error":0.02746329984961781}}