{"mean":{"confidence_interval":{"confidence_level":0.95,"lower_bound":25259094.26825,"upper_bound":25396615.92},"point_estimate":25326939.86,"standard_error":35036.2265969491},"median":{"confidence_interval":{"confidence_level":0.95,"lower_bound":25351878.5,"upper_bound":25428403.0},"point_estimate":25403473.0,"standard_error":21147.511844280903},"median_abs_dev":{"confidence_interval":{"confidence_level":0.95,"lower_bound":125316.02147519588,"upper_bound":621982.5648576021},"point_estimate":244404.38176095486,"standard_error":151565.78089568723},"slope":null,"std_dev":{"confidence_interval":{"confidence_level":0.95,"lower_bound":307893.4649004699,"upper_bound":387889.48788283125},"point_estimate":350822.93246732047,"standard_error":20477.957601829272}}