{"mean":{"confidence_interval":{"confidence_level":0.95,"lower_bound":380491129.4375,"upper_bound":391372492.3},"point_estimate":385526995.0,"standard_error":2794238.571286094},"median":{"confidence_interval":{"confidence_level":0.95,"lower_bound":378049056.5,"upper_bound":390675299.0},"point_estimate":383931889.5,"standard_error":3695330.3116423464},"median_abs_dev":{"confidence_interval":{"confidence_level":0.95,"lower_bound":1441626.8408060074,"upper_bound":15602857.660093904},"point_estimate":8938810.218304396,"standard_error":3306468.1309304144},"slope":null,"std_dev":{"confidence_interval":{"confidence_level":0.95,"lower_bound":4572633.675941028,"upper_bound":12589166.540389095},"point_estimate":9307104.370240547,"standard_error":2289996.500925314}}