{"mean":{"confidence_interval":{"confidence_level":0.95,"lower_bound":561697234.105,"upper_bound":590598989.7},"point_estimate":575796732.7,"standard_error":7345984.274738406},"median":{"confidence_interval":{"confidence_level":0.95,"lower_bound":564718314.5,"upper_bound":589064972.0},"point_estimate":573816298.5,"standard_error":6076327.527372782},"median_abs_dev":{"confidence_interval":{"confidence_level":0.95,"lower_bound":2256007.145547867,"upper_bound":42377020.1310575},"point_estimate":15744677.98447609,"standard_error":9105677.35664367},"slope":null,"std_dev":{"confidence_interval":{"confidence_level":0.95,"lower_bound":9160494.919348245,"upper_bound":33691103.792461805},"point_estimate":24514933.855042256,"standard_error":6460936.024558415}}