{"mean":{"confidence_interval":{"confidence_level":0.95,"lower_bound":576540310.9525,"upper_bound":598225215.8},"point_estimate":588006250.7,"standard_error":5548176.638023652},"median":{"confidence_interval":{"confidence_level":0.95,"lower_bound":577166129.5,"upper_bound":600058074.0},"point_estimate":591948971.0,"standard_error":5462980.02482631},"median_abs_dev":{"confidence_interval":{"confidence_level":0.95,"lower_bound":2503388.5880559683,"upper_bound":31045405.491533875},"point_estimate":13241135.947322845,"standard_error":7086937.895055999},"slope":null,"std_dev":{"confidence_interval":{"confidence_level":0.95,"lower_bound":7884631.850727774,"upper_bound":24637613.606324725},"point_estimate":18501457.617091734,"standard_error":4356334.647477095}}