{"mean":{"confidence_interval":{"confidence_level":0.95,"lower_bound":23388733.3,"upper_bound":23414253.53},"point_estimate":23401269.02,"standard_error":6415.388046838285},"median":{"confidence_interval":{"confidence_level":0.95,"lower_bound":23385419.0,"upper_bound":23412508.0},"point_estimate":23393344.5,"standard_error":6935.224457366173},"median_abs_dev":{"confidence_interval":{"confidence_level":0.95,"lower_bound":47065.1361644268,"upper_bound":71943.16372275352},"point_estimate":58763.59125673771,"standard_error":6209.265581402661},"slope":null,"std_dev":{"confidence_interval":{"confidence_level":0.95,"lower_bound":55079.87954502483,"upper_bound":72740.35752291305},"point_estimate":64513.890083584076,"standard_error":4514.339381268625}}