{"mean":{"confidence_interval":{"confidence_level":0.95,"lower_bound":2013599836.7,"upper_bound":2122281830.2},"point_estimate":2075299641.9,"standard_error":27984613.940604996},"median":{"confidence_interval":{"confidence_level":0.95,"lower_bound":2051571014.5,"upper_bound":2123655921.0},"point_estimate":2090022827.5,"standard_error":21719540.31157664},"median_abs_dev":{"confidence_interval":{"confidence_level":0.95,"lower_bound":4199156.044650078,"upper_bound":110240999.2986513},"point_estimate":42669531.91676438,"standard_error":26384671.74056256},"slope":null,"std_dev":{"confidence_interval":{"confidence_level":0.95,"lower_bound":26877108.493273295,"upper_bound":135101962.01757637},"point_estimate":92794992.3160545,"standard_error":32086534.02007532}}