{"mean":{"confidence_interval":{"confidence_level":0.95,"lower_bound":0.09236868641587667,"upper_bound":0.10179665390291087},"point_estimate":0.09717473055598402,"standard_error":0.0024158194307864183},"median":{"confidence_interval":{"confidence_level":0.95,"lower_bound":0.09037684709504368,"upper_bound":0.1020571498135503},"point_estimate":0.09825007581040279,"standard_error":0.002789188683708908}}