{"mean":{"confidence_interval":{"confidence_level":0.95,"lower_bound":17538887.57,"upper_bound":17705587.01},"point_estimate":17618952.14,"standard_error":42601.31352276298},"median":{"confidence_interval":{"confidence_level":0.95,"lower_bound":17576052.0,"upper_bound":17643981.0},"point_estimate":17608887.0,"standard_error":16053.742784266784},"median_abs_dev":{"confidence_interval":{"confidence_level":0.95,"lower_bound":194247.28335142136,"upper_bound":611240.5720733106},"point_estimate":518586.7839932442,"standard_error":111608.54409216827},"slope":null,"std_dev":{"confidence_interval":{"confidence_level":0.95,"lower_bound":306457.0350849611,"upper_bound":575627.3337648249},"point_estimate":425959.2450832347,"standard_error":80145.63541362599}}