{"mean":{"confidence_interval":{"confidence_level":0.95,"lower_bound":8780924125.3,"upper_bound":8952038472.1175},"point_estimate":8863897006.4,"standard_error":44066602.42035348},"median":{"confidence_interval":{"confidence_level":0.95,"lower_bound":8739501269.0,"upper_bound":8981089044.0},"point_estimate":8836002048.5,"standard_error":67140904.30891313},"median_abs_dev":{"confidence_interval":{"confidence_level":0.95,"lower_bound":25270706.76345527,"upper_bound":242351633.88269842},"point_estimate":187990512.05280125,"standard_error":56407468.75435391},"slope":null,"std_dev":{"confidence_interval":{"confidence_level":0.95,"lower_bound":85834514.17694151,"upper_bound":185245645.29209659},"point_estimate":146782807.893149,"standard_error":26075158.841527224}}