{"mean":{"confidence_interval":{"confidence_level":0.95,"lower_bound":559809514.1575,"upper_bound":586262093.7},"point_estimate":573680041.8,"standard_error":6808043.326819938},"median":{"confidence_interval":{"confidence_level":0.95,"lower_bound":555748461.0,"upper_bound":591287954.5},"point_estimate":575931445.5,"standard_error":7925444.861026998},"median_abs_dev":{"confidence_interval":{"confidence_level":0.95,"lower_bound":4619140.293493867,"upper_bound":41039472.54970372},"point_estimate":17444524.07359779,"standard_error":9094985.620167123},"slope":null,"std_dev":{"confidence_interval":{"confidence_level":0.95,"lower_bound":10417533.952425826,"upper_bound":28944476.876098007},"point_estimate":22753898.589228734,"standard_error":4734537.027858929}}