{"mean":{"confidence_interval":{"confidence_level":0.95,"lower_bound":542863838.2,"upper_bound":561014336.9},"point_estimate":551133215.6,"standard_error":4664259.690209994},"median":{"confidence_interval":{"confidence_level":0.95,"lower_bound":541703606.0,"upper_bound":561526393.0},"point_estimate":543581305.0,"standard_error":5063169.872951626},"median_abs_dev":{"confidence_interval":{"confidence_level":0.95,"lower_bound":511221.22732400894,"upper_bound":22088804.814845324},"point_estimate":3039487.101638317,"standard_error":5281464.546070457},"slope":null,"std_dev":{"confidence_interval":{"confidence_level":0.95,"lower_bound":2235501.250553831,"upper_bound":19255870.44598106},"point_estimate":15518035.493742129,"standard_error":4071677.621369805}}