{"mean":{"confidence_interval":{"confidence_level":0.95,"lower_bound":427701827.68625,"upper_bound":428193161.45},"point_estimate":427954058.6,"standard_error":125839.09843139959},"median":{"confidence_interval":{"confidence_level":0.95,"lower_bound":427654321.5,"upper_bound":428321210.0},"point_estimate":427992981.0,"standard_error":172301.44082920437},"median_abs_dev":{"confidence_interval":{"confidence_level":0.95,"lower_bound":121919.01428550482,"upper_bound":730619.3366289139},"point_estimate":438066.77942276,"standard_error":154135.18517804105},"slope":null,"std_dev":{"confidence_interval":{"confidence_level":0.95,"lower_bound":232013.90212669488,"upper_bound":528314.5954622113},"point_estimate":421526.83642798936,"standard_error":75670.82344123097}}