{"mean":{"confidence_interval":{"confidence_level":0.95,"lower_bound":980461848.3,"upper_bound":1028424987.2649999},"point_estimate":1003280577.8,"standard_error":12261698.076182365},"median":{"confidence_interval":{"confidence_level":0.95,"lower_bound":964569435.0,"upper_bound":1039968536.0},"point_estimate":995380403.0,"standard_error":17579963.038384426},"median_abs_dev":{"confidence_interval":{"confidence_level":0.95,"lower_bound":5026969.446453452,"upper_bound":72183374.57048893},"point_estimate":45683424.153757095,"standard_error":16549051.888711166},"slope":null,"std_dev":{"confidence_interval":{"confidence_level":0.95,"lower_bound":20429101.227374256,"upper_bound":49918435.643404305},"point_estimate":40831578.37726976,"standard_error":7441445.642248274}}