{"mean":{"confidence_interval":{"confidence_level":0.95,"lower_bound":5655437717.7225,"upper_bound":5806404553.1},"point_estimate":5731983866.7,"standard_error":38652097.633667305},"median":{"confidence_interval":{"confidence_level":0.95,"lower_bound":5654838481.0,"upper_bound":5832452945.5},"point_estimate":5738132689.0,"standard_error":42170650.102472134},"median_abs_dev":{"confidence_interval":{"confidence_level":0.95,"lower_bound":26497814.73146975,"upper_bound":222842638.27155232},"point_estimate":99647882.29109645,"standard_error":51300790.09712819},"slope":null,"std_dev":{"confidence_interval":{"confidence_level":0.95,"lower_bound":61523173.773385584,"upper_bound":170544655.51078078},"point_estimate":128942274.54782967,"standard_error":27619855.449516643}}