{"mean":{"confidence_interval":{"confidence_level":0.95,"lower_bound":1751281662.0,"upper_bound":1758482640.87},"point_estimate":1754736183.2,"standard_error":1843240.3155338364},"median":{"confidence_interval":{"confidence_level":0.95,"lower_bound":1749653055.0,"upper_bound":1759106241.0},"point_estimate":1754260696.0,"standard_error":2824422.0021316297},"median_abs_dev":{"confidence_interval":{"confidence_level":0.95,"lower_bound":297183.45822393894,"upper_bound":10887888.776001334},"point_estimate":4929774.639979005,"standard_error":2605138.0465659224},"slope":null,"std_dev":{"confidence_interval":{"confidence_level":0.95,"lower_bound":3511794.657769029,"upper_bound":7844191.897742912},"point_estimate":6131652.455685259,"standard_error":1154685.7372829712}}