{"mean":{"confidence_interval":{"confidence_level":0.95,"lower_bound":406181360.58625,"upper_bound":408331436.3675},"point_estimate":407217572.15,"standard_error":549139.7413943291},"median":{"confidence_interval":{"confidence_level":0.95,"lower_bound":405894147.0,"upper_bound":408071437.0},"point_estimate":407201216.5,"standard_error":474453.37710149214},"median_abs_dev":{"confidence_interval":{"confidence_level":0.95,"lower_bound":103799.41870719194,"upper_bound":3132712.24668324},"point_estimate":1461283.1512570381,"standard_error":814732.5065126987},"slope":null,"std_dev":{"confidence_interval":{"confidence_level":0.95,"lower_bound":797777.3650054284,"upper_bound":2488500.928062322},"point_estimate":1823694.4725713006,"standard_error":438744.2486282104}}