{"mean":{"confidence_interval":{"confidence_level":0.95,"lower_bound":1144195831.5,"upper_bound":1171050290.9775},"point_estimate":1157174050.6,"standard_error":6851022.3625471685},"median":{"confidence_interval":{"confidence_level":0.95,"lower_bound":1139545477.0,"upper_bound":1173096720.5},"point_estimate":1152173913.0,"standard_error":7405112.457455822},"median_abs_dev":{"confidence_interval":{"confidence_level":0.95,"lower_bound":1157402.788951993,"upper_bound":38505204.36939597},"point_estimate":21857746.798047423,"standard_error":10542277.648507508},"slope":null,"std_dev":{"confidence_interval":{"confidence_level":0.95,"lower_bound":11369679.09461928,"upper_bound":29921971.222848307},"point_estimate":22829789.09600572,"standard_error":4838260.910062999}}