{"mean":{"confidence_interval":{"confidence_level":0.95,"lower_bound":2162553067.0,"upper_bound":2176507621.7},"point_estimate":2169274223.4,"standard_error":3558308.939439049},"median":{"confidence_interval":{"confidence_level":0.95,"lower_bound":2161339480.5,"upper_bound":2176925072.0},"point_estimate":2167067501.5,"standard_error":4608279.954559875},"median_abs_dev":{"confidence_interval":{"confidence_level":0.95,"lower_bound":622496.2857484818,"upper_bound":20191764.774924517},"point_estimate":13219341.72770977,"standard_error":4883550.327263104},"slope":null,"std_dev":{"confidence_interval":{"confidence_level":0.95,"lower_bound":5934245.329925364,"upper_bound":15787295.972423758},"point_estimate":11857034.277221594,"standard_error":2605772.1604670035}}