{"mean":{"confidence_interval":{"confidence_level":0.95,"lower_bound":28407842046.3,"upper_bound":28490597939.1575},"point_estimate":28448632517.7,"standard_error":21192880.500260465},"median":{"confidence_interval":{"confidence_level":0.95,"lower_bound":28383446095.5,"upper_bound":28494697264.0},"point_estimate":28452554182.0,"standard_error":26699284.326618068},"median_abs_dev":{"confidence_interval":{"confidence_level":0.95,"lower_bound":15695259.220853448,"upper_bound":121900206.76353872},"point_estimate":63715947.37691581,"standard_error":27390546.563240208},"slope":null,"std_dev":{"confidence_interval":{"confidence_level":0.95,"lower_bound":38633667.29033494,"upper_bound":90717825.88885772},"point_estimate":70551593.66775903,"standard_error":13501356.390708478}}