{"mean":{"confidence_interval":{"confidence_level":0.95,"lower_bound":819221526.3,"upper_bound":827384973.7975},"point_estimate":823509949.6,"standard_error":2093073.398520299},"median":{"confidence_interval":{"confidence_level":0.95,"lower_bound":818111835.5,"upper_bound":827849141.0},"point_estimate":824580845.0,"standard_error":2013081.1635726292},"median_abs_dev":{"confidence_interval":{"confidence_level":0.95,"lower_bound":1111881.7806601524,"upper_bound":11506826.080513},"point_estimate":4016956.3686847687,"standard_error":2899363.736966264},"slope":null,"std_dev":{"confidence_interval":{"confidence_level":0.95,"lower_bound":2295413.5518599856,"upper_bound":9074239.538886858},"point_estimate":6948447.971915251,"standard_error":1589997.3727852686}}