{"mean":{"confidence_interval":{"confidence_level":0.95,"lower_bound":36614070149.3,"upper_bound":37082037571.835},"point_estimate":36821036918.6,"standard_error":119928386.97630963},"median":{"confidence_interval":{"confidence_level":0.95,"lower_bound":36554082689.5,"upper_bound":36941641989.5},"point_estimate":36760721010.5,"standard_error":74057309.62732205},"median_abs_dev":{"confidence_interval":{"confidence_level":0.95,"lower_bound":38457737.44863868,"upper_bound":527600186.7814243},"point_estimate":106143100.14348328,"standard_error":153629509.82383555},"slope":null,"std_dev":{"confidence_interval":{"confidence_level":0.95,"lower_bound":129202074.59198324,"upper_bound":570918065.3661281},"point_estimate":399187567.0969112,"standard_error":129175621.93288945}}