{"mean":{"confidence_interval":{"confidence_level":0.95,"lower_bound":339263731520.97504,"upper_bound":342643468262.2},"point_estimate":341013284886.7,"standard_error":859648269.6891046},"median":{"confidence_interval":{"confidence_level":0.95,"lower_bound":338776292843.0,"upper_bound":343083391974.0},"point_estimate":341660376028.5,"standard_error":961409800.4408635},"median_abs_dev":{"confidence_interval":{"confidence_level":0.95,"lower_bound":224286349.64792132,"upper_bound":4796848430.615017},"point_estimate":2774725096.643382,"standard_error":1331785043.037716},"slope":null,"std_dev":{"confidence_interval":{"confidence_level":0.95,"lower_bound":1454821929.1260836,"upper_bound":3734580601.7946434},"point_estimate":2862773661.467288,"standard_error":590083298.8458844}}