{"mean":{"confidence_interval":{"confidence_level":0.95,"lower_bound":361694574.15,"upper_bound":364252852.45250005},"point_estimate":362893718.1,"standard_error":656488.027245205},"median":{"confidence_interval":{"confidence_level":0.95,"lower_bound":361245652.0,"upper_bound":364687159.5},"point_estimate":362021513.0,"standard_error":866957.9498936831},"median_abs_dev":{"confidence_interval":{"confidence_level":0.95,"lower_bound":338448.6632913351,"upper_bound":3440587.1039673686},"point_estimate":1320921.705248952,"standard_error":847072.2087655235},"slope":null,"std_dev":{"confidence_interval":{"confidence_level":0.95,"lower_bound":910674.9137347144,"upper_bound":2769101.9294870878},"point_estimate":2196815.9570108103,"standard_error":454854.15845596645}}