{"mean":{"confidence_interval":{"confidence_level":0.95,"lower_bound":380016480.25,"upper_bound":392826674.7625},"point_estimate":386210804.75,"standard_error":3295947.0146588795},"median":{"confidence_interval":{"confidence_level":0.95,"lower_bound":377544486.0,"upper_bound":398535189.5},"point_estimate":382318851.75,"standard_error":5556783.862967329},"median_abs_dev":{"confidence_interval":{"confidence_level":0.95,"lower_bound":1606322.941482067,"upper_bound":17578529.613518715},"point_estimate":10603297.41000384,"standard_error":4333372.931331766},"slope":null,"std_dev":{"confidence_interval":{"confidence_level":0.95,"lower_bound":6095807.351804421,"upper_bound":12830688.58295191},"point_estimate":10951833.846458046,"standard_error":1648841.5989562282}}