{"mean":{"confidence_interval":{"confidence_level":0.95,"lower_bound":-0.008963569243787196,"upper_bound":0.04424005553976885},"point_estimate":0.020250568330951957,"standard_error":0.013583291557017438},"median":{"confidence_interval":{"confidence_level":0.95,"lower_bound":-0.0026595771312795113,"upper_bound":0.04527008405692934},"point_estimate":0.022302308034715557,"standard_error":0.01219024406657836}}