{"mean":{"confidence_interval":{"confidence_level":0.95,"lower_bound":73433435.90325,"upper_bound":73947744.56},"point_estimate":73680963.52,"standard_error":131095.9194308025},"median":{"confidence_interval":{"confidence_level":0.95,"lower_bound":73393357.5,"upper_bound":74074310.0},"point_estimate":73616329.5,"standard_error":183596.37263333524},"median_abs_dev":{"confidence_interval":{"confidence_level":0.95,"lower_bound":1004238.2767412072,"upper_bound":1536835.1671732191},"point_estimate":1199048.2809126377,"standard_error":139199.8195094283},"slope":null,"std_dev":{"confidence_interval":{"confidence_level":0.95,"lower_bound":1108469.5439641625,"upper_bound":1457749.7701373529},"point_estimate":1290349.1383688296,"standard_error":88682.32095035135}}