{"mean":{"confidence_interval":{"confidence_level":0.95,"lower_bound":834204908.5,"upper_bound":840134711.245},"point_estimate":837137863.3,"standard_error":1520956.1384592347},"median":{"confidence_interval":{"confidence_level":0.95,"lower_bound":832982897.0,"upper_bound":841796356.0},"point_estimate":836628502.0,"standard_error":2606366.286892735},"median_abs_dev":{"confidence_interval":{"confidence_level":0.95,"lower_bound":1045378.2762408257,"upper_bound":8428764.692759514},"point_estimate":5865662.16686368,"standard_error":1880030.566080772},"slope":null,"std_dev":{"confidence_interval":{"confidence_level":0.95,"lower_bound":3110385.2308642203,"upper_bound":6090955.835729743},"point_estimate":5036433.344828617,"standard_error":762531.4995650974}}