{"mean":{"confidence_interval":{"confidence_level":0.95,"lower_bound":230795339.35,"upper_bound":236857929.775},"point_estimate":233851042.55,"standard_error":1552965.5872994622},"median":{"confidence_interval":{"confidence_level":0.95,"lower_bound":230107055.5,"upper_bound":238119775.5},"point_estimate":233833463.5,"standard_error":2665773.4067209656},"median_abs_dev":{"confidence_interval":{"confidence_level":0.95,"lower_bound":788936.2946435809,"upper_bound":8272596.507132053},"point_estimate":5430860.813882947,"standard_error":2179595.553079252},"slope":null,"std_dev":{"confidence_interval":{"confidence_level":0.95,"lower_bound":3191152.8273619907,"upper_bound":6379441.429353589},"point_estimate":5159926.22820375,"standard_error":822719.92990693}}