{"mean":{"confidence_interval":{"confidence_level":0.95,"lower_bound":15535431.73,"upper_bound":15620369.627},"point_estimate":15577919.2,"standard_error":21732.512765382213},"median":{"confidence_interval":{"confidence_level":0.95,"lower_bound":15592906.0,"upper_bound":15693715.0},"point_estimate":15631816.0,"standard_error":32210.54774167755},"median_abs_dev":{"confidence_interval":{"confidence_level":0.95,"lower_bound":161239.4188374281,"upper_bound":345516.9586658478},"point_estimate":291915.0392174721,"standard_error":52963.818392135865},"slope":null,"std_dev":{"confidence_interval":{"confidence_level":0.95,"lower_bound":201079.93346961972,"upper_bound":233457.6542620586},"point_estimate":219134.1285374754,"standard_error":8249.727654386184}}