{"mean":{"confidence_interval":{"confidence_level":0.95,"lower_bound":2142042591.4624999,"upper_bound":2160455494.1375},"point_estimate":2151705265.0,"standard_error":4719820.423148136},"median":{"confidence_interval":{"confidence_level":0.95,"lower_bound":2141250217.0,"upper_bound":2164339351.0},"point_estimate":2152984909.5,"standard_error":5876376.91840954},"median_abs_dev":{"confidence_interval":{"confidence_level":0.95,"lower_bound":4377941.292876005,"upper_bound":26470792.864349484},"point_estimate":16047815.564194322,"standard_error":5783631.061635587},"slope":null,"std_dev":{"confidence_interval":{"confidence_level":0.95,"lower_bound":7978777.069212157,"upper_bound":20060615.08906251},"point_estimate":15663860.255961228,"standard_error":3087398.95657592}}