{"mean":{"confidence_interval":{"confidence_level":0.95,"lower_bound":367389712.315,"upper_bound":371799040.9},"point_estimate":369625303.6,"standard_error":1128304.6052282904},"median":{"confidence_interval":{"confidence_level":0.95,"lower_bound":366055487.0,"upper_bound":372509641.5},"point_estimate":369879017.75,"standard_error":1662425.9960352445},"median_abs_dev":{"confidence_interval":{"confidence_level":0.95,"lower_bound":618950.6479114294,"upper_bound":6575898.348404467},"point_estimate":4191345.707988739,"standard_error":1517766.9562506462},"slope":null,"std_dev":{"confidence_interval":{"confidence_level":0.95,"lower_bound":2173256.5470896875,"upper_bound":4626557.285504204},"point_estimate":3767004.069716785,"standard_error":614656.9310617633}}