{"mean":{"confidence_interval":{"confidence_level":0.95,"lower_bound":0.004490915770204425,"upper_bound":0.009432700263365535},"point_estimate":0.006763908346747893,"standard_error":0.001253358268171513},"median":{"confidence_interval":{"confidence_level":0.95,"lower_bound":0.0023847916674630903,"upper_bound":0.00993914191846712},"point_estimate":0.007208458526323458,"standard_error":0.0019437645663846798}}