{"mean":{"confidence_interval":{"confidence_level":0.95,"lower_bound":359165770792.58246,"upper_bound":360184645474.0},"point_estimate":359631825457.5,"standard_error":262584113.52738133},"median":{"confidence_interval":{"confidence_level":0.95,"lower_bound":359094274124.5,"upper_bound":360204943859.5},"point_estimate":359461009276.5,"standard_error":238094185.09966668},"median_abs_dev":{"confidence_interval":{"confidence_level":0.95,"lower_bound":90101963.69217038,"upper_bound":1400757743.456179},"point_estimate":460308839.8555845,"standard_error":318056864.9517466},"slope":null,"std_dev":{"confidence_interval":{"confidence_level":0.95,"lower_bound":268605708.5018485,"upper_bound":1150750378.4473608},"point_estimate":875410634.7728713,"standard_error":221810266.83506623}}