{"mean":{"confidence_interval":{"confidence_level":0.95,"lower_bound":1356059509.5449998,"upper_bound":1361864281.7},"point_estimate":1358922045.6,"standard_error":1490197.6352084584},"median":{"confidence_interval":{"confidence_level":0.95,"lower_bound":1354561846.0,"upper_bound":1364460668.0},"point_estimate":1358672963.0,"standard_error":2581649.7083785967},"median_abs_dev":{"confidence_interval":{"confidence_level":0.95,"lower_bound":1153937.2115135193,"upper_bound":8288383.231651783},"point_estimate":6852597.834742069,"standard_error":1904903.5951964192},"slope":null,"std_dev":{"confidence_interval":{"confidence_level":0.95,"lower_bound":3150328.8682306455,"upper_bound":5883051.0304295365},"point_estimate":4992788.262591315,"standard_error":689710.68042545}}