{"mean":{"confidence_interval":{"confidence_level":0.95,"lower_bound":53714614.06,"upper_bound":54081469.34},"point_estimate":53900548.89,"standard_error":93437.90297101789},"median":{"confidence_interval":{"confidence_level":0.95,"lower_bound":53655751.0,"upper_bound":54499602.0},"point_estimate":54234276.0,"standard_error":238840.9898272207},"median_abs_dev":{"confidence_interval":{"confidence_level":0.95,"lower_bound":747552.110928297,"upper_bound":1389467.491132021},"point_estimate":1108718.6536163092,"standard_error":168914.64318948257},"slope":null,"std_dev":{"confidence_interval":{"confidence_level":0.95,"lower_bound":864286.000756281,"upper_bound":1018146.3363681405},"point_estimate":950466.0803701626,"standard_error":39140.406912552025}}