{"mean":{"confidence_interval":{"confidence_level":0.95,"lower_bound":1240024848.78,"upper_bound":1243280483.1},"point_estimate":1241587722.7,"standard_error":835615.5002471656},"median":{"confidence_interval":{"confidence_level":0.95,"lower_bound":1239305787.0,"upper_bound":1243816017.0},"point_estimate":1240960245.0,"standard_error":1131048.4617583512},"median_abs_dev":{"confidence_interval":{"confidence_level":0.95,"lower_bound":549556.8148434162,"upper_bound":4665676.1414676905},"point_estimate":2847551.1916458607,"standard_error":1079046.715371399},"slope":null,"std_dev":{"confidence_interval":{"confidence_level":0.95,"lower_bound":1422440.896188284,"upper_bound":3398027.963551791},"point_estimate":2786642.635808508,"standard_error":485519.7821280446}}