{"mean":{"confidence_interval":{"confidence_level":0.95,"lower_bound":5734708803.6,"upper_bound":5816073190.9},"point_estimate":5777577658.4,"standard_error":20783250.970362324},"median":{"confidence_interval":{"confidence_level":0.95,"lower_bound":5729110245.5,"upper_bound":5822036883.5},"point_estimate":5784595923.0,"standard_error":20680443.212802302},"median_abs_dev":{"confidence_interval":{"confidence_level":0.95,"lower_bound":7291365.883952379,"upper_bound":120355254.5653671},"point_estimate":41308154.50603366,"standard_error":27900767.67668946},"slope":null,"std_dev":{"confidence_interval":{"confidence_level":0.95,"lower_bound":28547926.840207346,"upper_bound":90901575.44831555},"point_estimate":68934313.14226928,"standard_error":15708572.628347712}}