{"mean":{"confidence_interval":{"confidence_level":0.95,"lower_bound":273005869.65125,"upper_bound":274172404.9975},"point_estimate":273544204.25,"standard_error":300789.8795388189},"median":{"confidence_interval":{"confidence_level":0.95,"lower_bound":272810769.25,"upper_bound":274397152.0},"point_estimate":273086953.5,"standard_error":423790.7957831339},"median_abs_dev":{"confidence_interval":{"confidence_level":0.95,"lower_bound":80083.74952822924,"upper_bound":1553822.5938141346},"point_estimate":448130.29739409685,"standard_error":410444.47388833016},"slope":null,"std_dev":{"confidence_interval":{"confidence_level":0.95,"lower_bound":284347.55466448347,"upper_bound":1236811.2966879352},"point_estimate":1002074.8558446467,"standard_error":213062.57297264916}}