{"mean":{"confidence_interval":{"confidence_level":0.95,"lower_bound":0.000221647237681691,"upper_bound":0.06335283029832911},"point_estimate":0.034254031221625736,"standard_error":0.016143992397539247},"median":{"confidence_interval":{"confidence_level":0.95,"lower_bound":-0.02010541692121992,"upper_bound":0.0856293672002797},"point_estimate":0.0322738551111601,"standard_error":0.027435488706949236}}