{"mean":{"confidence_interval":{"confidence_level":0.95,"lower_bound":1124326851.4,"upper_bound":1169829963.1},"point_estimate":1149817087.2,"standard_error":11742674.396303449},"median":{"confidence_interval":{"confidence_level":0.95,"lower_bound":1133072006.0,"upper_bound":1176073531.0},"point_estimate":1156665316.5,"standard_error":8601570.377017178},"median_abs_dev":{"confidence_interval":{"confidence_level":0.95,"lower_bound":2034436.285981536,"upper_bound":52669042.34073758},"point_estimate":18103997.1439898,"standard_error":14669949.391445152},"slope":null,"std_dev":{"confidence_interval":{"confidence_level":0.95,"lower_bound":12822561.30472976,"upper_bound":55247273.597127415},"point_estimate":39268177.4861646,"standard_error":12227868.979969779}}