{"mean":{"confidence_interval":{"confidence_level":0.95,"lower_bound":703351137.6,"upper_bound":734765903.2725},"point_estimate":717282883.8,"standard_error":8122693.853489853},"median":{"confidence_interval":{"confidence_level":0.95,"lower_bound":696050439.0,"upper_bound":730147578.0},"point_estimate":714950280.5,"standard_error":8962906.338603482},"median_abs_dev":{"confidence_interval":{"confidence_level":0.95,"lower_bound":1760054.4740527868,"upper_bound":38539518.404486775},"point_estimate":24505988.368731737,"standard_error":9413516.713479413},"slope":null,"std_dev":{"confidence_interval":{"confidence_level":0.95,"lower_bound":10613140.246175122,"upper_bound":38523649.661278374},"point_estimate":27097681.5128396,"standard_error":8355825.370494764}}