{"mean":{"confidence_interval":{"confidence_level":0.95,"lower_bound":1667626886.8475,"upper_bound":1670868514.7025},"point_estimate":1669042098.3,"standard_error":843100.1286271822},"median":{"confidence_interval":{"confidence_level":0.95,"lower_bound":1667275228.0,"upper_bound":1670441926.5},"point_estimate":1667904705.0,"standard_error":749989.129288831},"median_abs_dev":{"confidence_interval":{"confidence_level":0.95,"lower_bound":44575.10950863361,"upper_bound":3585175.813150406},"point_estimate":981774.7373700142,"standard_error":850723.0745463335},"slope":null,"std_dev":{"confidence_interval":{"confidence_level":0.95,"lower_bound":631830.5656081133,"upper_bound":3897799.5258375793},"point_estimate":2812206.650008694,"standard_error":892388.2061632127}}