{"mean":{"confidence_interval":{"confidence_level":0.95,"lower_bound":1335996365.77,"upper_bound":1345076237.2},"point_estimate":1340276717.3,"standard_error":2331187.1584722456},"median":{"confidence_interval":{"confidence_level":0.95,"lower_bound":1333853417.0,"upper_bound":1346182076.5},"point_estimate":1338223182.5,"standard_error":3309003.599463806},"median_abs_dev":{"confidence_interval":{"confidence_level":0.95,"lower_bound":1356938.5064095259,"upper_bound":12822348.897957802},"point_estimate":7169055.833923817,"standard_error":3015948.9637398343},"slope":null,"std_dev":{"confidence_interval":{"confidence_level":0.95,"lower_bound":3623439.610291979,"upper_bound":9554937.63380035},"point_estimate":7795295.930735778,"standard_error":1469759.8276120229}}