{"mean":{"confidence_interval":{"confidence_level":0.95,"lower_bound":391017331.6,"upper_bound":401717443.6},"point_estimate":396438338.95,"standard_error":2730244.4921203577},"median":{"confidence_interval":{"confidence_level":0.95,"lower_bound":391211130.25,"upper_bound":402915041.5},"point_estimate":396633723.25,"standard_error":2771835.067698371},"median_abs_dev":{"confidence_interval":{"confidence_level":0.95,"lower_bound":1605143.9038529992,"upper_bound":14656805.427789688},"point_estimate":7331091.779597104,"standard_error":3337894.9116422464},"slope":null,"std_dev":{"confidence_interval":{"confidence_level":0.95,"lower_bound":3905492.7486651144,"upper_bound":12316296.001757184},"point_estimate":9112146.34096955,"standard_error":2163137.9417132754}}