{"mean":{"confidence_interval":{"confidence_level":0.95,"lower_bound":364958626.25,"upper_bound":380608940.05},"point_estimate":372767468.95,"standard_error":4007470.04676644},"median":{"confidence_interval":{"confidence_level":0.95,"lower_bound":361999328.0,"upper_bound":384871750.0},"point_estimate":369910070.5,"standard_error":6660625.46720951},"median_abs_dev":{"confidence_interval":{"confidence_level":0.95,"lower_bound":2529791.840337217,"upper_bound":22993721.56957984},"point_estimate":15185687.015350163,"standard_error":5381712.505635476},"slope":null,"std_dev":{"confidence_interval":{"confidence_level":0.95,"lower_bound":8231062.744104211,"upper_bound":16432781.767850045},"point_estimate":13361907.658887161,"standard_error":2109002.560345545}}