{"mean":{"confidence_interval":{"confidence_level":0.95,"lower_bound":1655275591.6,"upper_bound":1658310311.4},"point_estimate":1656733461.1,"standard_error":781217.8672781794},"median":{"confidence_interval":{"confidence_level":0.95,"lower_bound":1654694109.5,"upper_bound":1658798852.5},"point_estimate":1656265659.0,"standard_error":982517.4456499754},"median_abs_dev":{"confidence_interval":{"confidence_level":0.95,"lower_bound":536151.1458814144,"upper_bound":4501587.165480852},"point_estimate":2373101.408869028,"standard_error":1021628.6453604746},"slope":null,"std_dev":{"confidence_interval":{"confidence_level":0.95,"lower_bound":1244544.7217255526,"upper_bound":3234559.675772158},"point_estimate":2603847.4869265393,"standard_error":491697.35691425053}}