{"mean":{"confidence_interval":{"confidence_level":0.95,"lower_bound":298018312.86125,"upper_bound":305765276.72499996},"point_estimate":301701010.75,"standard_error":1984890.7078242113},"median":{"confidence_interval":{"confidence_level":0.95,"lower_bound":296592587.0,"upper_bound":305907636.75},"point_estimate":300945772.75,"standard_error":2048428.7601060749},"median_abs_dev":{"confidence_interval":{"confidence_level":0.95,"lower_bound":1274051.5309810638,"upper_bound":11233378.677217662},"point_estimate":4871415.427865088,"standard_error":2650027.920492092},"slope":null,"std_dev":{"confidence_interval":{"confidence_level":0.95,"lower_bound":3171563.0754544167,"upper_bound":8662408.989736957},"point_estimate":6621550.66201847,"standard_error":1440775.7185871804}}