{"mean":{"confidence_interval":{"confidence_level":0.95,"lower_bound":389409985.7,"upper_bound":403072464.275},"point_estimate":396267741.35,"standard_error":3488712.5879087374},"median":{"confidence_interval":{"confidence_level":0.95,"lower_bound":389215847.5,"upper_bound":404320033.5},"point_estimate":396866024.25,"standard_error":2913337.154543296},"median_abs_dev":{"confidence_interval":{"confidence_level":0.95,"lower_bound":1063536.4194184542,"upper_bound":19600148.081427813},"point_estimate":5834519.783766568,"standard_error":5752974.477274727},"slope":null,"std_dev":{"confidence_interval":{"confidence_level":0.95,"lower_bound":5374291.498744116,"upper_bound":15410839.305231},"point_estimate":11605435.421595031,"standard_error":2542604.101390028}}