{"mean":{"confidence_interval":{"confidence_level":0.95,"lower_bound":872196509.045,"upper_bound":881107327.6},"point_estimate":876435703.3,"standard_error":2289356.269153643},"median":{"confidence_interval":{"confidence_level":0.95,"lower_bound":869901176.0,"upper_bound":883233259.0},"point_estimate":873963154.0,"standard_error":3395719.023252414},"median_abs_dev":{"confidence_interval":{"confidence_level":0.95,"lower_bound":1512038.478755951,"upper_bound":12775028.013297915},"point_estimate":6594255.530628562,"standard_error":2989254.060369508},"slope":null,"std_dev":{"confidence_interval":{"confidence_level":0.95,"lower_bound":3718145.128120167,"upper_bound":9199509.909697063},"point_estimate":7604822.184849602,"standard_error":1370162.0567424218}}