{"mean":{"confidence_interval":{"confidence_level":0.95,"lower_bound":713179730.49,"upper_bound":714191344.17125},"point_estimate":713691792.77,"standard_error":258307.60575078925},"median":{"confidence_interval":{"confidence_level":0.95,"lower_bound":713002288.0,"upper_bound":714680935.0},"point_estimate":714084250.0,"standard_error":446458.0999750703},"median_abs_dev":{"confidence_interval":{"confidence_level":0.95,"lower_bound":2068054.240384698,"upper_bound":3330571.884870529},"point_estimate":2445948.9585757256,"standard_error":336832.98351448885},"slope":null,"std_dev":{"confidence_interval":{"confidence_level":0.95,"lower_bound":2239941.505067479,"upper_bound":2858378.1627851613},"point_estimate":2565068.006938532,"standard_error":157774.59386817054}}