{"mean":{"confidence_interval":{"confidence_level":0.95,"lower_bound":1169933313.24,"upper_bound":1238410259.1},"point_estimate":1205267282.8,"standard_error":17610981.713246763},"median":{"confidence_interval":{"confidence_level":0.95,"lower_bound":1146724210.0,"upper_bound":1255356176.0},"point_estimate":1221499860.5,"standard_error":27869361.404981136},"median_abs_dev":{"confidence_interval":{"confidence_level":0.95,"lower_bound":13236967.617496848,"upper_bound":95123745.52131593},"point_estimate":60767014.516469836,"standard_error":22103123.14858971},"slope":null,"std_dev":{"confidence_interval":{"confidence_level":0.95,"lower_bound":32881284.53251401,"upper_bound":70057067.90988135},"point_estimate":58649262.53508486,"standard_error":9224627.628195662}}