{"mean":{"confidence_interval":{"confidence_level":0.95,"lower_bound":52679936.81175,"upper_bound":53298405.95},"point_estimate":52992340.76,"standard_error":160853.07477384424},"median":{"confidence_interval":{"confidence_level":0.95,"lower_bound":52464728.5,"upper_bound":52978149.0},"point_estimate":52625257.5,"standard_error":157065.1905333053},"median_abs_dev":{"confidence_interval":{"confidence_level":0.95,"lower_bound":1096010.5479419231,"upper_bound":2270539.5904898643},"point_estimate":1704494.7813391685,"standard_error":299301.41376522765},"slope":null,"std_dev":{"confidence_interval":{"confidence_level":0.95,"lower_bound":1423864.63617648,"upper_bound":1770075.0850341446},"point_estimate":1609650.6768737948,"standard_error":87074.46749981414}}