{"mean":{"confidence_interval":{"confidence_level":0.95,"lower_bound":60390159.66825,"upper_bound":60796829.62},"point_estimate":60593474.56,"standard_error":105570.31622222748},"median":{"confidence_interval":{"confidence_level":0.95,"lower_bound":60268541.5,"upper_bound":60776443.0},"point_estimate":60601011.0,"standard_error":130327.41301240973},"median_abs_dev":{"confidence_interval":{"confidence_level":0.95,"lower_bound":890012.9184991121,"upper_bound":1386548.2517838478},"point_estimate":1268594.8217779398,"standard_error":129761.21278558661},"slope":null,"std_dev":{"confidence_interval":{"confidence_level":0.95,"lower_bound":908253.4211578438,"upper_bound":1204329.4126068954},"point_estimate":1067094.6359104023,"standard_error":75136.17206514264}}