{"mean":{"confidence_interval":{"confidence_level":0.95,"lower_bound":-0.04338546262817103,"upper_bound":0.021567384836448437},"point_estimate":-0.012418347579789768,"standard_error":0.01690059841601506},"median":{"confidence_interval":{"confidence_level":0.95,"lower_bound":-0.06477889983744411,"upper_bound":0.03557567497547143},"point_estimate":-0.0037949548608391392,"standard_error":0.02518770946014037}}