{"mean":{"confidence_interval":{"confidence_level":0.95,"lower_bound":56830664.313,"upper_bound":56887755.48},"point_estimate":56859693.69,"standard_error":14478.41067693064},"median":{"confidence_interval":{"confidence_level":0.95,"lower_bound":56836261.5,"upper_bound":56907331.0},"point_estimate":56869636.5,"standard_error":19196.46267699937},"median_abs_dev":{"confidence_interval":{"confidence_level":0.95,"lower_bound":101097.75090515614,"upper_bound":158243.8255906105},"point_estimate":130979.5533746481,"standard_error":14945.520099172812},"slope":null,"std_dev":{"confidence_interval":{"confidence_level":0.95,"lower_bound":122531.49957000087,"upper_bound":166761.1825246687},"point_estimate":146158.8015971569,"standard_error":11355.804479383825}}