{"mean":{"confidence_interval":{"confidence_level":0.95,"lower_bound":0.011434682474140265,"upper_bound":0.06506652561899923},"point_estimate":0.03743819955192951,"standard_error":0.013679657886965521},"median":{"confidence_interval":{"confidence_level":0.95,"lower_bound":-0.007583451488901827,"upper_bound":0.07175181342261827},"point_estimate":0.04517149640666385,"standard_error":0.02100816665882943}}