{"mean":{"confidence_interval":{"confidence_level":0.95,"lower_bound":326606545.6,"upper_bound":344295431.4},"point_estimate":334523570.7,"standard_error":4581496.030304576},"median":{"confidence_interval":{"confidence_level":0.95,"lower_bound":322892562.0,"upper_bound":342002168.5},"point_estimate":331009433.5,"standard_error":4654764.5493336795},"median_abs_dev":{"confidence_interval":{"confidence_level":0.95,"lower_bound":2623864.6619170904,"upper_bound":20731070.152249932},"point_estimate":10993506.974226236,"standard_error":5032070.206200746},"slope":null,"std_dev":{"confidence_interval":{"confidence_level":0.95,"lower_bound":5674490.8636654345,"upper_bound":21037804.39010698},"point_estimate":15218670.212540407,"standard_error":4374154.729605482}}