{"mean":{"confidence_interval":{"confidence_level":0.95,"lower_bound":1208240232.5,"upper_bound":1232560768.2275},"point_estimate":1218791495.0,"standard_error":6301863.545243097},"median":{"confidence_interval":{"confidence_level":0.95,"lower_bound":1203762717.5,"upper_bound":1223988449.0},"point_estimate":1218299302.0,"standard_error":4940693.9733919855},"median_abs_dev":{"confidence_interval":{"confidence_level":0.95,"lower_bound":688542.4080759287,"upper_bound":25866992.16426909},"point_estimate":10798424.245789647,"standard_error":6173088.1909912955},"slope":null,"std_dev":{"confidence_interval":{"confidence_level":0.95,"lower_bound":6851238.886561155,"upper_bound":30568869.279649116},"point_estimate":21010640.660535827,"standard_error":7244604.704202534}}