{"mean":{"confidence_interval":{"confidence_level":0.95,"lower_bound":70175960.38,"upper_bound":70399992.41125},"point_estimate":70287301.0,"standard_error":56720.49787733774},"median":{"confidence_interval":{"confidence_level":0.95,"lower_bound":70091683.0,"upper_bound":70542009.5},"point_estimate":70278766.0,"standard_error":133510.87463932333},"median_abs_dev":{"confidence_interval":{"confidence_level":0.95,"lower_bound":512987.745192647,"upper_bound":807140.3798878914},"point_estimate":634643.2273328304,"standard_error":74411.2630912425},"slope":null,"std_dev":{"confidence_interval":{"confidence_level":0.95,"lower_bound":507462.3191344786,"upper_bound":622541.2880584159},"point_estimate":569782.45022445,"standard_error":29154.094104040912}}