{"mean":{"confidence_interval":{"confidence_level":0.95,"lower_bound":1194576009.5,"upper_bound":1284508053.2},"point_estimate":1239429375.3,"standard_error":23040802.123921018},"median":{"confidence_interval":{"confidence_level":0.95,"lower_bound":1172757532.5,"upper_bound":1318704167.0},"point_estimate":1242448190.5,"standard_error":34129644.17355059},"median_abs_dev":{"confidence_interval":{"confidence_level":0.95,"lower_bound":17388087.42299974,"upper_bound":134393420.69123983},"point_estimate":100105724.73026812,"standard_error":31019156.035580132},"slope":null,"std_dev":{"confidence_interval":{"confidence_level":0.95,"lower_bound":46172166.14680894,"upper_bound":92497018.62864548},"point_estimate":76478958.87441234,"standard_error":11790395.715562139}}