{"mean":{"confidence_interval":{"confidence_level":0.95,"lower_bound":630697473.2199999,"upper_bound":636188278.235},"point_estimate":633461494.6,"standard_error":1410278.0479347964},"median":{"confidence_interval":{"confidence_level":0.95,"lower_bound":628678105.0,"upper_bound":638047268.0},"point_estimate":633581049.0,"standard_error":2886914.6298490153},"median_abs_dev":{"confidence_interval":{"confidence_level":0.95,"lower_bound":760196.4648038149,"upper_bound":7347066.423663497},"point_estimate":6854949.97960031,"standard_error":1853630.9586272386},"slope":null,"std_dev":{"confidence_interval":{"confidence_level":0.95,"lower_bound":3164047.8443677635,"upper_bound":5279976.11736979},"point_estimate":4676564.982784579,"standard_error":543288.5228463179}}