{"mean":{"confidence_interval":{"confidence_level":0.95,"lower_bound":2723435069.5,"upper_bound":2728877212.0},"point_estimate":2725976953.2,"standard_error":1396753.386259502},"median":{"confidence_interval":{"confidence_level":0.95,"lower_bound":2722193277.0,"upper_bound":2728427986.5},"point_estimate":2725612251.0,"standard_error":1599470.0338898108},"median_abs_dev":{"confidence_interval":{"confidence_level":0.95,"lower_bound":1032634.5881670713,"upper_bound":7735583.970665932},"point_estimate":4046322.2263634205,"standard_error":1652972.7676958034},"slope":null,"std_dev":{"confidence_interval":{"confidence_level":0.95,"lower_bound":2226135.294490591,"upper_bound":6364829.594524609},"point_estimate":4668257.406052755,"standard_error":1168165.8493852848}}