{"mean":{"confidence_interval":{"confidence_level":0.95,"lower_bound":76971212.29,"upper_bound":77756648.88},"point_estimate":77353636.06,"standard_error":204266.64131535558},"median":{"confidence_interval":{"confidence_level":0.95,"lower_bound":76554565.0,"upper_bound":77246276.0},"point_estimate":76867083.0,"standard_error":178074.87594571715},"median_abs_dev":{"confidence_interval":{"confidence_level":0.95,"lower_bound":1192062.2698366642,"upper_bound":1999452.115702629},"point_estimate":1626543.3812230825,"standard_error":206864.50353286686},"slope":null,"std_dev":{"confidence_interval":{"confidence_level":0.95,"lower_bound":1633246.4746678853,"upper_bound":2357006.7338897013},"point_estimate":2026511.8501363334,"standard_error":183855.46034347295}}