{"mean":{"confidence_interval":{"confidence_level":0.95,"lower_bound":12483472608.7,"upper_bound":12746046093.9},"point_estimate":12616057483.5,"standard_error":66921391.54147115},"median":{"confidence_interval":{"confidence_level":0.95,"lower_bound":12464453809.5,"upper_bound":12742654058.0},"point_estimate":12637529176.5,"standard_error":55318577.716588736},"median_abs_dev":{"confidence_interval":{"confidence_level":0.95,"lower_bound":21481901.774320006,"upper_bound":388106903.8747251},"point_estimate":131981191.98646545,"standard_error":97320079.29325299},"slope":null,"std_dev":{"confidence_interval":{"confidence_level":0.95,"lower_bound":73110316.21105756,"upper_bound":301078447.476139},"point_estimate":222682824.1816374,"standard_error":52921053.53833183}}