{"mean":{"confidence_interval":{"confidence_level":0.95,"lower_bound":1303072290.0400002,"upper_bound":1346990711.245},"point_estimate":1325284027.1,"standard_error":11233542.990977444},"median":{"confidence_interval":{"confidence_level":0.95,"lower_bound":1301734283.0,"upper_bound":1353182019.0},"point_estimate":1323551238.5,"standard_error":13560387.146650217},"median_abs_dev":{"confidence_interval":{"confidence_level":0.95,"lower_bound":9549479.062762856,"upper_bound":65529075.22352636},"point_estimate":34421711.879092455,"standard_error":14232153.87372615},"slope":null,"std_dev":{"confidence_interval":{"confidence_level":0.95,"lower_bound":19871420.361807894,"upper_bound":48646842.78738999},"point_estimate":37285417.655134365,"standard_error":7505487.757327763}}