{"mean":{"confidence_interval":{"confidence_level":0.95,"lower_bound":1205431071.325,"upper_bound":1233179226.4975},"point_estimate":1219045769.8,"standard_error":7087868.57804563},"median":{"confidence_interval":{"confidence_level":0.95,"lower_bound":1201476467.0,"upper_bound":1235247993.5},"point_estimate":1217118210.5,"standard_error":8218876.585521417},"median_abs_dev":{"confidence_interval":{"confidence_level":0.95,"lower_bound":4180175.0584870577,"upper_bound":40420447.771793604},"point_estimate":20529627.069926262,"standard_error":9260965.109342404},"slope":null,"std_dev":{"confidence_interval":{"confidence_level":0.95,"lower_bound":12550625.869927974,"upper_bound":30576648.723633558},"point_estimate":23570527.90125726,"standard_error":4676511.592568305}}