{"mean":{"confidence_interval":{"confidence_level":0.95,"lower_bound":53574427.96225,"upper_bound":53898723.92},"point_estimate":53737538.79,"standard_error":83424.92795557916},"median":{"confidence_interval":{"confidence_level":0.95,"lower_bound":53474087.0,"upper_bound":53988444.0},"point_estimate":53710591.0,"standard_error":120977.41623665171},"median_abs_dev":{"confidence_interval":{"confidence_level":0.95,"lower_bound":860754.549318552,"upper_bound":1225744.7173386812},"point_estimate":1075572.166004777,"standard_error":88767.71646136334},"slope":null,"std_dev":{"confidence_interval":{"confidence_level":0.95,"lower_bound":764969.7480001743,"upper_bound":919191.9424740456},"point_estimate":849152.6838825009,"standard_error":39547.60397575407}}