{"mean":{"confidence_interval":{"confidence_level":0.95,"lower_bound":4064829537.985,"upper_bound":4168623574.6},"point_estimate":4118192904.2,"standard_error":26521618.876547087},"median":{"confidence_interval":{"confidence_level":0.95,"lower_bound":4073604845.0,"upper_bound":4190683964.0},"point_estimate":4101732659.5,"standard_error":34887956.331338815},"median_abs_dev":{"confidence_interval":{"confidence_level":0.95,"lower_bound":14499549.755081534,"upper_bound":163940995.45956552},"point_estimate":76304703.01212072,"standard_error":38028712.68047005},"slope":null,"std_dev":{"confidence_interval":{"confidence_level":0.95,"lower_bound":46621982.90584729,"upper_bound":116734275.57736748},"point_estimate":88100012.26755798,"standard_error":18763301.523541864}}