{"mean":{"confidence_interval":{"confidence_level":0.95,"lower_bound":38891551.67,"upper_bound":38967236.68},"point_estimate":38929397.23,"standard_error":19469.023277847744},"median":{"confidence_interval":{"confidence_level":0.95,"lower_bound":38867277.0,"upper_bound":39001806.0},"point_estimate":38955776.0,"standard_error":36109.53186710299},"median_abs_dev":{"confidence_interval":{"confidence_level":0.95,"lower_bound":161223.85153770447,"upper_bound":259052.46950089931},"point_estimate":202336.34880781174,"standard_error":24130.903560513783},"slope":null,"std_dev":{"confidence_interval":{"confidence_level":0.95,"lower_bound":171151.24189212912,"upper_bound":213964.5524360743},"point_estimate":193881.26664121298,"standard_error":10969.85562102577}}