{"mean":{"confidence_interval":{"confidence_level":0.95,"lower_bound":78636853.08,"upper_bound":79130778.02},"point_estimate":78872917.24,"standard_error":124691.82723553383},"median":{"confidence_interval":{"confidence_level":0.95,"lower_bound":78332805.0,"upper_bound":79048121.0},"point_estimate":78728818.5,"standard_error":188226.80787058367},"median_abs_dev":{"confidence_interval":{"confidence_level":0.95,"lower_bound":800611.3987863064,"upper_bound":1374155.1986038685},"point_estimate":1071902.7310699224,"standard_error":143847.01636471378},"slope":null,"std_dev":{"confidence_interval":{"confidence_level":0.95,"lower_bound":1055367.5976289862,"upper_bound":1402735.8897420247},"point_estimate":1240092.4434581,"standard_error":89156.01995754454}}