{"mean":{"confidence_interval":{"confidence_level":0.95,"lower_bound":219699316.78916663,"upper_bound":227922286.5733333},"point_estimate":223288780.2,"standard_error":2134970.4201261736},"median":{"confidence_interval":{"confidence_level":0.95,"lower_bound":218459510.66666666,"upper_bound":226575626.33333334},"point_estimate":220829077.5,"standard_error":2330478.634369171},"median_abs_dev":{"confidence_interval":{"confidence_level":0.95,"lower_bound":1199458.466905385,"upper_bound":9961537.08504738},"point_estimate":5500772.321441755,"standard_error":2143215.48339288},"slope":null,"std_dev":{"confidence_interval":{"confidence_level":0.95,"lower_bound":2759510.095438269,"upper_bound":10132635.326364338},"point_estimate":7104509.391904671,"standard_error":2231745.7563190805}}