{"mean":{"confidence_interval":{"confidence_level":0.95,"lower_bound":0.011405285074114474,"upper_bound":0.02128597695617632},"point_estimate":0.016354275929661988,"standard_error":0.0025248691766972856},"median":{"confidence_interval":{"confidence_level":0.95,"lower_bound":0.007919896770447243,"upper_bound":0.025245545288127946},"point_estimate":0.017013026654897567,"standard_error":0.004514991688632671}}