{"mean":{"confidence_interval":{"confidence_level":0.95,"lower_bound":15547059218.6,"upper_bound":15611995998.5},"point_estimate":15577459104.8,"standard_error":16535939.193341302},"median":{"confidence_interval":{"confidence_level":0.95,"lower_bound":15539876178.0,"upper_bound":15623421273.5},"point_estimate":15551411664.0,"standard_error":19958086.30324232},"median_abs_dev":{"confidence_interval":{"confidence_level":0.95,"lower_bound":3465868.0280685425,"upper_bound":85712656.04659617},"point_estimate":34617143.01852286,"standard_error":20773972.197075814},"slope":null,"std_dev":{"confidence_interval":{"confidence_level":0.95,"lower_bound":18863561.98306921,"upper_bound":68748129.41687918},"point_estimate":55209494.87498672,"standard_error":12948585.494470885}}