{"mean":{"confidence_interval":{"confidence_level":0.95,"lower_bound":195004809.72,"upper_bound":197721467.05},"point_estimate":196287241.59,"standard_error":688197.5873568675},"median":{"confidence_interval":{"confidence_level":0.95,"lower_bound":193541656.0,"upper_bound":198361014.0},"point_estimate":196907078.5,"standard_error":1424195.4771196083},"median_abs_dev":{"confidence_interval":{"confidence_level":0.95,"lower_bound":6693719.456362724,"upper_bound":9778556.325995922},"point_estimate":8480622.333338857,"standard_error":774673.5030903267},"slope":null,"std_dev":{"confidence_interval":{"confidence_level":0.95,"lower_bound":6057970.716065424,"upper_bound":7803520.185855451},"point_estimate":6944364.094699515,"standard_error":451365.7971705484}}