{"mean":{"confidence_interval":{"confidence_level":0.95,"lower_bound":319428259.62375,"upper_bound":320749563.95},"point_estimate":320099759.05,"standard_error":337632.30851468415},"median":{"confidence_interval":{"confidence_level":0.95,"lower_bound":319300369.5,"upper_bound":320975086.0},"point_estimate":320133020.75,"standard_error":455048.73206145596},"median_abs_dev":{"confidence_interval":{"confidence_level":0.95,"lower_bound":253927.12139189243,"upper_bound":1859258.2034915686},"point_estimate":1114414.8027151823,"standard_error":406429.50191512925},"slope":null,"std_dev":{"confidence_interval":{"confidence_level":0.95,"lower_bound":627545.7176959818,"upper_bound":1434301.6113788744},"point_estimate":1124453.65717597,"standard_error":207956.0632367128}}