{"mean":{"confidence_interval":{"confidence_level":0.95,"lower_bound":1143766651.28,"upper_bound":1146908921.55},"point_estimate":1145491947.16,"standard_error":802850.0463923106},"median":{"confidence_interval":{"confidence_level":0.95,"lower_bound":1145657673.5,"upper_bound":1147805876.5},"point_estimate":1147297347.5,"standard_error":626037.3911933406},"median_abs_dev":{"confidence_interval":{"confidence_level":0.95,"lower_bound":3231051.620337367,"upper_bound":5128662.46124804},"point_estimate":4226684.960961342,"standard_error":471210.0667053517},"slope":null,"std_dev":{"confidence_interval":{"confidence_level":0.95,"lower_bound":3759069.616011841,"upper_bound":11139328.661378877},"point_estimate":7994171.782922791,"standard_error":1785930.6613544035}}