{"mean":{"confidence_interval":{"confidence_level":0.95,"lower_bound":392776241.85,"upper_bound":406819409.75},"point_estimate":399764282.5,"standard_error":3595456.248195167},"median":{"confidence_interval":{"confidence_level":0.95,"lower_bound":391090055.25,"upper_bound":409338160.5},"point_estimate":399467353.75,"standard_error":4343784.475948497},"median_abs_dev":{"confidence_interval":{"confidence_level":0.95,"lower_bound":2665625.4260256886,"upper_bound":20918879.615865648},"point_estimate":12629228.76123637,"standard_error":4960287.328538814},"slope":null,"std_dev":{"confidence_interval":{"confidence_level":0.95,"lower_bound":6769091.384624036,"upper_bound":15088308.561204601},"point_estimate":11957058.206335455,"standard_error":2154744.9493296854}}