{"mean":{"confidence_interval":{"confidence_level":0.95,"lower_bound":374486337.0,"upper_bound":390632901.6175},"point_estimate":382739767.1,"standard_error":4124902.2915702886},"median":{"confidence_interval":{"confidence_level":0.95,"lower_bound":371767190.25,"upper_bound":394861923.5},"point_estimate":383808161.0,"standard_error":5332788.457812234},"median_abs_dev":{"confidence_interval":{"confidence_level":0.95,"lower_bound":3527873.694817722,"upper_bound":23233455.761423707},"point_estimate":14345794.500911236,"standard_error":5127919.009371993},"slope":null,"std_dev":{"confidence_interval":{"confidence_level":0.95,"lower_bound":7595874.850266357,"upper_bound":17446142.776909463},"point_estimate":13724311.145577691,"standard_error":2547662.4543672698}}