{"mean":{"confidence_interval":{"confidence_level":0.95,"lower_bound":427840487.83875,"upper_bound":438300087.8},"point_estimate":433208371.5,"standard_error":2657758.9840517947},"median":{"confidence_interval":{"confidence_level":0.95,"lower_bound":428909738.5,"upper_bound":437947041.5},"point_estimate":433200112.25,"standard_error":2467739.0199219803},"median_abs_dev":{"confidence_interval":{"confidence_level":0.95,"lower_bound":922189.7857278585,"upper_bound":13926756.89215064},"point_estimate":6283603.0222937465,"standard_error":3119746.5222232696},"slope":null,"std_dev":{"confidence_interval":{"confidence_level":0.95,"lower_bound":3278396.513159528,"upper_bound":12244037.827159744},"point_estimate":8867982.484890291,"standard_error":2348739.0502483794}}