{"mean":{"confidence_interval":{"confidence_level":0.95,"lower_bound":240292975.05,"upper_bound":246697928.635},"point_estimate":243390663.85,"standard_error":1637564.7376918003},"median":{"confidence_interval":{"confidence_level":0.95,"lower_bound":239129904.5,"upper_bound":248995791.0},"point_estimate":242457789.75,"standard_error":2138754.8123014118},"median_abs_dev":{"confidence_interval":{"confidence_level":0.95,"lower_bound":979567.5166592002,"upper_bound":9239399.579317868},"point_estimate":5326528.029835224,"standard_error":2423104.6275857366},"slope":null,"std_dev":{"confidence_interval":{"confidence_level":0.95,"lower_bound":2889319.5841831905,"upper_bound":6849038.712647521},"point_estimate":5465155.937606737,"standard_error":994307.755051717}}