{"mean":{"confidence_interval":{"confidence_level":0.95,"lower_bound":52423903.36,"upper_bound":53127743.28},"point_estimate":52774417.08,"standard_error":175133.84659899172},"median":{"confidence_interval":{"confidence_level":0.95,"lower_bound":52359678.5,"upper_bound":53152538.0},"point_estimate":52788965.5,"standard_error":192140.26694322412},"median_abs_dev":{"confidence_interval":{"confidence_level":0.95,"lower_bound":1376752.7137577534,"upper_bound":2161488.4320259094},"point_estimate":1882591.3618773222,"standard_error":206211.51796286172},"slope":null,"std_dev":{"confidence_interval":{"confidence_level":0.95,"lower_bound":1477519.6053575766,"upper_bound":2066875.9099732493},"point_estimate":1769043.5757466226,"standard_error":150856.56607243282}}