{"mean":{"confidence_interval":{"confidence_level":0.95,"lower_bound":-0.01118510491297971,"upper_bound":0.025824343436578228},"point_estimate":0.006802413467940083,"standard_error":0.009405814644648739},"median":{"confidence_interval":{"confidence_level":0.95,"lower_bound":-0.016207128890948108,"upper_bound":0.0344985653432881},"point_estimate":0.002940763739581298,"standard_error":0.013047389675406388}}