{"mean":{"confidence_interval":{"confidence_level":0.95,"lower_bound":810135354.475,"upper_bound":813889033.3},"point_estimate":812012710.6,"standard_error":964137.7719076752},"median":{"confidence_interval":{"confidence_level":0.95,"lower_bound":809401791.0,"upper_bound":814874105.5},"point_estimate":811987896.5,"standard_error":1492312.5827382258},"median_abs_dev":{"confidence_interval":{"confidence_level":0.95,"lower_bound":933857.1062207222,"upper_bound":5385907.641381025},"point_estimate":3627808.7166935205,"standard_error":1147157.508955429},"slope":null,"std_dev":{"confidence_interval":{"confidence_level":0.95,"lower_bound":1933410.332610931,"upper_bound":3922753.615269028},"point_estimate":3209867.4009585297,"standard_error":505268.99787728663}}