{"mean":{"confidence_interval":{"confidence_level":0.95,"lower_bound":1400097493.3,"upper_bound":1433537357.0475},"point_estimate":1416849400.1,"standard_error":8557113.787526725},"median":{"confidence_interval":{"confidence_level":0.95,"lower_bound":1397055144.0,"upper_bound":1443018011.0},"point_estimate":1411872406.0,"standard_error":11196132.882537907},"median_abs_dev":{"confidence_interval":{"confidence_level":0.95,"lower_bound":3673119.1957890987,"upper_bound":53660094.44744289},"point_estimate":26114849.521368742,"standard_error":12358569.766453952},"slope":null,"std_dev":{"confidence_interval":{"confidence_level":0.95,"lower_bound":16322120.775080448,"upper_bound":36248559.72946637},"point_estimate":28601795.398163337,"standard_error":5150164.076917069}}