{"mean":{"confidence_interval":{"confidence_level":0.95,"lower_bound":2494223122.545,"upper_bound":2501376098.9175},"point_estimate":2497881725.0,"standard_error":1826553.071874764},"median":{"confidence_interval":{"confidence_level":0.95,"lower_bound":2493118722.0,"upper_bound":2502265052.0},"point_estimate":2499809796.0,"standard_error":2506092.4239617484},"median_abs_dev":{"confidence_interval":{"confidence_level":0.95,"lower_bound":411762.4906897545,"upper_bound":10236784.24116075},"point_estimate":7045249.099221826,"standard_error":2712454.169092433},"slope":null,"std_dev":{"confidence_interval":{"confidence_level":0.95,"lower_bound":3388866.218637771,"upper_bound":7724366.06368417},"point_estimate":6083230.23447817,"standard_error":1108331.885525249}}