{"mean":{"confidence_interval":{"confidence_level":0.95,"lower_bound":-0.021197511708718832,"upper_bound":-0.016268865610992302},"point_estimate":-0.018726944222600683,"standard_error":0.0012598962399369702},"median":{"confidence_interval":{"confidence_level":0.95,"lower_bound":-0.02193075949338611,"upper_bound":-0.015368711556099757},"point_estimate":-0.01927795777954122,"standard_error":0.0017118548197934454}}