{"mean":{"confidence_interval":{"confidence_level":0.95,"lower_bound":817691172.4024999,"upper_bound":823535267.4},"point_estimate":820573366.1,"standard_error":1502479.2225943247},"median":{"confidence_interval":{"confidence_level":0.95,"lower_bound":816779937.5,"upper_bound":824309610.0},"point_estimate":820148874.0,"standard_error":1757920.9339338383},"median_abs_dev":{"confidence_interval":{"confidence_level":0.95,"lower_bound":506619.97830569744,"upper_bound":9428168.285116553},"point_estimate":5324645.127868652,"standard_error":2487170.03486892},"slope":null,"std_dev":{"confidence_interval":{"confidence_level":0.95,"lower_bound":2744704.476971628,"upper_bound":6211100.989386541},"point_estimate":5002143.845084013,"standard_error":883413.1273518179}}