{"mean":{"confidence_interval":{"confidence_level":0.95,"lower_bound":5606637807.6175,"upper_bound":5693306324.8675},"point_estimate":5647699733.7,"standard_error":22202102.98882527},"median":{"confidence_interval":{"confidence_level":0.95,"lower_bound":5591777042.0,"upper_bound":5695586648.0},"point_estimate":5644620017.0,"standard_error":26769152.9051354},"median_abs_dev":{"confidence_interval":{"confidence_level":0.95,"lower_bound":12156988.423070312,"upper_bound":121523699.01762307},"point_estimate":76333783.46930444,"standard_error":26458416.43196297},"slope":null,"std_dev":{"confidence_interval":{"confidence_level":0.95,"lower_bound":35330100.730223514,"upper_bound":99929422.407407},"point_estimate":73836450.34493972,"standard_error":17454269.90672913}}