{"mean":{"confidence_interval":{"confidence_level":0.95,"lower_bound":1021860653.0975,"upper_bound":1055324349.1},"point_estimate":1035539634.6,"standard_error":8875940.182128683},"median":{"confidence_interval":{"confidence_level":0.95,"lower_bound":1021258315.0,"upper_bound":1039329580.0},"point_estimate":1027433104.5,"standard_error":4918991.836565805},"median_abs_dev":{"confidence_interval":{"confidence_level":0.95,"lower_bound":1327641.58962965,"upper_bound":26488741.960930824},"point_estimate":12202435.301363468,"standard_error":6120815.979265669},"slope":null,"std_dev":{"confidence_interval":{"confidence_level":0.95,"lower_bound":6590022.929113465,"upper_bound":44303821.52572623},"point_estimate":29487419.829887137,"standard_error":11958853.81188112}}