{"mean":{"confidence_interval":{"confidence_level":0.95,"lower_bound":495856764.03999996,"upper_bound":499083531.08875},"point_estimate":497428502.35,"standard_error":821365.3755386277},"median":{"confidence_interval":{"confidence_level":0.95,"lower_bound":495747077.0,"upper_bound":498736139.0},"point_estimate":497515625.5,"standard_error":770609.1974943008},"median_abs_dev":{"confidence_interval":{"confidence_level":0.95,"lower_bound":465012.2926443815,"upper_bound":4662237.250828743},"point_estimate":2173838.489806652,"standard_error":1062079.9622146562},"slope":null,"std_dev":{"confidence_interval":{"confidence_level":0.95,"lower_bound":1200046.403679144,"upper_bound":3735969.4957095976},"point_estimate":2743253.027988943,"standard_error":653629.8790993372}}