{"mean":{"confidence_interval":{"confidence_level":0.95,"lower_bound":31848333.828,"upper_bound":31982941.15},"point_estimate":31914400.65,"standard_error":34127.9807818413},"median":{"confidence_interval":{"confidence_level":0.95,"lower_bound":31800339.0,"upper_bound":31987901.5},"point_estimate":31906307.0,"standard_error":43089.093503196425},"median_abs_dev":{"confidence_interval":{"confidence_level":0.95,"lower_bound":279170.6469087303,"upper_bound":461381.40530884266},"point_estimate":372573.6668854952,"standard_error":46707.54384863491},"slope":null,"std_dev":{"confidence_interval":{"confidence_level":0.95,"lower_bound":304195.2654091513,"upper_bound":378452.97459724033},"point_estimate":342994.36696129467,"standard_error":18753.78945874685}}