{"mean":{"confidence_interval":{"confidence_level":0.95,"lower_bound":513379790.695,"upper_bound":517646157.59},"point_estimate":515485527.0,"standard_error":1095340.8200644627},"median":{"confidence_interval":{"confidence_level":0.95,"lower_bound":512512393.5,"upper_bound":519540489.0},"point_estimate":514873782.5,"standard_error":1745679.7041199626},"median_abs_dev":{"confidence_interval":{"confidence_level":0.95,"lower_bound":881423.4755516052,"upper_bound":6390218.639650941},"point_estimate":4311358.469358087,"standard_error":1453247.8080967176},"slope":null,"std_dev":{"confidence_interval":{"confidence_level":0.95,"lower_bound":2224059.6638961197,"upper_bound":4354433.615709945},"point_estimate":3654982.5772740543,"standard_error":536373.0371551431}}