{"mean":{"confidence_interval":{"confidence_level":0.95,"lower_bound":23112910042.09,"upper_bound":23660972800.0},"point_estimate":23388493579.1,"standard_error":139120339.28007376},"median":{"confidence_interval":{"confidence_level":0.95,"lower_bound":23138511824.0,"upper_bound":23834666413.0},"point_estimate":23299842622.5,"standard_error":159539644.21595162},"median_abs_dev":{"confidence_interval":{"confidence_level":0.95,"lower_bound":28933937.75871992,"upper_bound":919341776.4128208},"point_estimate":246597058.90732706,"standard_error":232492909.6818732},"slope":null,"std_dev":{"confidence_interval":{"confidence_level":0.95,"lower_bound":237074015.4157061,"upper_bound":609822499.746187},"point_estimate":462804120.1293699,"standard_error":96700500.77187821}}