{"mean":{"confidence_interval":{"confidence_level":0.95,"lower_bound":95178776021.0,"upper_bound":95812919342.9825},"point_estimate":95488740241.5,"standard_error":162517701.92374748},"median":{"confidence_interval":{"confidence_level":0.95,"lower_bound":94914469465.0,"upper_bound":95910394750.0},"point_estimate":95427893198.5,"standard_error":234111825.56816247},"median_abs_dev":{"confidence_interval":{"confidence_level":0.95,"lower_bound":69267201.98036134,"upper_bound":912006988.1408393},"point_estimate":673319781.7115843,"standard_error":218663062.4271171},"slope":null,"std_dev":{"confidence_interval":{"confidence_level":0.95,"lower_bound":306782285.05443215,"upper_bound":671921792.6907214},"point_estimate":540161313.4477235,"standard_error":94103206.4566036}}