{"mean":{"confidence_interval":{"confidence_level":0.95,"lower_bound":15690472.737374999,"upper_bound":15715650.745},"point_estimate":15703215.36,"standard_error":6402.6520254265015},"median":{"confidence_interval":{"confidence_level":0.95,"lower_bound":15687810.5,"upper_bound":15717250.0},"point_estimate":15705752.75,"standard_error":6578.467741335292},"median_abs_dev":{"confidence_interval":{"confidence_level":0.95,"lower_bound":48674.49843585491,"upper_bound":74032.8883856535},"point_estimate":65905.27532994747,"standard_error":6597.44130023076},"slope":null,"std_dev":{"confidence_interval":{"confidence_level":0.95,"lower_bound":54972.740112561536,"upper_bound":73383.00510946562},"point_estimate":64682.06035344002,"standard_error":4725.256695904732}}