{"mean":{"confidence_interval":{"confidence_level":0.95,"lower_bound":2621564709.705,"upper_bound":2625637530.1},"point_estimate":2623786257.2,"standard_error":1049537.3102321953},"median":{"confidence_interval":{"confidence_level":0.95,"lower_bound":2620690540.0,"upper_bound":2626185052.0},"point_estimate":2625658092.5,"standard_error":1363728.380559472},"median_abs_dev":{"confidence_interval":{"confidence_level":0.95,"lower_bound":209833.85687470436,"upper_bound":5412772.352904081},"point_estimate":999052.2161632776,"standard_error":1424202.4695062786},"slope":null,"std_dev":{"confidence_interval":{"confidence_level":0.95,"lower_bound":635478.5496137568,"upper_bound":4592064.956318265},"point_estimate":3520200.1355103157,"standard_error":876520.0922713339}}