{"mean":{"confidence_interval":{"confidence_level":0.95,"lower_bound":71763845.02,"upper_bound":72300142.51},"point_estimate":72035401.47,"standard_error":139340.25793633962},"median":{"confidence_interval":{"confidence_level":0.95,"lower_bound":71674722.5,"upper_bound":72291506.0},"point_estimate":71883249.5,"standard_error":152679.4905756949},"median_abs_dev":{"confidence_interval":{"confidence_level":0.95,"lower_bound":936321.187376976,"upper_bound":1590068.419605639},"point_estimate":1310702.8849303722,"standard_error":168348.4556107817},"slope":null,"std_dev":{"confidence_interval":{"confidence_level":0.95,"lower_bound":1116183.8149267954,"upper_bound":1676031.6929548534},"point_estimate":1401180.1882241075,"standard_error":143592.52288530188}}