{"mean":{"confidence_interval":{"confidence_level":0.95,"lower_bound":4773826694.9,"upper_bound":4785498775.6825},"point_estimate":4779548316.0,"standard_error":2987861.8839969276},"median":{"confidence_interval":{"confidence_level":0.95,"lower_bound":4771188892.0,"upper_bound":4787999552.0},"point_estimate":4779916599.5,"standard_error":3669841.1549424673},"median_abs_dev":{"confidence_interval":{"confidence_level":0.95,"lower_bound":1713476.3719797134,"upper_bound":19502280.915865302},"point_estimate":9407254.729887843,"standard_error":4805369.933381865},"slope":null,"std_dev":{"confidence_interval":{"confidence_level":0.95,"lower_bound":5396840.618415,"upper_bound":12465699.90561753},"point_estimate":9955118.00994431,"standard_error":1821474.3870120344}}