{"mean":{"confidence_interval":{"confidence_level":0.95,"lower_bound":11809543455.7,"upper_bound":11858378123.14},"point_estimate":11834614948.2,"standard_error":12485310.94030861},"median":{"confidence_interval":{"confidence_level":0.95,"lower_bound":11807469941.0,"upper_bound":11871669801.0},"point_estimate":11836086262.0,"standard_error":13621365.64017606},"median_abs_dev":{"confidence_interval":{"confidence_level":0.95,"lower_bound":3745461.178904772,"upper_bound":72484400.18654466},"point_estimate":42454916.67497456,"standard_error":19879783.97518697},"slope":null,"std_dev":{"confidence_interval":{"confidence_level":0.95,"lower_bound":22214518.703680456,"upper_bound":53009797.93179487},"point_estimate":41529770.867073335,"standard_error":8075367.30673721}}