{"mean":{"confidence_interval":{"confidence_level":0.95,"lower_bound":1704597090.0575,"upper_bound":1716738420.4},"point_estimate":1710036844.0,"standard_error":3136383.406731764},"median":{"confidence_interval":{"confidence_level":0.95,"lower_bound":1702465515.0,"upper_bound":1714822675.0},"point_estimate":1707608087.5,"standard_error":3584896.9032145194},"median_abs_dev":{"confidence_interval":{"confidence_level":0.95,"lower_bound":2008612.3596400023,"upper_bound":15079067.691493034},"point_estimate":8507953.322553635,"standard_error":3206216.3069648463},"slope":null,"std_dev":{"confidence_interval":{"confidence_level":0.95,"lower_bound":4376245.99596516,"upper_bound":14605053.222866464},"point_estimate":10447074.86841974,"standard_error":3015189.3207130814}}