{"mean":{"confidence_interval":{"confidence_level":0.95,"lower_bound":1201597369.8,"upper_bound":1238415810.6025},"point_estimate":1220422918.8,"standard_error":9418929.872989902},"median":{"confidence_interval":{"confidence_level":0.95,"lower_bound":1194700931.5,"upper_bound":1244596063.0},"point_estimate":1226153056.0,"standard_error":14772480.300445894},"median_abs_dev":{"confidence_interval":{"confidence_level":0.95,"lower_bound":4856128.7101864815,"upper_bound":54095386.54101491},"point_estimate":33080066.391411424,"standard_error":12560566.000404095},"slope":null,"std_dev":{"confidence_interval":{"confidence_level":0.95,"lower_bound":18120093.690192156,"upper_bound":39491664.693164736},"point_estimate":31563679.688436314,"standard_error":5504169.640393825}}