{"mean":{"confidence_interval":{"confidence_level":0.95,"lower_bound":844288491.505,"upper_bound":849840449.3175},"point_estimate":847229417.0,"standard_error":1419689.3834902341},"median":{"confidence_interval":{"confidence_level":0.95,"lower_bound":844401829.0,"upper_bound":850798032.0},"point_estimate":847800450.5,"standard_error":1623440.9022214015},"median_abs_dev":{"confidence_interval":{"confidence_level":0.95,"lower_bound":1213822.3896503448,"upper_bound":8019589.3390238285},"point_estimate":4567233.727115393,"standard_error":1733417.635235971},"slope":null,"std_dev":{"confidence_interval":{"confidence_level":0.95,"lower_bound":2292539.7794550527,"upper_bound":6350293.471663317},"point_estimate":4729083.48231682,"standard_error":1118004.3876125964}}