{"mean":{"confidence_interval":{"confidence_level":0.95,"lower_bound":25005043.48,"upper_bound":25142459.265499998},"point_estimate":25073048.05,"standard_error":35074.08639386677},"median":{"confidence_interval":{"confidence_level":0.95,"lower_bound":25045816.5,"upper_bound":25171396.0},"point_estimate":25131815.0,"standard_error":36315.25643378846},"median_abs_dev":{"confidence_interval":{"confidence_level":0.95,"lower_bound":154492.84765720367,"upper_bound":604072.0158755779},"point_estimate":392767.4198269844,"standard_error":149558.3899046936},"slope":null,"std_dev":{"confidence_interval":{"confidence_level":0.95,"lower_bound":306973.85953612125,"upper_bound":390558.3775035737},"point_estimate":352153.5031778211,"standard_error":21345.599409475308}}