{"mean":{"confidence_interval":{"confidence_level":0.95,"lower_bound":2427285009.71,"upper_bound":2431829617.12425},"point_estimate":2429066133.18,"standard_error":1183468.8736200978},"median":{"confidence_interval":{"confidence_level":0.95,"lower_bound":2427109066.5,"upper_bound":2428321141.5},"point_estimate":2427707690.5,"standard_error":357788.7877044509},"median_abs_dev":{"confidence_interval":{"confidence_level":0.95,"lower_bound":2076760.0674301386,"upper_bound":3964797.0190107822},"point_estimate":3211575.4457831383,"standard_error":500928.856126747},"slope":null,"std_dev":{"confidence_interval":{"confidence_level":0.95,"lower_bound":3144579.5746431425,"upper_bound":19595353.178666916},"point_estimate":11952188.83227121,"standard_error":5031052.395126314}}