{"mean":{"confidence_interval":{"confidence_level":0.95,"lower_bound":704813644.74,"upper_bound":705978286.53},"point_estimate":705380173.73,"standard_error":295606.1727497883},"median":{"confidence_interval":{"confidence_level":0.95,"lower_bound":704510981.0,"upper_bound":705360791.0},"point_estimate":704928559.0,"standard_error":194633.7723432917},"median_abs_dev":{"confidence_interval":{"confidence_level":0.95,"lower_bound":1672133.3304136992,"upper_bound":3083575.1770555973},"point_estimate":2338898.56877625,"standard_error":352898.5038664048},"slope":null,"std_dev":{"confidence_interval":{"confidence_level":0.95,"lower_bound":2299671.5395482215,"upper_bound":3788494.1678818027},"point_estimate":2988906.1092761806,"standard_error":397455.3228568997}}