{"mean":{"confidence_interval":{"confidence_level":0.95,"lower_bound":665971710.69,"upper_bound":668633088.52},"point_estimate":667321018.36,"standard_error":678725.1395157112},"median":{"confidence_interval":{"confidence_level":0.95,"lower_bound":665827248.0,"upper_bound":668829384.0},"point_estimate":667208622.5,"standard_error":789194.6401482516},"median_abs_dev":{"confidence_interval":{"confidence_level":0.95,"lower_bound":5243717.352707912,"upper_bound":9345387.31558621},"point_estimate":7723374.018582702,"standard_error":1045099.5458789992},"slope":null,"std_dev":{"confidence_interval":{"confidence_level":0.95,"lower_bound":5928209.47208742,"upper_bound":7629115.405525162},"point_estimate":6818043.492368414,"standard_error":434724.00373478857}}