{"mean":{"confidence_interval":{"confidence_level":0.95,"lower_bound":81796261.98,"upper_bound":82522688.95},"point_estimate":82152964.98,"standard_error":186323.89357766477},"median":{"confidence_interval":{"confidence_level":0.95,"lower_bound":81445750.5,"upper_bound":82286883.0},"point_estimate":81933366.0,"standard_error":213742.4482506196},"median_abs_dev":{"confidence_interval":{"confidence_level":0.95,"lower_bound":1043089.1418814659,"upper_bound":1817978.9137244225},"point_estimate":1453979.8637866974,"standard_error":186414.83265912044},"slope":null,"std_dev":{"confidence_interval":{"confidence_level":0.95,"lower_bound":1384008.7023081286,"upper_bound":2472163.552670442},"point_estimate":1895994.0985633126,"standard_error":277774.0926326682}}