{"mean":{"confidence_interval":{"confidence_level":0.95,"lower_bound":665366496.5475,"upper_bound":710034554.545},"point_estimate":687586652.3,"standard_error":11453509.34670966},"median":{"confidence_interval":{"confidence_level":0.95,"lower_bound":661501783.5,"upper_bound":718181508.5},"point_estimate":685139406.5,"standard_error":17190653.28223019},"median_abs_dev":{"confidence_interval":{"confidence_level":0.95,"lower_bound":4330290.529721975,"upper_bound":62406928.72555554},"point_estimate":35194551.215171814,"standard_error":17066268.728303146},"slope":null,"std_dev":{"confidence_interval":{"confidence_level":0.95,"lower_bound":21214518.495469265,"upper_bound":48393081.62378079},"point_estimate":38240271.26606926,"standard_error":6827991.419402495}}