{"mean":{"confidence_interval":{"confidence_level":0.95,"lower_bound":409524492.7,"upper_bound":421204060.25},"point_estimate":415021302.85,"standard_error":2997020.914111409},"median":{"confidence_interval":{"confidence_level":0.95,"lower_bound":406153423.0,"upper_bound":420727874.5},"point_estimate":414567848.25,"standard_error":3242769.294318787},"median_abs_dev":{"confidence_interval":{"confidence_level":0.95,"lower_bound":1654780.239021778,"upper_bound":16437864.266319573},"point_estimate":8654582.089300454,"standard_error":3921327.2102706037},"slope":null,"std_dev":{"confidence_interval":{"confidence_level":0.95,"lower_bound":4752434.200742823,"upper_bound":13382890.23838787},"point_estimate":9940380.760443704,"standard_error":2363017.058261995}}