{"mean":{"confidence_interval":{"confidence_level":0.95,"lower_bound":410913587.3,"upper_bound":411507577.8875},"point_estimate":411222764.3,"standard_error":151505.88439073868},"median":{"confidence_interval":{"confidence_level":0.95,"lower_bound":410804649.25,"upper_bound":411741660.5},"point_estimate":411245648.75,"standard_error":205958.4254254781},"median_abs_dev":{"confidence_interval":{"confidence_level":0.95,"lower_bound":33152.047361433506,"upper_bound":916047.7446869016},"point_estimate":542814.6914631128,"standard_error":232398.25527682976},"slope":null,"std_dev":{"confidence_interval":{"confidence_level":0.95,"lower_bound":270448.5366798958,"upper_bound":633270.2249645763},"point_estimate":505699.19415450044,"standard_error":93702.29829866193}}