{"mean":{"confidence_interval":{"confidence_level":0.95,"lower_bound":374847890.4,"upper_bound":385099422.9},"point_estimate":379787113.35,"standard_error":2625259.3071989026},"median":{"confidence_interval":{"confidence_level":0.95,"lower_bound":372019667.75,"upper_bound":386186053.0},"point_estimate":378830259.5,"standard_error":4294401.24038001},"median_abs_dev":{"confidence_interval":{"confidence_level":0.95,"lower_bound":1486811.298903823,"upper_bound":14764594.52302605},"point_estimate":10006130.974155664,"standard_error":3528043.101078845},"slope":null,"std_dev":{"confidence_interval":{"confidence_level":0.95,"lower_bound":5045959.695666262,"upper_bound":10888960.215065807},"point_estimate":8792514.045821924,"standard_error":1509995.4144730123}}