{"mean":{"confidence_interval":{"confidence_level":0.95,"lower_bound":57308077.57,"upper_bound":57781681.18},"point_estimate":57545348.44,"standard_error":120023.08417681379},"median":{"confidence_interval":{"confidence_level":0.95,"lower_bound":57284508.0,"upper_bound":57908908.0},"point_estimate":57501411.5,"standard_error":159092.5190643274},"median_abs_dev":{"confidence_interval":{"confidence_level":0.95,"lower_bound":826698.486623168,"upper_bound":1271863.5470049076},"point_estimate":1073682.5923383236,"standard_error":117746.67594156232},"slope":null,"std_dev":{"confidence_interval":{"confidence_level":0.95,"lower_bound":961890.2257264291,"upper_bound":1368616.4695006611},"point_estimate":1175423.3560996102,"standard_error":103073.01223001693}}