{"mean":{"confidence_interval":{"confidence_level":0.95,"lower_bound":373878468.25125,"upper_bound":383817993.1},"point_estimate":379259909.4,"standard_error":2550659.8862710726},"median":{"confidence_interval":{"confidence_level":0.95,"lower_bound":376358423.5,"upper_bound":385089164.5},"point_estimate":378881308.75,"standard_error":2116686.4632899337},"median_abs_dev":{"confidence_interval":{"confidence_level":0.95,"lower_bound":589293.0886879563,"upper_bound":12571212.400366366},"point_estimate":6110706.290513277,"standard_error":3028390.298005469},"slope":null,"std_dev":{"confidence_interval":{"confidence_level":0.95,"lower_bound":3216903.858167635,"upper_bound":11970601.915543593},"point_estimate":8509847.22245414,"standard_error":2422953.1694440106}}