{"mean":{"confidence_interval":{"confidence_level":0.95,"lower_bound":118992933.59,"upper_bound":119492882.284},"point_estimate":119244132.2,"standard_error":129127.92317562095},"median":{"confidence_interval":{"confidence_level":0.95,"lower_bound":118687191.0125,"upper_bound":119359741.0},"point_estimate":118905290.0,"standard_error":191081.19831064483},"median_abs_dev":{"confidence_interval":{"confidence_level":0.95,"lower_bound":770671.0336178541,"upper_bound":1368264.8289084435},"point_estimate":980435.2082937956,"standard_error":156744.45833648954},"slope":null,"std_dev":{"confidence_interval":{"confidence_level":0.95,"lower_bound":957504.1464465504,"upper_bound":1640919.926277329},"point_estimate":1283083.8949605797,"standard_error":177238.95126137586}}