{"mean":{"confidence_interval":{"confidence_level":0.95,"lower_bound":133872870.23,"upper_bound":134390002.92},"point_estimate":134127190.25,"standard_error":130987.42453328276},"median":{"confidence_interval":{"confidence_level":0.95,"lower_bound":133879818.0,"upper_bound":134444517.0},"point_estimate":134187305.0,"standard_error":146024.13210838358},"median_abs_dev":{"confidence_interval":{"confidence_level":0.95,"lower_bound":776414.625915885,"upper_bound":1351762.008601427},"point_estimate":1018469.0867185593,"standard_error":144458.8618811283},"slope":null,"std_dev":{"confidence_interval":{"confidence_level":0.95,"lower_bound":1066072.1865128258,"upper_bound":1579742.013035374},"point_estimate":1321691.1466066386,"standard_error":131313.791691766}}