{"mean":{"confidence_interval":{"confidence_level":0.95,"lower_bound":5311961519.818749,"upper_bound":5324659250.42},"point_estimate":5318307800.26,"standard_error":3242692.6920219287},"median":{"confidence_interval":{"confidence_level":0.95,"lower_bound":5288773247.0,"upper_bound":5343403552.0},"point_estimate":5341559209.0,"standard_error":15623675.737422338},"median_abs_dev":{"confidence_interval":{"confidence_level":0.95,"lower_bound":7611815.042263269,"upper_bound":48200198.39567542},"point_estimate":13146248.807707429,"standard_error":11506019.1733665},"slope":null,"std_dev":{"confidence_interval":{"confidence_level":0.95,"lower_bound":30643106.63468201,"upper_bound":34019497.19058537},"point_estimate":32512407.220361173,"standard_error":851987.6642788103}}