{"mean":{"confidence_interval":{"confidence_level":0.95,"lower_bound":26308711138.3,"upper_bound":26402264110.4},"point_estimate":26356860391.9,"standard_error":23953636.75766182},"median":{"confidence_interval":{"confidence_level":0.95,"lower_bound":26296996053.0,"upper_bound":26425439061.0},"point_estimate":26370449768.5,"standard_error":34835865.628652155},"median_abs_dev":{"confidence_interval":{"confidence_level":0.95,"lower_bound":22429558.92109573,"upper_bound":130478594.70434189},"point_estimate":95214800.13999939,"standard_error":28185458.930421315},"slope":null,"std_dev":{"confidence_interval":{"confidence_level":0.95,"lower_bound":45300138.338499986,"upper_bound":99651859.94385983},"point_estimate":79823149.21770091,"standard_error":14047359.59198187}}