{"mean":{"confidence_interval":{"confidence_level":0.95,"lower_bound":1842918398.4925,"upper_bound":1970770211.2},"point_estimate":1908914249.8,"standard_error":32760201.047223914},"median":{"confidence_interval":{"confidence_level":0.95,"lower_bound":1816424327.0,"upper_bound":1994754093.5},"point_estimate":1924040398.0,"standard_error":37466716.853420176},"median_abs_dev":{"confidence_interval":{"confidence_level":0.95,"lower_bound":13031053.013652563,"upper_bound":190951201.9310385},"point_estimate":110127455.62134683,"standard_error":54206405.55349987},"slope":null,"std_dev":{"confidence_interval":{"confidence_level":0.95,"lower_bound":57826523.42914324,"upper_bound":138896400.17602554},"point_estimate":109004777.88003589,"standard_error":20853671.40477593}}