{"mean":{"confidence_interval":{"confidence_level":0.95,"lower_bound":880042976.38,"upper_bound":880881244.34},"point_estimate":880452822.56,"standard_error":215433.31381948653},"median":{"confidence_interval":{"confidence_level":0.95,"lower_bound":879723610.0,"upper_bound":880645649.0},"point_estimate":880183265.5,"standard_error":227567.38202096114},"median_abs_dev":{"confidence_interval":{"confidence_level":0.95,"lower_bound":1586179.596939683,"upper_bound":2537048.79655838},"point_estimate":2034357.708182931,"standard_error":245900.1656042894},"slope":null,"std_dev":{"confidence_interval":{"confidence_level":0.95,"lower_bound":1866497.0675189218,"upper_bound":2558979.9101119842},"point_estimate":2219589.9760965463,"standard_error":177369.88432995536}}