{"mean":{"confidence_interval":{"confidence_level":0.95,"lower_bound":229036915.8525,"upper_bound":235032348.77125},"point_estimate":232023956.65,"standard_error":1535910.7886687252},"median":{"confidence_interval":{"confidence_level":0.95,"lower_bound":228476189.25,"upper_bound":236423341.5},"point_estimate":231578516.25,"standard_error":2140643.0929538645},"median_abs_dev":{"confidence_interval":{"confidence_level":0.95,"lower_bound":1488982.1959152818,"upper_bound":8964211.603653431},"point_estimate":5384787.907750905,"standard_error":1998882.5661770038},"slope":null,"std_dev":{"confidence_interval":{"confidence_level":0.95,"lower_bound":2936881.559450557,"upper_bound":6429091.985172639},"point_estimate":5132036.758075578,"standard_error":886469.3929192007}}