{"mean":{"confidence_interval":{"confidence_level":0.95,"lower_bound":204803720.13333336,"upper_bound":207637609.43333334},"point_estimate":206196865.26666668,"standard_error":727900.2501250582},"median":{"confidence_interval":{"confidence_level":0.95,"lower_bound":204092421.8333333,"upper_bound":208582862.33333334},"point_estimate":205968237.66666666,"standard_error":1297777.0537829353},"median_abs_dev":{"confidence_interval":{"confidence_level":0.95,"lower_bound":438259.76451934123,"upper_bound":3876442.4619794185},"point_estimate":2784214.5207703114,"standard_error":987974.0281224407},"slope":null,"std_dev":{"confidence_interval":{"confidence_level":0.95,"lower_bound":1513239.536813062,"upper_bound":2841154.6361186844},"point_estimate":2414391.0347569273,"standard_error":336776.6782870638}}