{"mean":{"confidence_interval":{"confidence_level":0.95,"lower_bound":9978670088.0,"upper_bound":10049119406.609999},"point_estimate":10013742544.2,"standard_error":18049653.688731693},"median":{"confidence_interval":{"confidence_level":0.95,"lower_bound":9951222743.5,"upper_bound":10067000639.0},"point_estimate":10020719877.0,"standard_error":34211571.17792728},"median_abs_dev":{"confidence_interval":{"confidence_level":0.95,"lower_bound":7005391.622829437,"upper_bound":97180492.71300137},"point_estimate":92041632.92913437,"standard_error":26112789.728933312},"slope":null,"std_dev":{"confidence_interval":{"confidence_level":0.95,"lower_bound":39570541.62466161,"upper_bound":70104429.17167598},"point_estimate":60042720.74940616,"standard_error":7895492.647402003}}