{"mean":{"confidence_interval":{"confidence_level":0.95,"lower_bound":15135466529.220001,"upper_bound":15185508467.3},"point_estimate":15158716260.7,"standard_error":12924258.530296141},"median":{"confidence_interval":{"confidence_level":0.95,"lower_bound":15133210195.0,"upper_bound":15185353531.0},"point_estimate":15148271312.5,"standard_error":11371024.100435298},"median_abs_dev":{"confidence_interval":{"confidence_level":0.95,"lower_bound":529053.1985074282,"upper_bound":69849811.87901795},"point_estimate":23063377.822843194,"standard_error":17521951.897794526},"slope":null,"std_dev":{"confidence_interval":{"confidence_level":0.95,"lower_bound":14696684.857741782,"upper_bound":56205823.394289635},"point_estimate":43141111.44556281,"standard_error":10475072.023806047}}