{"mean":{"confidence_interval":{"confidence_level":0.95,"lower_bound":856325013.9,"upper_bound":869056122.2825},"point_estimate":861546920.9,"standard_error":3359628.631937605},"median":{"confidence_interval":{"confidence_level":0.95,"lower_bound":855594248.5,"upper_bound":865283845.0},"point_estimate":857797607.5,"standard_error":2064661.253825807},"median_abs_dev":{"confidence_interval":{"confidence_level":0.95,"lower_bound":276857.0125848055,"upper_bound":10972785.415694118},"point_estimate":2422602.456790209,"standard_error":2629487.0239768573},"slope":null,"std_dev":{"confidence_interval":{"confidence_level":0.95,"lower_bound":1439957.660984006,"upper_bound":16057545.506596392},"point_estimate":11113749.30321315,"standard_error":4214110.702074776}}