{"mean":{"confidence_interval":{"confidence_level":0.95,"lower_bound":79276458.05,"upper_bound":79815608.87},"point_estimate":79540554.36,"standard_error":139220.22444413547},"median":{"confidence_interval":{"confidence_level":0.95,"lower_bound":79136931.0,"upper_bound":79806755.0},"point_estimate":79440074.0,"standard_error":149377.95881888102},"median_abs_dev":{"confidence_interval":{"confidence_level":0.95,"lower_bound":1095261.8349552155,"upper_bound":1862492.4953341484},"point_estimate":1465693.144878745,"standard_error":191407.32575770302},"slope":null,"std_dev":{"confidence_interval":{"confidence_level":0.95,"lower_bound":1201463.8644088793,"upper_bound":1563639.2631583877},"point_estimate":1385487.6899525197,"standard_error":91110.50021332804}}