{"mean":{"confidence_interval":{"confidence_level":0.95,"lower_bound":44350596.115,"upper_bound":44519062.34},"point_estimate":44432025.93,"standard_error":42908.48489182487},"median":{"confidence_interval":{"confidence_level":0.95,"lower_bound":44245976.0,"upper_bound":44584513.0},"point_estimate":44426529.5,"standard_error":88559.92368076867},"median_abs_dev":{"confidence_interval":{"confidence_level":0.95,"lower_bound":361259.55730386096,"upper_bound":631839.6307826042},"point_estimate":519853.6656707525,"standard_error":64671.730509347675},"slope":null,"std_dev":{"confidence_interval":{"confidence_level":0.95,"lower_bound":363864.53577067656,"upper_bound":504421.96172660124},"point_estimate":430548.7731437884,"standard_error":36515.006042382076}}