{"mean":{"confidence_interval":{"confidence_level":0.95,"lower_bound":4104160000.6,"upper_bound":4120907347.12},"point_estimate":4112439961.6,"standard_error":4300507.68936751},"median":{"confidence_interval":{"confidence_level":0.95,"lower_bound":4099199453.0,"upper_bound":4124171629.0},"point_estimate":4111713622.0,"standard_error":8113288.462810485},"median_abs_dev":{"confidence_interval":{"confidence_level":0.95,"lower_bound":2682213.125181198,"upper_bound":22677047.110801935},"point_estimate":18511873.740148544,"standard_error":5716428.541104453},"slope":null,"std_dev":{"confidence_interval":{"confidence_level":0.95,"lower_bound":9350369.915536152,"upper_bound":17259704.557215728},"point_estimate":14344502.0851631,"standard_error":2041935.1145592432}}