{"mean":{"confidence_interval":{"confidence_level":0.95,"lower_bound":1277842907.73,"upper_bound":1310164459.7},"point_estimate":1294838971.2,"standard_error":8275545.082142421},"median":{"confidence_interval":{"confidence_level":0.95,"lower_bound":1273545014.0,"upper_bound":1314675804.0},"point_estimate":1298814953.0,"standard_error":8907726.473125216},"median_abs_dev":{"confidence_interval":{"confidence_level":0.95,"lower_bound":3100856.362348795,"upper_bound":48787098.93865585},"point_estimate":22909260.814279318,"standard_error":11861253.362439197},"slope":null,"std_dev":{"confidence_interval":{"confidence_level":0.95,"lower_bound":12484071.916827004,"upper_bound":34727904.52877891},"point_estimate":27541915.180937238,"standard_error":5631964.42556603}}