{"mean":{"confidence_interval":{"confidence_level":0.95,"lower_bound":79227056.43,"upper_bound":79691594.38},"point_estimate":79457798.43,"standard_error":116673.81729453779},"median":{"confidence_interval":{"confidence_level":0.95,"lower_bound":79095508.5,"upper_bound":79684168.5},"point_estimate":79409326.0,"standard_error":175403.15947271153},"median_abs_dev":{"confidence_interval":{"confidence_level":0.95,"lower_bound":944362.8096342087,"upper_bound":1554128.7507086992},"point_estimate":1243483.2847237587,"standard_error":156600.6705607435},"slope":null,"std_dev":{"confidence_interval":{"confidence_level":0.95,"lower_bound":1028609.2389168204,"upper_bound":1325417.7726483846},"point_estimate":1192673.07045819,"standard_error":75336.36140253318}}