{"mean":{"confidence_interval":{"confidence_level":0.95,"lower_bound":279710863.2775,"upper_bound":284438150.55625},"point_estimate":281994522.5,"standard_error":1209062.731410958},"median":{"confidence_interval":{"confidence_level":0.95,"lower_bound":279417285.0,"upper_bound":285328020.0},"point_estimate":281449626.25,"standard_error":1306961.8945028328},"median_abs_dev":{"confidence_interval":{"confidence_level":0.95,"lower_bound":925963.373310864,"upper_bound":6810831.51088357},"point_estimate":2803318.562731147,"standard_error":1650615.1874234604},"slope":null,"std_dev":{"confidence_interval":{"confidence_level":0.95,"lower_bound":1851297.376410693,"upper_bound":5206794.625834876},"point_estimate":4035478.4914112864,"standard_error":833371.1025319526}}