{"mean":{"confidence_interval":{"confidence_level":0.95,"lower_bound":7256814117.7,"upper_bound":7353770432.599999},"point_estimate":7307103220.1,"standard_error":24844235.495174505},"median":{"confidence_interval":{"confidence_level":0.95,"lower_bound":7255042638.0,"upper_bound":7382942665.0},"point_estimate":7309264513.0,"standard_error":30922352.392160755},"median_abs_dev":{"confidence_interval":{"confidence_level":0.95,"lower_bound":18709729.6718359,"upper_bound":148522331.57240152},"point_estimate":85415483.70787203,"standard_error":32468926.34158599},"slope":null,"std_dev":{"confidence_interval":{"confidence_level":0.95,"lower_bound":43942916.8018416,"upper_bound":108378270.15119027},"point_estimate":82408447.25147966,"standard_error":17479390.77912653}}