{"mean":{"confidence_interval":{"confidence_level":0.95,"lower_bound":98200548.12,"upper_bound":98296330.81424999},"point_estimate":98242097.95,"standard_error":24553.67616249768},"median":{"confidence_interval":{"confidence_level":0.95,"lower_bound":98178909.0,"upper_bound":98236843.0},"point_estimate":98207938.0,"standard_error":16345.275625323895},"median_abs_dev":{"confidence_interval":{"confidence_level":0.95,"lower_bound":89577.20780968666,"upper_bound":172730.309933424},"point_estimate":126879.42314743996,"standard_error":21415.746709212046},"slope":null,"std_dev":{"confidence_interval":{"confidence_level":0.95,"lower_bound":123249.36979268557,"upper_bound":377012.1195345354},"point_estimate":246461.91969672195,"standard_error":78677.71709723168}}