{"mean":{"confidence_interval":{"confidence_level":0.95,"lower_bound":134918072.78,"upper_bound":135529231.42},"point_estimate":135224510.86,"standard_error":156024.57041084018},"median":{"confidence_interval":{"confidence_level":0.95,"lower_bound":134847967.5,"upper_bound":135635885.0},"point_estimate":135109745.0,"standard_error":157585.7453192111},"median_abs_dev":{"confidence_interval":{"confidence_level":0.95,"lower_bound":1227328.8754105568,"upper_bound":2108553.682565689},"point_estimate":1664306.6851526499,"standard_error":232480.67566958573},"slope":null,"std_dev":{"confidence_interval":{"confidence_level":0.95,"lower_bound":1325566.2747048824,"upper_bound":1769358.3963873212},"point_estimate":1556825.9587465294,"standard_error":114084.64360971186}}