{"mean":{"confidence_interval":{"confidence_level":0.95,"lower_bound":7042289991.4525,"upper_bound":7131821050.8075},"point_estimate":7086818677.8,"standard_error":22951148.721743602},"median":{"confidence_interval":{"confidence_level":0.95,"lower_bound":7005467575.0,"upper_bound":7154678478.0},"point_estimate":7081991898.5,"standard_error":36044964.46958352},"median_abs_dev":{"confidence_interval":{"confidence_level":0.95,"lower_bound":18715334.64103639,"upper_bound":133290039.39752877},"point_estimate":105243550.40065348,"standard_error":29345905.792269975},"slope":null,"std_dev":{"confidence_interval":{"confidence_level":0.95,"lower_bound":46934978.62675639,"upper_bound":91937294.82603462},"point_estimate":76485563.20436679,"standard_error":11472108.605855545}}