{"mean":{"confidence_interval":{"confidence_level":0.95,"lower_bound":481258490.70875,"upper_bound":484637007.8},"point_estimate":482958383.1,"standard_error":868712.9462399138},"median":{"confidence_interval":{"confidence_level":0.95,"lower_bound":480317583.5,"upper_bound":485620733.0},"point_estimate":483443557.25,"standard_error":1307725.2036840932},"median_abs_dev":{"confidence_interval":{"confidence_level":0.95,"lower_bound":656115.7227516174,"upper_bound":5017019.347380102},"point_estimate":3516295.7009732723,"standard_error":1083093.002673523},"slope":null,"std_dev":{"confidence_interval":{"confidence_level":0.95,"lower_bound":1748860.5856581118,"upper_bound":3504325.924581829},"point_estimate":2898983.195337364,"standard_error":446575.5716888255}}