{"mean":{"confidence_interval":{"confidence_level":0.95,"lower_bound":633467159.12,"upper_bound":678849752.0725},"point_estimate":655621223.4,"standard_error":11601293.81713779},"median":{"confidence_interval":{"confidence_level":0.95,"lower_bound":623521024.0,"upper_bound":687301018.5},"point_estimate":656903814.0,"standard_error":14453237.68489648},"median_abs_dev":{"confidence_interval":{"confidence_level":0.95,"lower_bound":3665000.478333235,"upper_bound":74408961.72977686},"point_estimate":38477321.111691,"standard_error":17957082.39455364},"slope":null,"std_dev":{"confidence_interval":{"confidence_level":0.95,"lower_bound":21314570.09350574,"upper_bound":48234085.9099661},"point_estimate":38711762.46708849,"standard_error":6907754.625160171}}