{"mean":{"confidence_interval":{"confidence_level":0.95,"lower_bound":-0.03976387811326546,"upper_bound":0.04743992764426663},"point_estimate":0.0051571550202167415,"standard_error":0.022198100495571617},"median":{"confidence_interval":{"confidence_level":0.95,"lower_bound":-0.05406870564301125,"upper_bound":0.06009674594053638},"point_estimate":0.006916263626453478,"standard_error":0.027892425329277253}}