{"mean":{"confidence_interval":{"confidence_level":0.95,"lower_bound":22370630982.5625,"upper_bound":22438391429.0},"point_estimate":22404556366.6,"standard_error":17331585.98233881},"median":{"confidence_interval":{"confidence_level":0.95,"lower_bound":22370319974.5,"upper_bound":22450467524.5},"point_estimate":22399886015.0,"standard_error":19693976.266534682},"median_abs_dev":{"confidence_interval":{"confidence_level":0.95,"lower_bound":15490012.528297305,"upper_bound":99459757.40433633},"point_estimate":46395428.70641649,"standard_error":22541352.000896703},"slope":null,"std_dev":{"confidence_interval":{"confidence_level":0.95,"lower_bound":28696033.43382472,"upper_bound":75551964.95002538},"point_estimate":57629134.200773865,"standard_error":11851187.548456304}}