{"mean":{"confidence_interval":{"confidence_level":0.95,"lower_bound":1351074963.6100001,"upper_bound":1392713341.9},"point_estimate":1371373803.9,"standard_error":10629046.003358359},"median":{"confidence_interval":{"confidence_level":0.95,"lower_bound":1339235719.0,"upper_bound":1393208495.0},"point_estimate":1373284451.5,"standard_error":11419677.125530468},"median_abs_dev":{"confidence_interval":{"confidence_level":0.95,"lower_bound":1398365.314874053,"upper_bound":64933107.840406895},"point_estimate":30999939.33944106,"standard_error":16334707.469483413},"slope":null,"std_dev":{"confidence_interval":{"confidence_level":0.95,"lower_bound":18272829.872059625,"upper_bound":47078581.19154989},"point_estimate":35451829.45570949,"standard_error":7679562.407228557}}