{"mean":{"confidence_interval":{"confidence_level":0.95,"lower_bound":3104765788.79,"upper_bound":3113435888.2},"point_estimate":3109197531.6,"standard_error":2230442.604914525},"median":{"confidence_interval":{"confidence_level":0.95,"lower_bound":3104577587.0,"upper_bound":3116276707.5},"point_estimate":3107574906.0,"standard_error":3262773.9310585647},"median_abs_dev":{"confidence_interval":{"confidence_level":0.95,"lower_bound":1030584.8937034607,"upper_bound":14024873.875808716},"point_estimate":8376631.288585067,"standard_error":3319057.9001747686},"slope":null,"std_dev":{"confidence_interval":{"confidence_level":0.95,"lower_bound":4340098.831789877,"upper_bound":9540449.041576264},"point_estimate":7447108.225224939,"standard_error":1390213.401465686}}