{"mean":{"confidence_interval":{"confidence_level":0.95,"lower_bound":424564668.99,"upper_bound":436314402.5625},"point_estimate":430149111.7,"standard_error":2988818.0099358964},"median":{"confidence_interval":{"confidence_level":0.95,"lower_bound":421178922.0,"upper_bound":435852217.0},"point_estimate":429911179.5,"standard_error":3734406.3797281557},"median_abs_dev":{"confidence_interval":{"confidence_level":0.95,"lower_bound":1857642.169520259,"upper_bound":17448880.693620443},"point_estimate":9061416.047027707,"standard_error":3725136.490507823},"slope":null,"std_dev":{"confidence_interval":{"confidence_level":0.95,"lower_bound":5000173.932134667,"upper_bound":13388006.85297503},"point_estimate":9946373.192804545,"standard_error":2318983.558726236}}