{"mean":{"confidence_interval":{"confidence_level":0.95,"lower_bound":614262519.0,"upper_bound":650080709.3},"point_estimate":631816364.6,"standard_error":9200272.383678082},"median":{"confidence_interval":{"confidence_level":0.95,"lower_bound":606826090.0,"upper_bound":662759599.0},"point_estimate":627171264.5,"standard_error":14009356.669056915},"median_abs_dev":{"confidence_interval":{"confidence_level":0.95,"lower_bound":8676545.695960522,"upper_bound":52763263.792964816},"point_estimate":36248435.90876162,"standard_error":11969901.953255191},"slope":null,"std_dev":{"confidence_interval":{"confidence_level":0.95,"lower_bound":18096807.367572848,"upper_bound":36875367.50921128},"point_estimate":30700155.033062305,"standard_error":4694782.64640371}}