{"mean":{"confidence_interval":{"confidence_level":0.95,"lower_bound":-0.012722265438289564,"upper_bound":0.059129399812940846},"point_estimate":0.02174569357323697,"standard_error":0.017843551225733216},"median":{"confidence_interval":{"confidence_level":0.95,"lower_bound":-0.020191234171948125,"upper_bound":0.049316596694204407},"point_estimate":0.019279528129900747,"standard_error":0.01548384061349511}}