{"mean":{"confidence_interval":{"confidence_level":0.95,"lower_bound":578845973.7525,"upper_bound":605669330.1},"point_estimate":591838311.4,"standard_error":6893248.025520677},"median":{"confidence_interval":{"confidence_level":0.95,"lower_bound":570638363.0,"upper_bound":617220649.0},"point_estimate":589190953.5,"standard_error":10567985.732076198},"median_abs_dev":{"confidence_interval":{"confidence_level":0.95,"lower_bound":3263434.568962455,"upper_bound":38085476.61034763},"point_estimate":28687008.50920379,"standard_error":9632861.293321164},"slope":null,"std_dev":{"confidence_interval":{"confidence_level":0.95,"lower_bound":11787580.469547216,"upper_bound":27388977.52088691},"point_estimate":23053937.14374392,"standard_error":3634487.3793926165}}