{"mean":{"confidence_interval":{"confidence_level":0.95,"lower_bound":800028101.6,"upper_bound":801436762.8225},"point_estimate":800784905.9,"standard_error":361165.0473584348},"median":{"confidence_interval":{"confidence_level":0.95,"lower_bound":799897731.5,"upper_bound":801847168.0},"point_estimate":801043022.0,"standard_error":427931.6708220423},"median_abs_dev":{"confidence_interval":{"confidence_level":0.95,"lower_bound":160272.0223546028,"upper_bound":1942730.8059096336},"point_estimate":1026506.2611758709,"standard_error":460476.6578899866},"slope":null,"std_dev":{"confidence_interval":{"confidence_level":0.95,"lower_bound":511722.0306893205,"upper_bound":1567326.0979489302},"point_estimate":1203300.6336428197,"standard_error":278167.85015290277}}