{"mean":{"confidence_interval":{"confidence_level":0.95,"lower_bound":478615732.875,"upper_bound":482292138.8175},"point_estimate":480318515.75,"standard_error":944478.3564007389},"median":{"confidence_interval":{"confidence_level":0.95,"lower_bound":478226375.75,"upper_bound":482486491.5},"point_estimate":479709108.5,"standard_error":812875.4889950047},"median_abs_dev":{"confidence_interval":{"confidence_level":0.95,"lower_bound":364186.5988343954,"upper_bound":5192069.555622339},"point_estimate":1371198.1529563665,"standard_error":1303516.0217790036},"slope":null,"std_dev":{"confidence_interval":{"confidence_level":0.95,"lower_bound":1194780.5949710738,"upper_bound":4137993.809411379},"point_estimate":3149002.4004675606,"standard_error":775405.8983893043}}