{"mean":{"confidence_interval":{"confidence_level":0.95,"lower_bound":937185978.4,"upper_bound":968756819.9675001},"point_estimate":953423243.6,"standard_error":8087045.7817930635},"median":{"confidence_interval":{"confidence_level":0.95,"lower_bound":928539672.0,"upper_bound":978848445.5},"point_estimate":956935363.5,"standard_error":14659803.709767377},"median_abs_dev":{"confidence_interval":{"confidence_level":0.95,"lower_bound":4031542.1872258186,"upper_bound":45229221.497520804},"point_estimate":34614560.32936871,"standard_error":10929718.408613192},"slope":null,"std_dev":{"confidence_interval":{"confidence_level":0.95,"lower_bound":16812285.229408827,"upper_bound":32402223.43988533},"point_estimate":27014829.178471096,"standard_error":4007805.2768895593}}