{"mean":{"confidence_interval":{"confidence_level":0.95,"lower_bound":383251205.78625,"upper_bound":391166818.0025},"point_estimate":387435398.25,"standard_error":2031195.5805556767},"median":{"confidence_interval":{"confidence_level":0.95,"lower_bound":382798765.25,"upper_bound":392937558.0},"point_estimate":388601696.5,"standard_error":2720622.9630112415},"median_abs_dev":{"confidence_interval":{"confidence_level":0.95,"lower_bound":1584561.3390684128,"upper_bound":11663419.03103292},"point_estimate":6562112.76319921,"standard_error":2586605.2809984633},"slope":null,"std_dev":{"confidence_interval":{"confidence_level":0.95,"lower_bound":3358086.4531576796,"upper_bound":8670031.832063895},"point_estimate":6801762.213145369,"standard_error":1381256.8156519854}}