{"mean":{"confidence_interval":{"confidence_level":0.95,"lower_bound":588634067.7,"upper_bound":621784957.7},"point_estimate":605500105.5,"standard_error":8486667.019962136},"median":{"confidence_interval":{"confidence_level":0.95,"lower_bound":585017926.0,"upper_bound":626749132.5},"point_estimate":607369164.0,"standard_error":12474903.85436713},"median_abs_dev":{"confidence_interval":{"confidence_level":0.95,"lower_bound":4949525.836828351,"upper_bound":47594735.70102453},"point_estimate":28560735.469445586,"standard_error":10962205.370379278},"slope":null,"std_dev":{"confidence_interval":{"confidence_level":0.95,"lower_bound":15870077.711707339,"upper_bound":36526023.00995359},"point_estimate":28224859.312773854,"standard_error":5377015.282075328}}