{"mean":{"confidence_interval":{"confidence_level":0.95,"lower_bound":119783334.89,"upper_bound":120128045.24},"point_estimate":119957331.31,"standard_error":87778.34320127348},"median":{"confidence_interval":{"confidence_level":0.95,"lower_bound":119650473.5,"upper_bound":120060909.0},"point_estimate":119860216.5,"standard_error":105314.8957928376},"median_abs_dev":{"confidence_interval":{"confidence_level":0.95,"lower_bound":538282.3833435774,"upper_bound":882049.8740404844},"point_estimate":661937.8928482533,"standard_error":88525.04632073145},"slope":null,"std_dev":{"confidence_interval":{"confidence_level":0.95,"lower_bound":700293.173617365,"upper_bound":1049972.3481667868},"point_estimate":869985.5564143057,"standard_error":89836.18501230105}}