{"mean":{"confidence_interval":{"confidence_level":0.95,"lower_bound":-0.024959382476264703,"upper_bound":0.05966650620086427},"point_estimate":0.014764302975002419,"standard_error":0.02158530981426328},"median":{"confidence_interval":{"confidence_level":0.95,"lower_bound":-0.0297190478822984,"upper_bound":0.07027215779968121},"point_estimate":0.0130791667229333,"standard_error":0.024220720337780083}}