{"mean":{"confidence_interval":{"confidence_level":0.95,"lower_bound":269873975.71625,"upper_bound":270964327.8275},"point_estimate":270409847.3,"standard_error":279043.87148940214},"median":{"confidence_interval":{"confidence_level":0.95,"lower_bound":269614778.75,"upper_bound":271056113.75},"point_estimate":270497739.0,"standard_error":338943.0456261284},"median_abs_dev":{"confidence_interval":{"confidence_level":0.95,"lower_bound":64026.8211632967,"upper_bound":1643529.1584715247},"point_estimate":844431.1236083508,"standard_error":395170.22196923697},"slope":null,"std_dev":{"confidence_interval":{"confidence_level":0.95,"lower_bound":505677.1139277732,"upper_bound":1204082.8652878597},"point_estimate":936131.1297237987,"standard_error":182083.43947177698}}