{"mean":{"confidence_interval":{"confidence_level":0.95,"lower_bound":89939955.85,"upper_bound":90474235.38},"point_estimate":90209526.0,"standard_error":139049.14252665732},"median":{"confidence_interval":{"confidence_level":0.95,"lower_bound":90007416.0,"upper_bound":90529249.0},"point_estimate":90283790.0,"standard_error":131796.0398465297},"median_abs_dev":{"confidence_interval":{"confidence_level":0.95,"lower_bound":1056864.7195369026,"upper_bound":1534614.7698551416},"point_estimate":1277170.9213256836,"standard_error":123446.07059825693},"slope":null,"std_dev":{"confidence_interval":{"confidence_level":0.95,"lower_bound":1173213.095756828,"upper_bound":1711621.6009087919},"point_estimate":1450572.5916640467,"standard_error":138049.5811716318}}