{"mean":{"confidence_interval":{"confidence_level":0.95,"lower_bound":350016194.56374997,"upper_bound":351776560.28625},"point_estimate":350877781.55,"standard_error":453950.90124089713},"median":{"confidence_interval":{"confidence_level":0.95,"lower_bound":349678471.0,"upper_bound":352278129.5},"point_estimate":350430549.0,"standard_error":677953.5078598032},"median_abs_dev":{"confidence_interval":{"confidence_level":0.95,"lower_bound":192551.9302815199,"upper_bound":2532282.9789429903},"point_estimate":1729662.286542356,"standard_error":588794.9559396921},"slope":null,"std_dev":{"confidence_interval":{"confidence_level":0.95,"lower_bound":872662.7373439932,"upper_bound":1833203.001593602},"point_estimate":1512237.970298169,"standard_error":241117.15974580531}}