{"mean":{"confidence_interval":{"confidence_level":0.95,"lower_bound":32625184166.6,"upper_bound":32860986577.965},"point_estimate":32751995994.9,"standard_error":60739049.84581851},"median":{"confidence_interval":{"confidence_level":0.95,"lower_bound":32633072080.5,"upper_bound":32898700922.0},"point_estimate":32778202755.0,"standard_error":65708481.4044907},"median_abs_dev":{"confidence_interval":{"confidence_level":0.95,"lower_bound":18843480.94586134,"upper_bound":318919322.7020502},"point_estimate":135562017.8512931,"standard_error":74331170.0202626},"slope":null,"std_dev":{"confidence_interval":{"confidence_level":0.95,"lower_bound":90054932.5967626,"upper_bound":273112789.1766881},"point_estimate":202004836.8091913,"standard_error":50534995.27318228}}