{"mean":{"confidence_interval":{"confidence_level":0.95,"lower_bound":-0.0043721334213978735,"upper_bound":0.0031813220416011694},"point_estimate":-0.0007571420861234301,"standard_error":0.0019167923348776459},"median":{"confidence_interval":{"confidence_level":0.95,"lower_bound":-0.0039091593598820085,"upper_bound":0.004591220239881899},"point_estimate":-0.0003976348609113778,"standard_error":0.001912682196114731}}