{"mean":{"confidence_interval":{"confidence_level":0.95,"lower_bound":147350083.46,"upper_bound":147628193.36975},"point_estimate":147489042.11,"standard_error":71047.49607105638},"median":{"confidence_interval":{"confidence_level":0.95,"lower_bound":147085197.0,"upper_bound":147729102.0},"point_estimate":147441700.0,"standard_error":168659.73488641347},"median_abs_dev":{"confidence_interval":{"confidence_level":0.95,"lower_bound":607393.7811166048,"upper_bound":964252.6295810938},"point_estimate":832641.4886176586,"standard_error":84948.79354607519},"slope":null,"std_dev":{"confidence_interval":{"confidence_level":0.95,"lower_bound":612872.9615894966,"upper_bound":808114.0177767333},"point_estimate":713303.4611344473,"standard_error":49969.44553746898}}