{"mean":{"confidence_interval":{"confidence_level":0.95,"lower_bound":5425702443.7775,"upper_bound":5528166825.262501},"point_estimate":5476720673.6,"standard_error":26262221.94017803},"median":{"confidence_interval":{"confidence_level":0.95,"lower_bound":5407155790.0,"upper_bound":5578551838.0},"point_estimate":5466221864.5,"standard_error":39999245.391449496},"median_abs_dev":{"confidence_interval":{"confidence_level":0.95,"lower_bound":16674182.918474078,"upper_bound":153204795.19337118},"point_estimate":97046084.64718759,"standard_error":36742751.48878413},"slope":null,"std_dev":{"confidence_interval":{"confidence_level":0.95,"lower_bound":52193362.050634496,"upper_bound":107288176.33609544},"point_estimate":87593000.12529418,"standard_error":14013872.168707665}}