{"mean":{"confidence_interval":{"confidence_level":0.95,"lower_bound":170162360.26,"upper_bound":170319691.56},"point_estimate":170239414.21,"standard_error":39908.48097880387},"median":{"confidence_interval":{"confidence_level":0.95,"lower_bound":170157173.0,"upper_bound":170301737.0},"point_estimate":170210063.5,"standard_error":37133.953745522056},"median_abs_dev":{"confidence_interval":{"confidence_level":0.95,"lower_bound":253403.02230119705,"upper_bound":414708.41683745384},"point_estimate":341386.43513917923,"standard_error":41743.95464754584},"slope":null,"std_dev":{"confidence_interval":{"confidence_level":0.95,"lower_bound":331973.2518290104,"upper_bound":459262.6616494276},"point_estimate":398786.8845578797,"standard_error":32491.572221953775}}