{"mean":{"confidence_interval":{"confidence_level":0.95,"lower_bound":317049194.3,"upper_bound":317803310.31},"point_estimate":317420608.85,"standard_error":192149.25099182484},"median":{"confidence_interval":{"confidence_level":0.95,"lower_bound":316975676.25,"upper_bound":317872001.5},"point_estimate":317390672.5,"standard_error":198284.53891624746},"median_abs_dev":{"confidence_interval":{"confidence_level":0.95,"lower_bound":130480.28783351183,"upper_bound":1166667.185537517},"point_estimate":491428.8883253932,"standard_error":289864.2586546763},"slope":null,"std_dev":{"confidence_interval":{"confidence_level":0.95,"lower_bound":331932.134493145,"upper_bound":824354.0152250276},"point_estimate":638955.548657862,"standard_error":125644.5499118062}}