{"mean":{"confidence_interval":{"confidence_level":0.95,"lower_bound":251549166.9775,"upper_bound":254223727.7975},"point_estimate":252923293.6,"standard_error":687254.2662734806},"median":{"confidence_interval":{"confidence_level":0.95,"lower_bound":250659884.0,"upper_bound":255065127.25},"point_estimate":253189519.5,"standard_error":1216269.4853249318},"median_abs_dev":{"confidence_interval":{"confidence_level":0.95,"lower_bound":277722.8509694338,"upper_bound":3872093.378506601},"point_estimate":2655730.1831513643,"standard_error":985055.6593025419},"slope":null,"std_dev":{"confidence_interval":{"confidence_level":0.95,"lower_bound":1368134.9690074492,"upper_bound":2707538.6584619246},"point_estimate":2284779.860695917,"standard_error":338314.6825282312}}