{"mean":{"confidence_interval":{"confidence_level":0.95,"lower_bound":1269774849.3675,"upper_bound":1273925518.1},"point_estimate":1271902231.8,"standard_error":1063571.0515631693},"median":{"confidence_interval":{"confidence_level":0.95,"lower_bound":1269367872.0,"upper_bound":1274956859.0},"point_estimate":1271663868.5,"standard_error":1471212.185020974},"median_abs_dev":{"confidence_interval":{"confidence_level":0.95,"lower_bound":939447.9907214642,"upper_bound":6088782.343402505},"point_estimate":3847831.000587344,"standard_error":1281204.1767310249},"slope":null,"std_dev":{"confidence_interval":{"confidence_level":0.95,"lower_bound":1988072.7412614538,"upper_bound":4537395.220398203},"point_estimate":3540428.964526593,"standard_error":666311.2455866525}}