{"mean":{"confidence_interval":{"confidence_level":0.95,"lower_bound":673493695.2299999,"upper_bound":713948127.0775},"point_estimate":693342404.2,"standard_error":10338313.690798981},"median":{"confidence_interval":{"confidence_level":0.95,"lower_bound":665403209.0,"upper_bound":720712690.0},"point_estimate":688167140.0,"standard_error":12336064.54728246},"median_abs_dev":{"confidence_interval":{"confidence_level":0.95,"lower_bound":5706158.872595429,"upper_bound":62407577.36304402},"point_estimate":32595449.67931509,"standard_error":15920078.216480559},"slope":null,"std_dev":{"confidence_interval":{"confidence_level":0.95,"lower_bound":18639135.870026734,"upper_bound":43407311.06965085},"point_estimate":34471442.274691455,"standard_error":6320524.694662478}}