{"mean":{"confidence_interval":{"confidence_level":0.95,"lower_bound":14916087969.69,"upper_bound":14949843340.5275},"point_estimate":14931455955.2,"standard_error":8666563.79791828},"median":{"confidence_interval":{"confidence_level":0.95,"lower_bound":14906405328.0,"upper_bound":14949908523.0},"point_estimate":14927887261.5,"standard_error":8537227.322611906},"median_abs_dev":{"confidence_interval":{"confidence_level":0.95,"lower_bound":2866094.8108166456,"upper_bound":43038342.74491668},"point_estimate":22176494.672888517,"standard_error":11646311.35690718},"slope":null,"std_dev":{"confidence_interval":{"confidence_level":0.95,"lower_bound":11041713.122242348,"upper_bound":38102882.56686377},"point_estimate":28844304.37494116,"standard_error":7268778.862988526}}