{"mean":{"confidence_interval":{"confidence_level":0.95,"lower_bound":55101166.13,"upper_bound":55210815.5},"point_estimate":55155749.71,"standard_error":27617.28595557394},"median":{"confidence_interval":{"confidence_level":0.95,"lower_bound":55072499.5,"upper_bound":55216807.0},"point_estimate":55144773.5,"standard_error":33440.84949372453},"median_abs_dev":{"confidence_interval":{"confidence_level":0.95,"lower_bound":241090.02951979637,"upper_bound":390837.0746612549},"point_estimate":325389.18142318726,"standard_error":37344.26923400769},"slope":null,"std_dev":{"confidence_interval":{"confidence_level":0.95,"lower_bound":242257.20551330782,"upper_bound":300900.0646961193},"point_estimate":274363.3092353488,"standard_error":15187.96557471556}}