{"mean":{"confidence_interval":{"confidence_level":0.95,"lower_bound":64107779.27,"upper_bound":64625665.6955},"point_estimate":64369413.66,"standard_error":131955.74240267553},"median":{"confidence_interval":{"confidence_level":0.95,"lower_bound":63829636.0,"upper_bound":64579070.0},"point_estimate":64305852.0,"standard_error":188548.54724062653},"median_abs_dev":{"confidence_interval":{"confidence_level":0.95,"lower_bound":1072533.5773587227,"upper_bound":1735420.3341901302},"point_estimate":1430215.2688086033,"standard_error":168302.0688864873},"slope":null,"std_dev":{"confidence_interval":{"confidence_level":0.95,"lower_bound":1143644.8004745762,"upper_bound":1497360.5126959502},"point_estimate":1328602.4926100208,"standard_error":91218.71505790047}}