{"mean":{"confidence_interval":{"confidence_level":0.95,"lower_bound":76179818.7265,"upper_bound":76335140.37},"point_estimate":76258447.87,"standard_error":39595.29217090645},"median":{"confidence_interval":{"confidence_level":0.95,"lower_bound":76169799.0,"upper_bound":76429221.5},"point_estimate":76300888.0,"standard_error":74574.64619582574},"median_abs_dev":{"confidence_interval":{"confidence_level":0.95,"lower_bound":368586.95555627346,"upper_bound":562778.6043436822},"point_estimate":482441.737934947,"standard_error":48671.68199706086},"slope":null,"std_dev":{"confidence_interval":{"confidence_level":0.95,"lower_bound":352376.41869733046,"upper_bound":439413.1678549206},"point_estimate":398366.98321866547,"standard_error":22267.164828683803}}