{"mean":{"confidence_interval":{"confidence_level":0.95,"lower_bound":10176076806.2,"upper_bound":10462680800.0},"point_estimate":10320835049.9,"standard_error":73156657.79775777},"median":{"confidence_interval":{"confidence_level":0.95,"lower_bound":10177387839.5,"upper_bound":10485731777.0},"point_estimate":10312671688.0,"standard_error":82429725.80376855},"median_abs_dev":{"confidence_interval":{"confidence_level":0.95,"lower_bound":35965672.95918167,"upper_bound":425368129.7710061},"point_estimate":203039714.2504245,"standard_error":90034701.63926136},"slope":null,"std_dev":{"confidence_interval":{"confidence_level":0.95,"lower_bound":117296256.41787457,"upper_bound":327740802.4010386},"point_estimate":244887666.76865876,"standard_error":54273899.0233311}}