{"mean":{"confidence_interval":{"confidence_level":0.95,"lower_bound":495105250.2,"upper_bound":497245609.6},"point_estimate":496186581.65,"standard_error":549588.810374628},"median":{"confidence_interval":{"confidence_level":0.95,"lower_bound":494853947.5,"upper_bound":497905369.0},"point_estimate":496135367.5,"standard_error":962004.2349497238},"median_abs_dev":{"confidence_interval":{"confidence_level":0.95,"lower_bound":190575.62451660633,"upper_bound":2961245.11192739},"point_estimate":1939845.2957108617,"standard_error":789890.1372778899},"slope":null,"std_dev":{"confidence_interval":{"confidence_level":0.95,"lower_bound":1146556.086819913,"upper_bound":2275231.530507476},"point_estimate":1838721.161115353,"standard_error":294804.1437753919}}