{"mean":{"confidence_interval":{"confidence_level":0.95,"lower_bound":405934268.02250004,"upper_bound":419238301.9},"point_estimate":413164409.25,"standard_error":3422185.924314578},"median":{"confidence_interval":{"confidence_level":0.95,"lower_bound":405825311.25,"upper_bound":421278536.5},"point_estimate":417653144.75,"standard_error":4159890.2507601627},"median_abs_dev":{"confidence_interval":{"confidence_level":0.95,"lower_bound":1083258.3349183202,"upper_bound":18100318.813455105},"point_estimate":10194384.84711349,"standard_error":4241920.006898514},"slope":null,"std_dev":{"confidence_interval":{"confidence_level":0.95,"lower_bound":4942378.944297949,"upper_bound":15356400.016993554},"point_estimate":11380283.661839936,"standard_error":2880016.61466388}}