{"mean":{"confidence_interval":{"confidence_level":0.95,"lower_bound":149121493.541,"upper_bound":149649161.0145},"point_estimate":149378791.94,"standard_error":135054.93401031202},"median":{"confidence_interval":{"confidence_level":0.95,"lower_bound":148971237.0,"upper_bound":149420529.5},"point_estimate":149183778.5,"standard_error":107639.38170837371},"median_abs_dev":{"confidence_interval":{"confidence_level":0.95,"lower_bound":716498.3131796122,"upper_bound":1249186.8468225002},"point_estimate":974785.0197941065,"standard_error":148513.59009156318},"slope":null,"std_dev":{"confidence_interval":{"confidence_level":0.95,"lower_bound":1058227.5204779613,"upper_bound":1609428.94596256},"point_estimate":1350279.4555189312,"standard_error":140823.6132247773}}