{"mean":{"confidence_interval":{"confidence_level":0.95,"lower_bound":1206648647.9,"upper_bound":1262170712.4350002},"point_estimate":1236224618.6,"standard_error":14257737.83570831},"median":{"confidence_interval":{"confidence_level":0.95,"lower_bound":1207535778.0,"upper_bound":1274709700.0},"point_estimate":1244780546.0,"standard_error":16534586.790071419},"median_abs_dev":{"confidence_interval":{"confidence_level":0.95,"lower_bound":12725816.072371602,"upper_bound":76974583.19302797},"point_estimate":46686295.54745257,"standard_error":16788171.85000499},"slope":null,"std_dev":{"confidence_interval":{"confidence_level":0.95,"lower_bound":22258368.31559034,"upper_bound":62244758.28294383},"point_estimate":47342689.90566462,"standard_error":10666853.954049462}}