{"mean":{"confidence_interval":{"confidence_level":0.95,"lower_bound":-0.004001362430170399,"upper_bound":-0.0007106372730426454},"point_estimate":-0.0023655154513255727,"standard_error":0.0008448157264989242},"median":{"confidence_interval":{"confidence_level":0.95,"lower_bound":-0.004428141546737652,"upper_bound":0.0003397591546372425},"point_estimate":-0.0030857356964715255,"standard_error":0.001216598439639136}}