{"mean":{"confidence_interval":{"confidence_level":0.95,"lower_bound":2733897549.52,"upper_bound":2736999381.02},"point_estimate":2735550963.3,"standard_error":826755.5016727278},"median":{"confidence_interval":{"confidence_level":0.95,"lower_bound":2735547919.0,"upper_bound":2737747810.0},"point_estimate":2736838006.5,"standard_error":506033.56015733385},"median_abs_dev":{"confidence_interval":{"confidence_level":0.95,"lower_bound":3185662.563443184,"upper_bound":4509131.375446916},"point_estimate":4066476.690405607,"standard_error":344930.4313691478},"slope":null,"std_dev":{"confidence_interval":{"confidence_level":0.95,"lower_bound":4790087.763404492,"upper_bound":11029767.239055585},"point_estimate":8260692.5607036725,"standard_error":1540479.0660248657}}