{"mean":{"confidence_interval":{"confidence_level":0.95,"lower_bound":343713008.25750005,"upper_bound":345160509.54999995},"point_estimate":344425150.5,"standard_error":372211.60484868934},"median":{"confidence_interval":{"confidence_level":0.95,"lower_bound":343456354.0,"upper_bound":345588956.5},"point_estimate":344260824.5,"standard_error":648293.7895528353},"median_abs_dev":{"confidence_interval":{"confidence_level":0.95,"lower_bound":170901.52286589146,"upper_bound":2015363.0079701543},"point_estimate":1230948.643246293,"standard_error":517775.2981063136},"slope":null,"std_dev":{"confidence_interval":{"confidence_level":0.95,"lower_bound":759762.3743734761,"upper_bound":1527912.096944767},"point_estimate":1240827.3924655186,"standard_error":197805.72905603886}}