{"mean":{"confidence_interval":{"confidence_level":0.95,"lower_bound":152763346.82,"upper_bound":153060733.36},"point_estimate":152908778.25,"standard_error":75703.45125312702},"median":{"confidence_interval":{"confidence_level":0.95,"lower_bound":152724069.0,"upper_bound":153117896.0},"point_estimate":152946237.0,"standard_error":106521.88096144887},"median_abs_dev":{"confidence_interval":{"confidence_level":0.95,"lower_bound":677290.215575695,"upper_bound":1110540.0276839733},"point_estimate":880692.5537645817,"standard_error":116013.10384632487},"slope":null,"std_dev":{"confidence_interval":{"confidence_level":0.95,"lower_bound":684561.3887668542,"upper_bound":840545.8130386675},"point_estimate":770297.8281023644,"standard_error":39641.676737172544}}