{"mean":{"confidence_interval":{"confidence_level":0.95,"lower_bound":542153139.5,"upper_bound":545231088.3},"point_estimate":543716467.9,"standard_error":788738.3663451821},"median":{"confidence_interval":{"confidence_level":0.95,"lower_bound":541469893.0,"upper_bound":546101111.0},"point_estimate":543877111.5,"standard_error":1029796.3872370867},"median_abs_dev":{"confidence_interval":{"confidence_level":0.95,"lower_bound":640344.5655316114,"upper_bound":4905915.899902582},"point_estimate":2887313.0403399467,"standard_error":1091497.9771105992},"slope":null,"std_dev":{"confidence_interval":{"confidence_level":0.95,"lower_bound":1476301.2719750728,"upper_bound":3252562.4274995793},"point_estimate":2637245.184877897,"standard_error":455004.4296308728}}