{"mean":{"confidence_interval":{"confidence_level":0.95,"lower_bound":89958625.61,"upper_bound":90471679.39},"point_estimate":90213603.83,"standard_error":131186.67797319134},"median":{"confidence_interval":{"confidence_level":0.95,"lower_bound":90063837.0,"upper_bound":90636862.0},"point_estimate":90312925.0,"standard_error":156159.3589420786},"median_abs_dev":{"confidence_interval":{"confidence_level":0.95,"lower_bound":932958.650636673,"upper_bound":1556644.7228640318},"point_estimate":1292455.785754323,"standard_error":164290.00869247838},"slope":null,"std_dev":{"confidence_interval":{"confidence_level":0.95,"lower_bound":1141338.1965939472,"upper_bound":1476338.619081835},"point_estimate":1322415.4080286259,"standard_error":86645.67095360426}}