{"mean":{"confidence_interval":{"confidence_level":0.95,"lower_bound":9887687193.8,"upper_bound":9987439006.8575},"point_estimate":9932708366.8,"standard_error":25740106.272003148},"median":{"confidence_interval":{"confidence_level":0.95,"lower_bound":9881221809.0,"upper_bound":9965252037.0},"point_estimate":9917970235.0,"standard_error":20854862.412448294},"median_abs_dev":{"confidence_interval":{"confidence_level":0.95,"lower_bound":13538077.741751075,"upper_bound":116304099.06308949},"point_estimate":55916296.554887295,"standard_error":26170860.463108364},"slope":null,"std_dev":{"confidence_interval":{"confidence_level":0.95,"lower_bound":31013030.728398792,"upper_bound":121516209.73534673},"point_estimate":85840319.66163157,"standard_error":25982018.686339617}}