{"mean":{"confidence_interval":{"confidence_level":0.95,"lower_bound":746587612.42,"upper_bound":752577126.4},"point_estimate":749257801.9,"standard_error":1545193.262842519},"median":{"confidence_interval":{"confidence_level":0.95,"lower_bound":745604847.0,"upper_bound":751023623.0},"point_estimate":748454672.5,"standard_error":1359412.2576891272},"median_abs_dev":{"confidence_interval":{"confidence_level":0.95,"lower_bound":1189986.6298735142,"upper_bound":6932051.8499314785},"point_estimate":3456790.0684297085,"standard_error":1571736.8048396555},"slope":null,"std_dev":{"confidence_interval":{"confidence_level":0.95,"lower_bound":1974086.837253012,"upper_bound":7290282.74100131},"point_estimate":5146697.958549787,"standard_error":1558039.7433537184}}