{"mean":{"confidence_interval":{"confidence_level":0.95,"lower_bound":128798869.79,"upper_bound":129327899.83},"point_estimate":129063185.29,"standard_error":135045.3774064755},"median":{"confidence_interval":{"confidence_level":0.95,"lower_bound":128489884.5,"upper_bound":129079081.0},"point_estimate":128758563.0,"standard_error":144998.9608448387},"median_abs_dev":{"confidence_interval":{"confidence_level":0.95,"lower_bound":924069.722494483,"upper_bound":1781282.3404759169},"point_estimate":1313694.7716772556,"standard_error":218483.0230638836},"slope":null,"std_dev":{"confidence_interval":{"confidence_level":0.95,"lower_bound":1204396.0490142766,"upper_bound":1496022.5839388387},"point_estimate":1364885.4471714282,"standard_error":74155.34960498137}}