{"mean":{"confidence_interval":{"confidence_level":0.95,"lower_bound":409685535.60375,"upper_bound":428879365.72375},"point_estimate":419801907.15,"standard_error":4920439.599250374},"median":{"confidence_interval":{"confidence_level":0.95,"lower_bound":404445706.5,"upper_bound":433257357.5},"point_estimate":424575131.0,"standard_error":6973404.657339714},"median_abs_dev":{"confidence_interval":{"confidence_level":0.95,"lower_bound":3088269.0885722637,"upper_bound":27602449.19280857},"point_estimate":13081218.637011945,"standard_error":6388345.817234141},"slope":null,"std_dev":{"confidence_interval":{"confidence_level":0.95,"lower_bound":6593614.982598378,"upper_bound":19728909.111689575},"point_estimate":16430938.69897644,"standard_error":2993902.2696439708}}