{"mean":{"confidence_interval":{"confidence_level":0.95,"lower_bound":58973486.51,"upper_bound":59044279.5},"point_estimate":59009312.38,"standard_error":18213.932816844837},"median":{"confidence_interval":{"confidence_level":0.95,"lower_bound":58964815.0,"upper_bound":59073403.0},"point_estimate":59027858.5,"standard_error":31892.51935072404},"median_abs_dev":{"confidence_interval":{"confidence_level":0.95,"lower_bound":154130.35196363926,"upper_bound":251025.67324340343},"point_estimate":219231.3168078661,"standard_error":24786.4169607517},"slope":null,"std_dev":{"confidence_interval":{"confidence_level":0.95,"lower_bound":162963.61000186895,"upper_bound":206756.88928544815},"point_estimate":185739.84129828124,"standard_error":11196.501057267964}}