{"mean":{"confidence_interval":{"confidence_level":0.95,"lower_bound":414314377.35,"upper_bound":415089233.265},"point_estimate":414681424.25,"standard_error":199267.78211379322},"median":{"confidence_interval":{"confidence_level":0.95,"lower_bound":414120830.75,"upper_bound":415321685.75},"point_estimate":414556725.5,"standard_error":300978.3933958396},"median_abs_dev":{"confidence_interval":{"confidence_level":0.95,"lower_bound":57808.05557370186,"upper_bound":1182778.5994514823},"point_estimate":638995.7702055573,"standard_error":293616.1108368093},"slope":null,"std_dev":{"confidence_interval":{"confidence_level":0.95,"lower_bound":331805.29675757507,"upper_bound":811190.1689174855},"point_estimate":663455.0550022733,"standard_error":121840.96437662229}}