{"mean":{"confidence_interval":{"confidence_level":0.95,"lower_bound":875873212.04,"upper_bound":876333609.18},"point_estimate":876099382.88,"standard_error":118884.34357501211},"median":{"confidence_interval":{"confidence_level":0.95,"lower_bound":875799720.45,"upper_bound":876129785.0},"point_estimate":875889070.0,"standard_error":82366.83550569799},"median_abs_dev":{"confidence_interval":{"confidence_level":0.95,"lower_bound":766233.6118966341,"upper_bound":1414575.3216862679},"point_estimate":1039533.8671445847,"standard_error":181822.7822897532},"slope":null,"std_dev":{"confidence_interval":{"confidence_level":0.95,"lower_bound":1011024.4155238275,"upper_bound":1368173.408013178},"point_estimate":1196065.9998462407,"standard_error":90933.05758364404}}