{"mean":{"confidence_interval":{"confidence_level":0.95,"lower_bound":1701181529.16,"upper_bound":1714036453.6074998},"point_estimate":1707793176.9,"standard_error":3291302.5804616},"median":{"confidence_interval":{"confidence_level":0.95,"lower_bound":1697583466.0,"upper_bound":1717369946.0},"point_estimate":1710413256.0,"standard_error":5749131.548609322},"median_abs_dev":{"confidence_interval":{"confidence_level":0.95,"lower_bound":2794872.9319810867,"upper_bound":18104199.51888621},"point_estimate":12714286.63367629,"standard_error":4217709.121125284},"slope":null,"std_dev":{"confidence_interval":{"confidence_level":0.95,"lower_bound":6633233.872428377,"upper_bound":12926569.799620448},"point_estimate":10987674.327579016,"standard_error":1592884.0360369491}}