{"mean":{"confidence_interval":{"confidence_level":0.95,"lower_bound":643179444.5175,"upper_bound":655632606.5275},"point_estimate":649572199.7,"standard_error":3205087.5670612263},"median":{"confidence_interval":{"confidence_level":0.95,"lower_bound":640111544.0,"upper_bound":659572675.0},"point_estimate":651885075.5,"standard_error":5747653.34404975},"median_abs_dev":{"confidence_interval":{"confidence_level":0.95,"lower_bound":1405509.9641472101,"upper_bound":17364589.696016908},"point_estimate":11793251.793327928,"standard_error":4363847.333871705},"slope":null,"std_dev":{"confidence_interval":{"confidence_level":0.95,"lower_bound":6476988.143836367,"upper_bound":12592205.698286554},"point_estimate":10662355.922978248,"standard_error":1564075.4967014948}}