{"mean":{"confidence_interval":{"confidence_level":0.95,"lower_bound":1638777909.6375,"upper_bound":1643273435.3},"point_estimate":1640909134.5,"standard_error":1152019.6670673508},"median":{"confidence_interval":{"confidence_level":0.95,"lower_bound":1638594194.0,"upper_bound":1643571354.5},"point_estimate":1639531550.5,"standard_error":1390184.8921136265},"median_abs_dev":{"confidence_interval":{"confidence_level":0.95,"lower_bound":187069.27557885647,"upper_bound":6275351.241490245},"point_estimate":3149513.8108849525,"standard_error":1655816.2647619674},"slope":null,"std_dev":{"confidence_interval":{"confidence_level":0.95,"lower_bound":1803058.0810879774,"upper_bound":5090593.625734129},"point_estimate":3826216.8592920215,"standard_error":874763.302023813}}