{"mean":{"confidence_interval":{"confidence_level":0.95,"lower_bound":6596577636.3,"upper_bound":6670842447.8},"point_estimate":6636357586.0,"standard_error":19128609.331704672},"median":{"confidence_interval":{"confidence_level":0.95,"lower_bound":6589167331.0,"upper_bound":6680390391.5},"point_estimate":6658735813.0,"standard_error":22615473.10759513},"median_abs_dev":{"confidence_interval":{"confidence_level":0.95,"lower_bound":10665096.254056692,"upper_bound":101737829.34399247},"point_estimate":35532569.92447078,"standard_error":23914603.394007906},"slope":null,"std_dev":{"confidence_interval":{"confidence_level":0.95,"lower_bound":22057584.48640246,"upper_bound":78896702.36844604},"point_estimate":63590980.546317674,"standard_error":14006318.84916706}}