{"mean":{"confidence_interval":{"confidence_level":0.95,"lower_bound":-0.001975550141082247,"upper_bound":0.05843479963558386},"point_estimate":0.02702350402288589,"standard_error":0.015353379935869221},"median":{"confidence_interval":{"confidence_level":0.95,"lower_bound":-0.004985615102028107,"upper_bound":0.0635554145443662},"point_estimate":0.02207185215452445,"standard_error":0.0164041310724273}}