{"mean":{"confidence_interval":{"confidence_level":0.95,"lower_bound":856474763.69,"upper_bound":856875952.23},"point_estimate":856673355.51,"standard_error":102538.69898216774},"median":{"confidence_interval":{"confidence_level":0.95,"lower_bound":856413122.0,"upper_bound":856857378.0},"point_estimate":856581780.0,"standard_error":101713.77404799766},"median_abs_dev":{"confidence_interval":{"confidence_level":0.95,"lower_bound":753451.3762235641,"upper_bound":1345800.4741072655},"point_estimate":947380.6418806314,"standard_error":150004.04965403207},"slope":null,"std_dev":{"confidence_interval":{"confidence_level":0.95,"lower_bound":900928.029006307,"upper_bound":1170642.6906396968},"point_estimate":1042340.117888963,"standard_error":68045.21528344192}}