{"mean":{"confidence_interval":{"confidence_level":0.95,"lower_bound":-0.00414435977174713,"upper_bound":0.002135454598051045},"point_estimate":-0.0008339899899669767,"standard_error":0.0015963013433396855},"median":{"confidence_interval":{"confidence_level":0.95,"lower_bound":-0.005403833196110819,"upper_bound":0.00394673026574166},"point_estimate":0.001180257159950182,"standard_error":0.002794775163577297}}