{"mean":{"confidence_interval":{"confidence_level":0.95,"lower_bound":804854214.0,"upper_bound":813420794.3525},"point_estimate":809066978.1,"standard_error":2182325.5917788064},"median":{"confidence_interval":{"confidence_level":0.95,"lower_bound":802232236.0,"upper_bound":815501330.5},"point_estimate":810455990.5,"standard_error":3436784.6438464737},"median_abs_dev":{"confidence_interval":{"confidence_level":0.95,"lower_bound":375563.32973241806,"upper_bound":12695129.95941639},"point_estimate":10994647.093605995,"standard_error":3756390.376653269},"slope":null,"std_dev":{"confidence_interval":{"confidence_level":0.95,"lower_bound":4355381.660370986,"upper_bound":8867593.355342697},"point_estimate":7276417.180323454,"standard_error":1168932.0466638708}}