{"mean":{"confidence_interval":{"confidence_level":0.95,"lower_bound":2523314784.1,"upper_bound":2528023742.0},"point_estimate":2525768793.7,"standard_error":1203634.802631488},"median":{"confidence_interval":{"confidence_level":0.95,"lower_bound":2522308296.0,"upper_bound":2528142009.5},"point_estimate":2526857304.5,"standard_error":1583057.96956509},"median_abs_dev":{"confidence_interval":{"confidence_level":0.95,"lower_bound":189379.90763783455,"upper_bound":6610937.745532393},"point_estimate":2400404.969984293,"standard_error":1775406.4090901176},"slope":null,"std_dev":{"confidence_interval":{"confidence_level":0.95,"lower_bound":1930732.8138015969,"upper_bound":5254790.0065272795},"point_estimate":4005035.010430136,"standard_error":863037.7559825507}}