{"mean":{"confidence_interval":{"confidence_level":0.95,"lower_bound":77264689.09,"upper_bound":77807875.37},"point_estimate":77544149.17,"standard_error":140047.6976796421},"median":{"confidence_interval":{"confidence_level":0.95,"lower_bound":77112569.0,"upper_bound":77844183.5},"point_estimate":77538046.5,"standard_error":188303.4224876186},"median_abs_dev":{"confidence_interval":{"confidence_level":0.95,"lower_bound":1132673.762691021,"upper_bound":1759927.7117550373},"point_estimate":1478436.0916525126,"standard_error":163221.49691876743},"slope":null,"std_dev":{"confidence_interval":{"confidence_level":0.95,"lower_bound":1197178.3011820035,"upper_bound":1572774.4868910469},"point_estimate":1395369.0159574423,"standard_error":95405.8767514822}}