{"mean":{"confidence_interval":{"confidence_level":0.95,"lower_bound":313048244.5,"upper_bound":322524120.85},"point_estimate":316837029.65,"standard_error":2562931.404850111},"median":{"confidence_interval":{"confidence_level":0.95,"lower_bound":312122123.5,"upper_bound":318166180.5},"point_estimate":314307123.0,"standard_error":1573591.9182751388},"median_abs_dev":{"confidence_interval":{"confidence_level":0.95,"lower_bound":787190.5331745744,"upper_bound":6958736.425557733},"point_estimate":4024987.983392179,"standard_error":1603128.1583799587},"slope":null,"std_dev":{"confidence_interval":{"confidence_level":0.95,"lower_bound":1943413.5991437056,"upper_bound":12968324.246713763},"point_estimate":8592704.26628057,"standard_error":3630366.9492985304}}