{"mean":{"confidence_interval":{"confidence_level":0.95,"lower_bound":74615751.972,"upper_bound":74768866.4},"point_estimate":74692318.22,"standard_error":39126.441192410006},"median":{"confidence_interval":{"confidence_level":0.95,"lower_bound":74601860.0,"upper_bound":74754428.0},"point_estimate":74663409.0,"standard_error":36131.2933682824},"median_abs_dev":{"confidence_interval":{"confidence_level":0.95,"lower_bound":313906.79674454057,"upper_bound":524887.8338813782},"point_estimate":429483.2668751478,"standard_error":52133.16471403586},"slope":null,"std_dev":{"confidence_interval":{"confidence_level":0.95,"lower_bound":344806.3460276669,"upper_bound":442600.92070464836},"point_estimate":396500.275704735,"standard_error":25211.199185325335}}