{"mean":{"confidence_interval":{"confidence_level":0.95,"lower_bound":7038547623.4,"upper_bound":7133494193.099999},"point_estimate":7086182588.5,"standard_error":24193616.50139067},"median":{"confidence_interval":{"confidence_level":0.95,"lower_bound":7035355319.5,"upper_bound":7134577759.0},"point_estimate":7092106177.5,"standard_error":20382068.282018825},"median_abs_dev":{"confidence_interval":{"confidence_level":0.95,"lower_bound":7193416.43409133,"upper_bound":136894978.02740058},"point_estimate":44409154.6805799,"standard_error":34652349.91722371},"slope":null,"std_dev":{"confidence_interval":{"confidence_level":0.95,"lower_bound":33225095.416017424,"upper_bound":109701472.4775166},"point_estimate":80781710.75342509,"standard_error":18903420.737319924}}