{"mean":{"confidence_interval":{"confidence_level":0.95,"lower_bound":21021073.35675,"upper_bound":21049047.91},"point_estimate":21035133.52,"standard_error":7208.766033962071},"median":{"confidence_interval":{"confidence_level":0.95,"lower_bound":21012441.5,"upper_bound":21050275.5},"point_estimate":21032146.5,"standard_error":9198.388156372648},"median_abs_dev":{"confidence_interval":{"confidence_level":0.95,"lower_bound":55062.28042244911,"upper_bound":85612.73548007011},"point_estimate":75434.6866607666,"standard_error":8021.560278761953},"slope":null,"std_dev":{"confidence_interval":{"confidence_level":0.95,"lower_bound":61750.010975712445,"upper_bound":82737.75553192267},"point_estimate":72711.86168019354,"standard_error":5368.28128261136}}