{"mean":{"confidence_interval":{"confidence_level":0.95,"lower_bound":21117280869.3,"upper_bound":21505692246.5325},"point_estimate":21317128993.9,"standard_error":99336150.24372734},"median":{"confidence_interval":{"confidence_level":0.95,"lower_bound":21011618562.5,"upper_bound":21574899530.0},"point_estimate":21366127070.0,"standard_error":146462555.04879412},"median_abs_dev":{"confidence_interval":{"confidence_level":0.95,"lower_bound":77225536.96017265,"upper_bound":584698627.0123243},"point_estimate":306409741.61193967,"standard_error":129756172.34207454},"slope":null,"std_dev":{"confidence_interval":{"confidence_level":0.95,"lower_bound":186345893.6716777,"upper_bound":408197972.3556203},"point_estimate":331753082.25699866,"standard_error":56313030.35679513}}