{"mean":{"confidence_interval":{"confidence_level":0.95,"lower_bound":-0.003817132122565809,"upper_bound":0.06979396498624245},"point_estimate":0.03218435921786589,"standard_error":0.01879774130899686},"median":{"confidence_interval":{"confidence_level":0.95,"lower_bound":-0.005627613980930812,"upper_bound":0.0817670481282311},"point_estimate":0.023789673003042244,"standard_error":0.022640315256906053}}