{"mean":{"confidence_interval":{"confidence_level":0.95,"lower_bound":56243126.3585,"upper_bound":56528651.1625},"point_estimate":56383962.13,"standard_error":72244.87239899697},"median":{"confidence_interval":{"confidence_level":0.95,"lower_bound":56026105.0,"upper_bound":56482861.0},"point_estimate":56296482.5,"standard_error":148611.2101804641},"median_abs_dev":{"confidence_interval":{"confidence_level":0.95,"lower_bound":609461.2667798996,"upper_bound":1055697.9133576155},"point_estimate":839254.625800252,"standard_error":119718.29214856011},"slope":null,"std_dev":{"confidence_interval":{"confidence_level":0.95,"lower_bound":653591.1940766223,"upper_bound":798328.7120304235},"point_estimate":731835.6953791913,"standard_error":36774.86779157447}}