{"mean":{"confidence_interval":{"confidence_level":0.95,"lower_bound":0.013033557843187061,"upper_bound":0.01930105311617675},"point_estimate":0.016090489508059136,"standard_error":0.0015974768827855426},"median":{"confidence_interval":{"confidence_level":0.95,"lower_bound":0.011123476887543227,"upper_bound":0.020138739501187386},"point_estimate":0.01566972819441581,"standard_error":0.0023082591556009974}}