{"mean":{"confidence_interval":{"confidence_level":0.95,"lower_bound":502350010.97,"upper_bound":506525123.7425},"point_estimate":504437685.9,"standard_error":1067432.1027910842},"median":{"confidence_interval":{"confidence_level":0.95,"lower_bound":501087884.0,"upper_bound":507772017.0},"point_estimate":504503508.5,"standard_error":2272546.6588080805},"median_abs_dev":{"confidence_interval":{"confidence_level":0.95,"lower_bound":402557.0274531841,"upper_bound":5621016.121307015},"point_estimate":4743924.802878499,"standard_error":1398576.7607150348},"slope":null,"std_dev":{"confidence_interval":{"confidence_level":0.95,"lower_bound":2456776.124449392,"upper_bound":4015692.9693419654},"point_estimate":3558051.125867688,"standard_error":402072.0073638116}}