{"mean":{"confidence_interval":{"confidence_level":0.95,"lower_bound":2721101288.2,"upper_bound":2738837452.2475},"point_estimate":2729863637.9,"standard_error":4543381.819041691},"median":{"confidence_interval":{"confidence_level":0.95,"lower_bound":2717379987.0,"upper_bound":2743122972.0},"point_estimate":2727697660.0,"standard_error":9236020.85997662},"median_abs_dev":{"confidence_interval":{"confidence_level":0.95,"lower_bound":265034.7603946924,"upper_bound":23659863.37465346},"point_estimate":17827727.98229456,"standard_error":6759383.782119848},"slope":null,"std_dev":{"confidence_interval":{"confidence_level":0.95,"lower_bound":10011822.75889352,"upper_bound":17963549.294292465},"point_estimate":15147360.731325768,"standard_error":2047209.0460880024}}