{"mean":{"confidence_interval":{"confidence_level":0.95,"lower_bound":1422559902.4,"upper_bound":1425124107.6574998},"point_estimate":1423787061.1,"standard_error":658719.6209277638},"median":{"confidence_interval":{"confidence_level":0.95,"lower_bound":1422037465.0,"upper_bound":1426185336.0},"point_estimate":1423230960.0,"standard_error":947068.2561487398},"median_abs_dev":{"confidence_interval":{"confidence_level":0.95,"lower_bound":483816.10811054707,"upper_bound":3543003.9981991053},"point_estimate":2048191.8485373259,"standard_error":841762.9712319034},"slope":null,"std_dev":{"confidence_interval":{"confidence_level":0.95,"lower_bound":992979.2978245708,"upper_bound":2648159.451867456},"point_estimate":2193202.793876037,"standard_error":381588.24881859357}}