{"mean":{"confidence_interval":{"confidence_level":0.95,"lower_bound":25915420.284,"upper_bound":25989461.855},"point_estimate":25952815.63,"standard_error":18675.116640618227},"median":{"confidence_interval":{"confidence_level":0.95,"lower_bound":25896836.0,"upper_bound":26032680.0},"point_estimate":25935540.0,"standard_error":29454.90450866806},"median_abs_dev":{"confidence_interval":{"confidence_level":0.95,"lower_bound":169230.6326955557,"upper_bound":260616.7977981269},"point_estimate":217992.60452985764,"standard_error":23308.500270915152},"slope":null,"std_dev":{"confidence_interval":{"confidence_level":0.95,"lower_bound":166120.97278358229,"upper_bound":206043.4571364706},"point_estimate":187403.09652280688,"standard_error":10196.583305255841}}