{"mean":{"confidence_interval":{"confidence_level":0.95,"lower_bound":809004593.76,"upper_bound":815948779.3225},"point_estimate":812683077.0,"standard_error":1784031.7977354648},"median":{"confidence_interval":{"confidence_level":0.95,"lower_bound":807154442.0,"upper_bound":817065115.0},"point_estimate":815312955.5,"standard_error":2667317.4837243743},"median_abs_dev":{"confidence_interval":{"confidence_level":0.95,"lower_bound":926209.855556488,"upper_bound":9443714.08714056},"point_estimate":4333108.2109719515,"standard_error":2374494.877053388},"slope":null,"std_dev":{"confidence_interval":{"confidence_level":0.95,"lower_bound":2680603.023675169,"upper_bound":7165591.070281269},"point_estimate":5938463.732582939,"standard_error":1079989.3171106917}}