{"mean":{"confidence_interval":{"confidence_level":0.95,"lower_bound":1017909791.9350001,"upper_bound":1058017715.8025},"point_estimate":1038643798.0,"standard_error":10241589.607580207},"median":{"confidence_interval":{"confidence_level":0.95,"lower_bound":1013876387.0,"upper_bound":1069214636.0},"point_estimate":1038887805.5,"standard_error":12617168.249056662},"median_abs_dev":{"confidence_interval":{"confidence_level":0.95,"lower_bound":2465560.049727559,"upper_bound":57502129.964733124},"point_estimate":41022243.2554096,"standard_error":13823815.190100593},"slope":null,"std_dev":{"confidence_interval":{"confidence_level":0.95,"lower_bound":18129604.838165417,"upper_bound":43975265.52511439},"point_estimate":34170125.371890925,"standard_error":6667606.429398452}}