{"mean":{"confidence_interval":{"confidence_level":0.95,"lower_bound":2193598984.0,"upper_bound":2197408541.5775003},"point_estimate":2195428349.9,"standard_error":971640.9199992896},"median":{"confidence_interval":{"confidence_level":0.95,"lower_bound":2192982424.0,"upper_bound":2197318487.0},"point_estimate":2195642142.0,"standard_error":1000823.1443459875},"median_abs_dev":{"confidence_interval":{"confidence_level":0.95,"lower_bound":304305.8684974909,"upper_bound":5424473.031896353},"point_estimate":2868208.9983791113,"standard_error":1389999.1583920277},"slope":null,"std_dev":{"confidence_interval":{"confidence_level":0.95,"lower_bound":1561516.6750565902,"upper_bound":4246190.3888221765},"point_estimate":3210799.0544101996,"standard_error":717944.2551138559}}