{"mean":{"confidence_interval":{"confidence_level":0.95,"lower_bound":527339042.0,"upper_bound":529288331.0},"point_estimate":528264186.9,"standard_error":501008.2910252344},"median":{"confidence_interval":{"confidence_level":0.95,"lower_bound":526847472.0,"upper_bound":529638986.0},"point_estimate":527738000.0,"standard_error":835961.7040578141},"median_abs_dev":{"confidence_interval":{"confidence_level":0.95,"lower_bound":228708.09583961964,"upper_bound":2996419.7963029146},"point_estimate":1720662.5340521336,"standard_error":694859.2576994814},"slope":null,"std_dev":{"confidence_interval":{"confidence_level":0.95,"lower_bound":918521.4205877231,"upper_bound":2085088.5262717265},"point_estimate":1667920.6779800511,"standard_error":303464.73739575746}}