{"mean":{"confidence_interval":{"confidence_level":0.95,"lower_bound":40322767.47,"upper_bound":40382211.35},"point_estimate":40353495.59,"standard_error":15110.850003056614},"median":{"confidence_interval":{"confidence_level":0.95,"lower_bound":40344684.0,"upper_bound":40397493.0},"point_estimate":40380264.0,"standard_error":13791.641528993025},"median_abs_dev":{"confidence_interval":{"confidence_level":0.95,"lower_bound":88947.8441208601,"upper_bound":164174.9667853117},"point_estimate":117435.26131510735,"standard_error":19458.568810154655},"slope":null,"std_dev":{"confidence_interval":{"confidence_level":0.95,"lower_bound":125838.64863101604,"upper_bound":172679.74147125718},"point_estimate":150553.2565226594,"standard_error":11864.453284382558}}