{"mean":{"confidence_interval":{"confidence_level":0.95,"lower_bound":556779114.0,"upper_bound":582285912.6675},"point_estimate":569547313.7,"standard_error":6527021.350929866},"median":{"confidence_interval":{"confidence_level":0.95,"lower_bound":550698965.0,"upper_bound":587565958.5},"point_estimate":569188160.0,"standard_error":10454004.2054642},"median_abs_dev":{"confidence_interval":{"confidence_level":0.95,"lower_bound":3893561.0554754734,"upper_bound":36403643.36960614},"point_estimate":25243644.12483573,"standard_error":8037283.077250913},"slope":null,"std_dev":{"confidence_interval":{"confidence_level":0.95,"lower_bound":13192939.715758828,"upper_bound":26857118.389236927},"point_estimate":21772055.80993486,"standard_error":3493531.1461807154}}