{"mean":{"confidence_interval":{"confidence_level":0.95,"lower_bound":543788580.7,"upper_bound":568788242.9},"point_estimate":555853975.0,"standard_error":6412546.5393736055},"median":{"confidence_interval":{"confidence_level":0.95,"lower_bound":539029496.0,"upper_bound":572325784.5},"point_estimate":553064251.5,"standard_error":9084167.57462695},"median_abs_dev":{"confidence_interval":{"confidence_level":0.95,"lower_bound":2906339.245802164,"upper_bound":35662746.64995968},"point_estimate":21544365.19381106,"standard_error":8428197.640776515},"slope":null,"std_dev":{"confidence_interval":{"confidence_level":0.95,"lower_bound":11122715.106157623,"upper_bound":26848647.79913494},"point_estimate":21428245.84653999,"standard_error":3965003.8649236145}}