{"mean":{"confidence_interval":{"confidence_level":0.95,"lower_bound":66140432.02,"upper_bound":66577800.56},"point_estimate":66363899.21,"standard_error":113514.39477513917},"median":{"confidence_interval":{"confidence_level":0.95,"lower_bound":66026044.0,"upper_bound":66825298.0},"point_estimate":66540915.0,"standard_error":192094.2086779203},"median_abs_dev":{"confidence_interval":{"confidence_level":0.95,"lower_bound":995899.4673192501,"upper_bound":1484884.6602380276},"point_estimate":1250332.8966021538,"standard_error":124154.85747549917},"slope":null,"std_dev":{"confidence_interval":{"confidence_level":0.95,"lower_bound":981512.0951307669,"upper_bound":1199301.0623046313},"point_estimate":1096894.5293011882,"standard_error":57237.62145451579}}