{"mean":{"confidence_interval":{"confidence_level":0.95,"lower_bound":832480283.5,"upper_bound":837137968.0125},"point_estimate":834837747.7,"standard_error":1195091.6896659113},"median":{"confidence_interval":{"confidence_level":0.95,"lower_bound":830592209.0,"upper_bound":837222296.0},"point_estimate":836136170.0,"standard_error":1837803.1436230447},"median_abs_dev":{"confidence_interval":{"confidence_level":0.95,"lower_bound":466891.48811101913,"upper_bound":7371174.11080798},"point_estimate":3112664.529839158,"standard_error":1944932.4661708826},"slope":null,"std_dev":{"confidence_interval":{"confidence_level":0.95,"lower_bound":2305998.848286026,"upper_bound":4972545.804864761},"point_estimate":3967415.0504658446,"standard_error":684461.9036019801}}