{"mean":{"confidence_interval":{"confidence_level":0.95,"lower_bound":247017581.18,"upper_bound":252945582.35},"point_estimate":249873879.05,"standard_error":1512502.355947805},"median":{"confidence_interval":{"confidence_level":0.95,"lower_bound":245393242.0,"upper_bound":254232642.0},"point_estimate":248386958.75,"standard_error":2716201.177281715},"median_abs_dev":{"confidence_interval":{"confidence_level":0.95,"lower_bound":862672.2923845053,"upper_bound":7785911.197422445},"point_estimate":5815513.593403995,"standard_error":1964856.1603150053},"slope":null,"std_dev":{"confidence_interval":{"confidence_level":0.95,"lower_bound":3018838.7408226863,"upper_bound":6144419.090946428},"point_estimate":5036081.3334446605,"standard_error":805638.7906594791}}