{"mean":{"confidence_interval":{"confidence_level":0.95,"lower_bound":78110746.02,"upper_bound":78608171.21},"point_estimate":78356080.48,"standard_error":125919.67253035578},"median":{"confidence_interval":{"confidence_level":0.95,"lower_bound":77918229.0,"upper_bound":78673947.0},"point_estimate":78308060.5,"standard_error":205816.15102280307},"median_abs_dev":{"confidence_interval":{"confidence_level":0.95,"lower_bound":1090968.966731429,"upper_bound":1631349.9703377485},"point_estimate":1322905.4240137339,"standard_error":132783.04130034396},"slope":null,"std_dev":{"confidence_interval":{"confidence_level":0.95,"lower_bound":1097814.973744119,"upper_bound":1383535.3111321959},"point_estimate":1254116.6545164224,"standard_error":72251.48292787005}}