{"mean":{"confidence_interval":{"confidence_level":0.95,"lower_bound":847976455.9449999,"upper_bound":856605395.445},"point_estimate":852295614.4,"standard_error":2213093.6010883115},"median":{"confidence_interval":{"confidence_level":0.95,"lower_bound":844865124.0,"upper_bound":859579105.0},"point_estimate":851105020.0,"standard_error":3784734.8903202303},"median_abs_dev":{"confidence_interval":{"confidence_level":0.95,"lower_bound":1451195.541036129,"upper_bound":12371392.39436388},"point_estimate":9871000.140854716,"standard_error":2954618.4912152914},"slope":null,"std_dev":{"confidence_interval":{"confidence_level":0.95,"lower_bound":4694664.423234487,"upper_bound":8744478.53908459},"point_estimate":7380215.761422038,"standard_error":1039789.6200353493}}