{"mean":{"confidence_interval":{"confidence_level":0.95,"lower_bound":0.014994214505739708,"upper_bound":0.05464706080754848},"point_estimate":0.03467114610124078,"standard_error":0.010172101264241905},"median":{"confidence_interval":{"confidence_level":0.95,"lower_bound":0.010349813410535535,"upper_bound":0.06483413974201335},"point_estimate":0.03749399086119776,"standard_error":0.013516221081590016}}