{"mean":{"confidence_interval":{"confidence_level":0.95,"lower_bound":1859855630.08,"upper_bound":1860946260.6215},"point_estimate":1860407383.99,"standard_error":278414.5808558985},"median":{"confidence_interval":{"confidence_level":0.95,"lower_bound":1859654286.0,"upper_bound":1861078695.0},"point_estimate":1860184720.5,"standard_error":404890.5988031331},"median_abs_dev":{"confidence_interval":{"confidence_level":0.95,"lower_bound":1990836.5233980874,"upper_bound":3284827.003982663},"point_estimate":2571734.9642425776,"standard_error":333484.0997996155},"slope":null,"std_dev":{"confidence_interval":{"confidence_level":0.95,"lower_bound":2359076.623556018,"upper_bound":3165892.3051525475},"point_estimate":2783057.0932360264,"standard_error":208039.7182577296}}