{"mean":{"confidence_interval":{"confidence_level":0.95,"lower_bound":344370664.2,"upper_bound":348213479.03999996},"point_estimate":346306564.6,"standard_error":984357.435888111},"median":{"confidence_interval":{"confidence_level":0.95,"lower_bound":342754757.5,"upper_bound":349273613.0},"point_estimate":346543922.5,"standard_error":2089416.3427635569},"median_abs_dev":{"confidence_interval":{"confidence_level":0.95,"lower_bound":483143.007722497,"upper_bound":5188156.974291801},"point_estimate":4402768.541385233,"standard_error":1305842.833377108},"slope":null,"std_dev":{"confidence_interval":{"confidence_level":0.95,"lower_bound":2263469.4542693654,"upper_bound":3693478.836871751},"point_estimate":3294152.1058183615,"standard_error":367677.1727831171}}