{"mean":{"confidence_interval":{"confidence_level":0.95,"lower_bound":278836158.21875,"upper_bound":279302743.825},"point_estimate":279069508.65,"standard_error":119468.42414005534},"median":{"confidence_interval":{"confidence_level":0.95,"lower_bound":278817984.5,"upper_bound":279398234.5},"point_estimate":279047927.25,"standard_error":136402.17792226476},"median_abs_dev":{"confidence_interval":{"confidence_level":0.95,"lower_bound":117805.17000854015,"upper_bound":663475.7196709514},"point_estimate":316857.5598746538,"standard_error":157926.96121462624},"slope":null,"std_dev":{"confidence_interval":{"confidence_level":0.95,"lower_bound":205969.78489708784,"upper_bound":516337.1035150535},"point_estimate":398873.2488792684,"standard_error":78865.11903641949}}