{"mean":{"confidence_interval":{"confidence_level":0.95,"lower_bound":702168432.53,"upper_bound":702741950.75},"point_estimate":702450971.06,"standard_error":145903.34678372994},"median":{"confidence_interval":{"confidence_level":0.95,"lower_bound":702125188.0,"upper_bound":702568864.0},"point_estimate":702342157.0,"standard_error":108441.70028201527},"median_abs_dev":{"confidence_interval":{"confidence_level":0.95,"lower_bound":763041.5741533041,"upper_bound":1493557.8700840473},"point_estimate":1085753.9213240147,"standard_error":192205.53487449154},"slope":null,"std_dev":{"confidence_interval":{"confidence_level":0.95,"lower_bound":1118935.1826573305,"upper_bound":1823019.8828596866},"point_estimate":1471225.761428409,"standard_error":181115.1667860025}}