{"mean":{"confidence_interval":{"confidence_level":0.95,"lower_bound":11809501507.262499,"upper_bound":11840104476.4},"point_estimate":11824489038.4,"standard_error":7834813.3295169},"median":{"confidence_interval":{"confidence_level":0.95,"lower_bound":11805642098.0,"upper_bound":11854513314.0},"point_estimate":11816713745.5,"standard_error":11870241.39947834},"median_abs_dev":{"confidence_interval":{"confidence_level":0.95,"lower_bound":4181604.284861684,"upper_bound":45356556.07886016},"point_estimate":21999813.975325227,"standard_error":11632169.213021738},"slope":null,"std_dev":{"confidence_interval":{"confidence_level":0.95,"lower_bound":14721148.56350946,"upper_bound":31774564.53745044},"point_estimate":26050389.918374028,"standard_error":4254658.4583845865}}