{"mean":{"confidence_interval":{"confidence_level":0.95,"lower_bound":28088352206.9325,"upper_bound":28425624470.8},"point_estimate":28237650425.2,"standard_error":87042143.19539896},"median":{"confidence_interval":{"confidence_level":0.95,"lower_bound":28010617265.0,"upper_bound":28375740831.5},"point_estimate":28122951152.0,"standard_error":102874368.68445063},"median_abs_dev":{"confidence_interval":{"confidence_level":0.95,"lower_bound":17215170.305469632,"upper_bound":427081668.4121847},"point_estimate":196933327.51493454,"standard_error":98170282.3584053},"slope":null,"std_dev":{"confidence_interval":{"confidence_level":0.95,"lower_bound":113981815.6683413,"upper_bound":408588126.79634035},"point_estimate":289821047.95800465,"standard_error":87214233.50817965}}