{"mean":{"confidence_interval":{"confidence_level":0.95,"lower_bound":-0.04963921956119024,"upper_bound":-0.008157224848562841},"point_estimate":-0.028665497836924736,"standard_error":0.010602429401944878},"median":{"confidence_interval":{"confidence_level":0.95,"lower_bound":-0.04830712431065687,"upper_bound":-0.006086585183411319},"point_estimate":-0.0242657933121172,"standard_error":0.010802309142297158}}