{"mean":{"confidence_interval":{"confidence_level":0.95,"lower_bound":845432759.7,"upper_bound":883587643.4},"point_estimate":864730778.5,"standard_error":9779280.576840112},"median":{"confidence_interval":{"confidence_level":0.95,"lower_bound":838890052.0,"upper_bound":898684249.0},"point_estimate":860053520.5,"standard_error":15960767.548580399},"median_abs_dev":{"confidence_interval":{"confidence_level":0.95,"lower_bound":5644892.652583122,"upper_bound":55339781.62472248},"point_estimate":44190580.155560374,"standard_error":13929830.804938573},"slope":null,"std_dev":{"confidence_interval":{"confidence_level":0.95,"lower_bound":20271869.084147677,"upper_bound":39135556.13818898},"point_estimate":32527549.402895458,"standard_error":4842895.866179495}}