{"mean":{"confidence_interval":{"confidence_level":0.95,"lower_bound":1015390127.2,"upper_bound":1053020433.5274999},"point_estimate":1035199923.3,"standard_error":9595206.784810964},"median":{"confidence_interval":{"confidence_level":0.95,"lower_bound":1017568175.0,"upper_bound":1062056501.0},"point_estimate":1032357826.5,"standard_error":12682424.526416125},"median_abs_dev":{"confidence_interval":{"confidence_level":0.95,"lower_bound":5149615.305376053,"upper_bound":56412689.55857456},"point_estimate":29726155.417755246,"standard_error":12587867.06617492},"slope":null,"std_dev":{"confidence_interval":{"confidence_level":0.95,"lower_bound":16468978.641016291,"upper_bound":43288510.15959663},"point_estimate":32092106.691338845,"standard_error":7467504.0839360505}}