{"mean":{"confidence_interval":{"confidence_level":0.95,"lower_bound":2709743693.2,"upper_bound":2721207065.7075},"point_estimate":2714676379.7,"standard_error":2986997.7471113787},"median":{"confidence_interval":{"confidence_level":0.95,"lower_bound":2708969683.5,"upper_bound":2718797670.5},"point_estimate":2710532817.0,"standard_error":2548180.936192984},"median_abs_dev":{"confidence_interval":{"confidence_level":0.95,"lower_bound":662854.8809319735,"upper_bound":11991582.898306847},"point_estimate":4940515.335488319,"standard_error":3109967.8194431616},"slope":null,"std_dev":{"confidence_interval":{"confidence_level":0.95,"lower_bound":2806235.5496096346,"upper_bound":14240304.979902519},"point_estimate":9976321.190592831,"standard_error":3290869.8975181393}}