{"mean":{"confidence_interval":{"confidence_level":0.95,"lower_bound":81144390.64,"upper_bound":81779305.25},"point_estimate":81448976.24,"standard_error":159478.42467124123},"median":{"confidence_interval":{"confidence_level":0.95,"lower_bound":80893895.0,"upper_bound":81528902.0},"point_estimate":81107743.0,"standard_error":190218.03032679882},"median_abs_dev":{"confidence_interval":{"confidence_level":0.95,"lower_bound":1084867.3265397549,"upper_bound":1920952.8948962688},"point_estimate":1430955.8274954557,"standard_error":239237.7673863511},"slope":null,"std_dev":{"confidence_interval":{"confidence_level":0.95,"lower_bound":1312107.743650491,"upper_bound":1928691.7044985616},"point_estimate":1624327.0463792428,"standard_error":154766.20598979274}}