{"mean":{"confidence_interval":{"confidence_level":0.95,"lower_bound":2624851598.6825,"upper_bound":2629487160.0},"point_estimate":2627184333.6,"standard_error":1190053.1693955462},"median":{"confidence_interval":{"confidence_level":0.95,"lower_bound":2623641112.5,"upper_bound":2630411612.0},"point_estimate":2627219562.5,"standard_error":1529641.6139882843},"median_abs_dev":{"confidence_interval":{"confidence_level":0.95,"lower_bound":1117564.5863592625,"upper_bound":7137298.542487621},"point_estimate":3904701.3116776943,"standard_error":1618175.692148708},"slope":null,"std_dev":{"confidence_interval":{"confidence_level":0.95,"lower_bound":2244605.8723477717,"upper_bound":4953377.913079721},"point_estimate":3958651.787952229,"standard_error":698401.4026246076}}