{"mean":{"confidence_interval":{"confidence_level":0.95,"lower_bound":179908249.67,"upper_bound":180126858.36},"point_estimate":180017533.95,"standard_error":56268.39681059584},"median":{"confidence_interval":{"confidence_level":0.95,"lower_bound":179850854.5,"upper_bound":180134503.0},"point_estimate":179955734.0,"standard_error":73996.18217250086},"median_abs_dev":{"confidence_interval":{"confidence_level":0.95,"lower_bound":406407.3395848274,"upper_bound":708900.7296144962},"point_estimate":514622.3116636276,"standard_error":76349.26517316866},"slope":null,"std_dev":{"confidence_interval":{"confidence_level":0.95,"lower_bound":479010.9519406191,"upper_bound":642985.1145419552},"point_estimate":564461.902966581,"standard_error":41969.85156652046}}