{"mean":{"confidence_interval":{"confidence_level":0.95,"lower_bound":139259148.45,"upper_bound":141009837.73},"point_estimate":140139619.78,"standard_error":445543.7616569482},"median":{"confidence_interval":{"confidence_level":0.95,"lower_bound":137508482.0,"upper_bound":139532786.5},"point_estimate":138045667.5,"standard_error":561727.6443010877},"median_abs_dev":{"confidence_interval":{"confidence_level":0.95,"lower_bound":2036664.6337419748,"upper_bound":5939074.587160349},"point_estimate":4309139.01719749,"standard_error":943479.1193339549},"slope":null,"std_dev":{"confidence_interval":{"confidence_level":0.95,"lower_bound":4067163.194647947,"upper_bound":4807348.743661637},"point_estimate":4489482.914127334,"standard_error":196126.84232041493}}