{"mean":{"confidence_interval":{"confidence_level":0.95,"lower_bound":120084398.77,"upper_bound":120573195.09},"point_estimate":120331080.4,"standard_error":124846.22009587451},"median":{"confidence_interval":{"confidence_level":0.95,"lower_bound":120072387.5,"upper_bound":120534484.5},"point_estimate":120359762.0,"standard_error":113182.34032274016},"median_abs_dev":{"confidence_interval":{"confidence_level":0.95,"lower_bound":955927.5898063928,"upper_bound":1603271.0094362497},"point_estimate":1204391.5712177753,"standard_error":169407.0446092202},"slope":null,"std_dev":{"confidence_interval":{"confidence_level":0.95,"lower_bound":1083321.9810114964,"upper_bound":1441589.96299981},"point_estimate":1261807.0492320757,"standard_error":90053.30021207788}}