{"mean":{"confidence_interval":{"confidence_level":0.95,"lower_bound":406483165.9,"upper_bound":421470386.93},"point_estimate":413925113.8,"standard_error":3823529.7790637957},"median":{"confidence_interval":{"confidence_level":0.95,"lower_bound":404101339.5,"upper_bound":422140084.5},"point_estimate":414314371.5,"standard_error":3981239.9380518817},"median_abs_dev":{"confidence_interval":{"confidence_level":0.95,"lower_bound":785566.7155534029,"upper_bound":22793438.992385566},"point_estimate":11691778.94462943,"standard_error":5255823.807019895},"slope":null,"std_dev":{"confidence_interval":{"confidence_level":0.95,"lower_bound":6124724.640506095,"upper_bound":17117112.265053444},"point_estimate":12763444.390641322,"standard_error":2838690.5425719204}}