{"mean":{"confidence_interval":{"confidence_level":0.95,"lower_bound":624164489.59,"upper_bound":646755828.9725},"point_estimate":635991286.4,"standard_error":5795085.040665315},"median":{"confidence_interval":{"confidence_level":0.95,"lower_bound":619457679.0,"upper_bound":652444521.0},"point_estimate":643351505.5,"standard_error":9183971.545115162},"median_abs_dev":{"confidence_interval":{"confidence_level":0.95,"lower_bound":3444503.021147847,"upper_bound":31622595.004686713},"point_estimate":17371066.434001923,"standard_error":7717583.449068209},"slope":null,"std_dev":{"confidence_interval":{"confidence_level":0.95,"lower_bound":10166967.125667363,"upper_bound":23477796.07966776},"point_estimate":19343644.5545288,"standard_error":3371796.6549367816}}