{"mean":{"confidence_interval":{"confidence_level":0.95,"lower_bound":120898576608.02751,"upper_bound":121110695725.9},"point_estimate":121006058103.9,"standard_error":54442513.23695545},"median":{"confidence_interval":{"confidence_level":0.95,"lower_bound":120837024953.0,"upper_bound":121144601322.5},"point_estimate":121038442679.5,"standard_error":96184772.48655657},"median_abs_dev":{"confidence_interval":{"confidence_level":0.95,"lower_bound":9067943.193411827,"upper_bound":287077784.7462505},"point_estimate":199521907.78007805,"standard_error":77207181.75936997},"slope":null,"std_dev":{"confidence_interval":{"confidence_level":0.95,"lower_bound":112341865.294838,"upper_bound":219416407.04770386},"point_estimate":181065347.85719743,"standard_error":27198475.205664657}}