{"mean":{"confidence_interval":{"confidence_level":0.95,"lower_bound":366447910.4,"upper_bound":374954454.5},"point_estimate":370842885.45,"standard_error":2177016.1274239495},"median":{"confidence_interval":{"confidence_level":0.95,"lower_bound":364785944.0,"upper_bound":376241276.5},"point_estimate":372379662.75,"standard_error":3033348.80195314},"median_abs_dev":{"confidence_interval":{"confidence_level":0.95,"lower_bound":984819.99771595,"upper_bound":11763497.494456172},"point_estimate":5877108.950610459,"standard_error":2951623.0178923556},"slope":null,"std_dev":{"confidence_interval":{"confidence_level":0.95,"lower_bound":3639261.339628055,"upper_bound":9069526.404682001},"point_estimate":7249932.849943046,"standard_error":1353183.2453620522}}