{"mean":{"confidence_interval":{"confidence_level":0.95,"lower_bound":50445027.17,"upper_bound":50534431.05},"point_estimate":50489252.24,"standard_error":22885.59564366598},"median":{"confidence_interval":{"confidence_level":0.95,"lower_bound":50390232.0,"upper_bound":50530931.0},"point_estimate":50435541.5,"standard_error":41467.67725493079},"median_abs_dev":{"confidence_interval":{"confidence_level":0.95,"lower_bound":194953.7422388792,"upper_bound":308831.5049171448},"point_estimate":252254.74862158298,"standard_error":29529.939454582858},"slope":null,"std_dev":{"confidence_interval":{"confidence_level":0.95,"lower_bound":204433.16852155406,"upper_bound":257761.8758677838},"point_estimate":232887.08410287986,"standard_error":13393.635073800377}}