{"mean":{"confidence_interval":{"confidence_level":0.95,"lower_bound":-0.0020911072567852407,"upper_bound":0.0015280494183599151},"point_estimate":-0.00032473254782305894,"standard_error":0.0009192496725432969},"median":{"confidence_interval":{"confidence_level":0.95,"lower_bound":-0.0021517051306044754,"upper_bound":0.0029922848022154724},"point_estimate":-0.0008206109905438685,"standard_error":0.0014078740897698944}}