{"mean":{"confidence_interval":{"confidence_level":0.95,"lower_bound":28264476638.4,"upper_bound":28545476255.4825},"point_estimate":28398510279.1,"standard_error":71943624.81729935},"median":{"confidence_interval":{"confidence_level":0.95,"lower_bound":28213033341.0,"upper_bound":28577078197.0},"point_estimate":28356502543.5,"standard_error":98684811.66576236},"median_abs_dev":{"confidence_interval":{"confidence_level":0.95,"lower_bound":51240314.11970258,"upper_bound":398839679.33498025},"point_estimate":253136893.38202178,"standard_error":84836066.71228471},"slope":null,"std_dev":{"confidence_interval":{"confidence_level":0.95,"lower_bound":127472893.08289558,"upper_bound":308595302.9130989},"point_estimate":239976136.53513435,"standard_error":47728772.92185728}}