{"mean":{"confidence_interval":{"confidence_level":0.95,"lower_bound":122520089.89,"upper_bound":122953464.67},"point_estimate":122734489.09,"standard_error":111218.32234342746},"median":{"confidence_interval":{"confidence_level":0.95,"lower_bound":122311887.5,"upper_bound":122821893.0},"point_estimate":122491430.0,"standard_error":127431.78915048936},"median_abs_dev":{"confidence_interval":{"confidence_level":0.95,"lower_bound":675318.3576107025,"upper_bound":1054983.3001703024},"point_estimate":844594.9509054422,"standard_error":100528.26602792999},"slope":null,"std_dev":{"confidence_interval":{"confidence_level":0.95,"lower_bound":855528.7324321131,"upper_bound":1344768.5475440763},"point_estimate":1102488.6611901228,"standard_error":126169.32708579465}}