{"mean":{"confidence_interval":{"confidence_level":0.95,"lower_bound":1045253259.8525,"upper_bound":1093087485.1875},"point_estimate":1068797621.4,"standard_error":12245122.811985357},"median":{"confidence_interval":{"confidence_level":0.95,"lower_bound":1034522044.0,"upper_bound":1102960225.0},"point_estimate":1061975091.0,"standard_error":19955352.08009764},"median_abs_dev":{"confidence_interval":{"confidence_level":0.95,"lower_bound":9339980.273482203,"upper_bound":66972276.58550441},"point_estimate":42442395.37689686,"standard_error":15132930.381844664},"slope":null,"std_dev":{"confidence_interval":{"confidence_level":0.95,"lower_bound":24556887.770296074,"upper_bound":50073034.26662352},"point_estimate":40874980.74514597,"standard_error":6511993.003915958}}