{"mean":{"confidence_interval":{"confidence_level":0.95,"lower_bound":4549799973.8,"upper_bound":4627731424.1},"point_estimate":4587282593.5,"standard_error":19958028.193326138},"median":{"confidence_interval":{"confidence_level":0.95,"lower_bound":4534986186.0,"upper_bound":4630036337.0},"point_estimate":4584383612.0,"standard_error":23271981.74574905},"median_abs_dev":{"confidence_interval":{"confidence_level":0.95,"lower_bound":7394603.76791954,"upper_bound":113175417.2644347},"point_estimate":70460675.68537295,"standard_error":27324106.70934768},"slope":null,"std_dev":{"confidence_interval":{"confidence_level":0.95,"lower_bound":34609750.87899142,"upper_bound":84482455.42616211},"point_estimate":66522492.68735924,"standard_error":12721959.253913233}}