{"mean":{"confidence_interval":{"confidence_level":0.95,"lower_bound":659637787.5525,"upper_bound":682267166.54},"point_estimate":670277155.9,"standard_error":5809231.500307872},"median":{"confidence_interval":{"confidence_level":0.95,"lower_bound":654924139.5,"upper_bound":681739312.0},"point_estimate":669113012.5,"standard_error":7289313.002563797},"median_abs_dev":{"confidence_interval":{"confidence_level":0.95,"lower_bound":3400625.827044535,"upper_bound":31931938.006594777},"point_estimate":17827561.931097507,"standard_error":6791884.602259384},"slope":null,"std_dev":{"confidence_interval":{"confidence_level":0.95,"lower_bound":9582449.988546075,"upper_bound":25847291.938870586},"point_estimate":19331833.140787885,"standard_error":4463914.848880993}}