{"mean":{"confidence_interval":{"confidence_level":0.95,"lower_bound":1049249788.8,"upper_bound":1100012355.375},"point_estimate":1074815512.0,"standard_error":13020625.423655644},"median":{"confidence_interval":{"confidence_level":0.95,"lower_bound":1025684502.0,"upper_bound":1110809964.5},"point_estimate":1089002517.0,"standard_error":23536481.42863729},"median_abs_dev":{"confidence_interval":{"confidence_level":0.95,"lower_bound":2134070.7107126713,"upper_bound":70620697.88963199},"point_estimate":58874333.320471644,"standard_error":18863519.63879848},"slope":null,"std_dev":{"confidence_interval":{"confidence_level":0.95,"lower_bound":27931384.04538459,"upper_bound":51023408.17277009},"point_estimate":43344225.09159209,"standard_error":5935594.5911341645}}