{"mean":{"confidence_interval":{"confidence_level":0.95,"lower_bound":207632171.19375,"upper_bound":218371865.55},"point_estimate":212649856.45,"standard_error":2751955.4103035457},"median":{"confidence_interval":{"confidence_level":0.95,"lower_bound":206226501.0,"upper_bound":218362888.0},"point_estimate":211038569.5,"standard_error":2934362.5433387},"median_abs_dev":{"confidence_interval":{"confidence_level":0.95,"lower_bound":1873490.0512889028,"upper_bound":15037460.747131705},"point_estimate":7863684.314891696,"standard_error":3362467.578249736},"slope":null,"std_dev":{"confidence_interval":{"confidence_level":0.95,"lower_bound":4116973.919584398,"upper_bound":12037297.52857745},"point_estimate":9179938.998971416,"standard_error":2074894.2581936175}}