{"mean":{"confidence_interval":{"confidence_level":0.95,"lower_bound":67206213.82975,"upper_bound":67700072.96675},"point_estimate":67453416.31,"standard_error":126581.52032240447},"median":{"confidence_interval":{"confidence_level":0.95,"lower_bound":67081706.0,"upper_bound":67619892.5},"point_estimate":67372754.0,"standard_error":158216.77882113116},"median_abs_dev":{"confidence_interval":{"confidence_level":0.95,"lower_bound":945675.6519109011,"upper_bound":1846578.2672166824},"point_estimate":1430001.0331124067,"standard_error":220962.86009792934},"slope":null,"std_dev":{"confidence_interval":{"confidence_level":0.95,"lower_bound":1131706.5572239314,"upper_bound":1439035.73751244},"point_estimate":1295488.9040829467,"standard_error":78122.60054074532}}