{"mean":{"confidence_interval":{"confidence_level":0.95,"lower_bound":5646793155.5,"upper_bound":5717457796.2},"point_estimate":5681895558.4,"standard_error":18113405.726666514},"median":{"confidence_interval":{"confidence_level":0.95,"lower_bound":5622912016.0,"upper_bound":5733438661.5},"point_estimate":5679115439.5,"standard_error":39921956.32960847},"median_abs_dev":{"confidence_interval":{"confidence_level":0.95,"lower_bound":7276011.337324977,"upper_bound":88146355.76418936},"point_estimate":80730662.75294423,"standard_error":25719584.24716327},"slope":null,"std_dev":{"confidence_interval":{"confidence_level":0.95,"lower_bound":42234180.81454627,"upper_bound":68596169.68052843},"point_estimate":60403323.31967122,"standard_error":6866185.230808808}}