{"mean":{"confidence_interval":{"confidence_level":0.95,"lower_bound":1691565901.4624999,"upper_bound":1754469609.925},"point_estimate":1722532356.2,"standard_error":16060368.979408313},"median":{"confidence_interval":{"confidence_level":0.95,"lower_bound":1686231528.0,"upper_bound":1757812778.0},"point_estimate":1727583641.5,"standard_error":17156774.27516159},"median_abs_dev":{"confidence_interval":{"confidence_level":0.95,"lower_bound":6036021.058139205,"upper_bound":91739404.92449999},"point_estimate":50191081.08353019,"standard_error":22890345.774082012},"slope":null,"std_dev":{"confidence_interval":{"confidence_level":0.95,"lower_bound":24686690.10877135,"upper_bound":70920664.44797191},"point_estimate":53430662.99843044,"standard_error":11588007.69807485}}