{"mean":{"confidence_interval":{"confidence_level":0.95,"lower_bound":-0.02649868938401058,"upper_bound":0.010613332052698335},"point_estimate":-0.008311399732275238,"standard_error":0.00949498048850307},"median":{"confidence_interval":{"confidence_level":0.95,"lower_bound":-0.03911102047188042,"upper_bound":0.024021730541857522},"point_estimate":-0.013126602872714055,"standard_error":0.016372297927515808}}