{"mean":{"confidence_interval":{"confidence_level":0.95,"lower_bound":267690622.3,"upper_bound":278900254.845},"point_estimate":273054524.4,"standard_error":2874873.231745736},"median":{"confidence_interval":{"confidence_level":0.95,"lower_bound":266244506.25,"upper_bound":282799837.0},"point_estimate":269685623.75,"standard_error":4276225.3076375015},"median_abs_dev":{"confidence_interval":{"confidence_level":0.95,"lower_bound":794286.2566486001,"upper_bound":15046391.558723152},"point_estimate":5531578.648544848,"standard_error":3970829.1571567543},"slope":null,"std_dev":{"confidence_interval":{"confidence_level":0.95,"lower_bound":4412390.662041049,"upper_bound":11462406.57019888},"point_estimate":9538871.403700063,"standard_error":1662326.2731923403}}