{"mean":{"confidence_interval":{"confidence_level":0.95,"lower_bound":179530101.64150003,"upper_bound":179775984.49},"point_estimate":179650475.01,"standard_error":62168.97523152707},"median":{"confidence_interval":{"confidence_level":0.95,"lower_bound":179512837.0,"upper_bound":179830574.5},"point_estimate":179650361.0,"standard_error":67227.91260499645},"median_abs_dev":{"confidence_interval":{"confidence_level":0.95,"lower_bound":531005.041372776,"upper_bound":826951.2699186802},"point_estimate":655846.6308563948,"standard_error":68540.54285407127},"slope":null,"std_dev":{"confidence_interval":{"confidence_level":0.95,"lower_bound":544960.6454550785,"upper_bound":689433.1559650777},"point_estimate":620544.7749552097,"standard_error":36846.941605623106}}