{"mean":{"confidence_interval":{"confidence_level":0.95,"lower_bound":1739379240.5349998,"upper_bound":1800039860.8574998},"point_estimate":1767455891.9,"standard_error":15531961.938960278},"median":{"confidence_interval":{"confidence_level":0.95,"lower_bound":1729208951.0,"upper_bound":1800628511.0},"point_estimate":1755204597.0,"standard_error":16839069.049299035},"median_abs_dev":{"confidence_interval":{"confidence_level":0.95,"lower_bound":7722071.554505825,"upper_bound":81017544.36525106},"point_estimate":50676902.408105135,"standard_error":20239849.499390103},"slope":null,"std_dev":{"confidence_interval":{"confidence_level":0.95,"lower_bound":23387802.64440383,"upper_bound":70302575.81797656},"point_estimate":51752266.35749533,"standard_error":12968751.265885258}}