{"mean":{"confidence_interval":{"confidence_level":0.95,"lower_bound":1215616555.4875,"upper_bound":1227594754.6},"point_estimate":1221132770.1,"standard_error":3084032.2265914287},"median":{"confidence_interval":{"confidence_level":0.95,"lower_bound":1213581260.0,"upper_bound":1225714960.5},"point_estimate":1221139511.0,"standard_error":3377503.0726832305},"median_abs_dev":{"confidence_interval":{"confidence_level":0.95,"lower_bound":1990836.7272555828,"upper_bound":15545612.9925102},"point_estimate":9545260.324537754,"standard_error":3483024.055590126},"slope":null,"std_dev":{"confidence_interval":{"confidence_level":0.95,"lower_bound":4659134.663735869,"upper_bound":14238279.823211571},"point_estimate":10305583.931367762,"standard_error":2728116.7482811306}}