{"mean":{"confidence_interval":{"confidence_level":0.95,"lower_bound":229621687.03333336,"upper_bound":230612465.9},"point_estimate":230028241.53333336,"standard_error":262970.45405021997},"median":{"confidence_interval":{"confidence_level":0.95,"lower_bound":229522519.0,"upper_bound":230246877.33333334},"point_estimate":229666537.5,"standard_error":204142.7734371103},"median_abs_dev":{"confidence_interval":{"confidence_level":0.95,"lower_bound":20161.13574206829,"upper_bound":880572.9573667197},"point_estimate":415501.6078233719,"standard_error":214711.6574590923},"slope":null,"std_dev":{"confidence_interval":{"confidence_level":0.95,"lower_bound":234576.91080073486,"upper_bound":1310689.2705777653},"point_estimate":877769.8701030787,"standard_error":345350.81540304126}}