{"mean":{"confidence_interval":{"confidence_level":0.95,"lower_bound":573578238.2475001,"upper_bound":615368381.8},"point_estimate":594988727.6,"standard_error":10720946.738885818},"median":{"confidence_interval":{"confidence_level":0.95,"lower_bound":564581028.0,"upper_bound":630935100.0},"point_estimate":597559223.5,"standard_error":15905855.092765043},"median_abs_dev":{"confidence_interval":{"confidence_level":0.95,"lower_bound":9109647.248071432,"upper_bound":62329725.297126174},"point_estimate":43280257.10002184,"standard_error":13624505.310295569},"slope":null,"std_dev":{"confidence_interval":{"confidence_level":0.95,"lower_bound":20830948.713468198,"upper_bound":43698533.53578824},"point_estimate":35647427.91688987,"standard_error":5824969.009067833}}