{"mean":{"confidence_interval":{"confidence_level":0.95,"lower_bound":6377292432.115,"upper_bound":6402238731.7},"point_estimate":6389458799.8,"standard_error":6383418.058021882},"median":{"confidence_interval":{"confidence_level":0.95,"lower_bound":6374207822.5,"upper_bound":6405378738.5},"point_estimate":6388496352.0,"standard_error":7828674.756099719},"median_abs_dev":{"confidence_interval":{"confidence_level":0.95,"lower_bound":1840026.6579329967,"upper_bound":36251246.17701173},"point_estimate":20058948.28018248,"standard_error":8855379.484102545},"slope":null,"std_dev":{"confidence_interval":{"confidence_level":0.95,"lower_bound":10627162.850754475,"upper_bound":26845405.365376357},"point_estimate":21228924.673333615,"standard_error":4027082.0455296603}}