{"mean":{"confidence_interval":{"confidence_level":0.95,"lower_bound":3197034055.1,"upper_bound":3206823434.1},"point_estimate":3202390323.2,"standard_error":2532861.1743330457},"median":{"confidence_interval":{"confidence_level":0.95,"lower_bound":3197873763.0,"upper_bound":3207236706.5},"point_estimate":3205268210.5,"standard_error":2245615.5741344662},"median_abs_dev":{"confidence_interval":{"confidence_level":0.95,"lower_bound":729929.9276411533,"upper_bound":11992376.830592752},"point_estimate":5362830.972790718,"standard_error":3040375.383773742},"slope":null,"std_dev":{"confidence_interval":{"confidence_level":0.95,"lower_bound":2900557.1524318624,"upper_bound":11766376.70514606},"point_estimate":8469082.37699807,"standard_error":2472428.1222392716}}