{"mean":{"confidence_interval":{"confidence_level":0.95,"lower_bound":384339520.15,"upper_bound":393121317.72625},"point_estimate":388753855.45,"standard_error":2242179.7853561267},"median":{"confidence_interval":{"confidence_level":0.95,"lower_bound":382761997.0,"upper_bound":396346950.0},"point_estimate":387034182.75,"standard_error":4230386.295172861},"median_abs_dev":{"confidence_interval":{"confidence_level":0.95,"lower_bound":500365.6303167343,"upper_bound":13306742.84940809},"point_estimate":10283168.122637272,"standard_error":3453864.013856771},"slope":null,"std_dev":{"confidence_interval":{"confidence_level":0.95,"lower_bound":4867636.555353395,"upper_bound":8965725.852735372},"point_estimate":7457180.832949058,"standard_error":1082231.8871805714}}