{"mean":{"confidence_interval":{"confidence_level":0.95,"lower_bound":360207221.28999996,"upper_bound":362241299.5025},"point_estimate":361196665.6,"standard_error":520584.2618631926},"median":{"confidence_interval":{"confidence_level":0.95,"lower_bound":359544328.0,"upper_bound":362565130.0},"point_estimate":360984199.75,"standard_error":847360.6513091045},"median_abs_dev":{"confidence_interval":{"confidence_level":0.95,"lower_bound":320890.9731030464,"upper_bound":2931783.9972004294},"point_estimate":2162782.741802931,"standard_error":680162.5029476444},"slope":null,"std_dev":{"confidence_interval":{"confidence_level":0.95,"lower_bound":1008306.9860385899,"upper_bound":2111512.3737884443},"point_estimate":1735564.1031971227,"standard_error":280848.4490969912}}