{"mean":{"confidence_interval":{"confidence_level":0.95,"lower_bound":1059080986.3,"upper_bound":1063624666.9},"point_estimate":1061324870.0,"standard_error":1162928.6153305096},"median":{"confidence_interval":{"confidence_level":0.95,"lower_bound":1058747478.0,"upper_bound":1064838714.0},"point_estimate":1060373354.5,"standard_error":1676037.6108843312},"median_abs_dev":{"confidence_interval":{"confidence_level":0.95,"lower_bound":572524.5123356581,"upper_bound":6493037.689125538},"point_estimate":3590750.3890514374,"standard_error":1636305.8477910776},"slope":null,"std_dev":{"confidence_interval":{"confidence_level":0.95,"lower_bound":2141918.2048216187,"upper_bound":4880033.560195601},"point_estimate":3858919.8371776124,"standard_error":694529.2423791204}}