{"mean":{"confidence_interval":{"confidence_level":0.95,"lower_bound":0.04160659300136806,"upper_bound":0.13173582555542587},"point_estimate":0.08381029704738219,"standard_error":0.02314875357554652},"median":{"confidence_interval":{"confidence_level":0.95,"lower_bound":0.01383626778728897,"upper_bound":0.1403993628196667},"point_estimate":0.07152788513522124,"standard_error":0.031794151862816984}}