{"mean":{"confidence_interval":{"confidence_level":0.95,"lower_bound":566286226.475,"upper_bound":594893822.4},"point_estimate":578357677.5,"standard_error":7453250.458566997},"median":{"confidence_interval":{"confidence_level":0.95,"lower_bound":559339348.0,"upper_bound":582951244.0},"point_estimate":575940669.0,"standard_error":6542828.253701623},"median_abs_dev":{"confidence_interval":{"confidence_level":0.95,"lower_bound":2590396.45011127,"upper_bound":30330062.12373376},"point_estimate":13600372.144845128,"standard_error":6689861.413666634},"slope":null,"std_dev":{"confidence_interval":{"confidence_level":0.95,"lower_bound":8385499.581107532,"upper_bound":36496308.19044831},"point_estimate":24795532.619539972,"standard_error":8904127.812898438}}