{"mean":{"confidence_interval":{"confidence_level":0.95,"lower_bound":149685368.97,"upper_bound":149957157.15},"point_estimate":149820123.44,"standard_error":68959.57900950432},"median":{"confidence_interval":{"confidence_level":0.95,"lower_bound":149474406.5,"upper_bound":149937594.0},"point_estimate":149775804.5,"standard_error":99077.52537124186},"median_abs_dev":{"confidence_interval":{"confidence_level":0.95,"lower_bound":576913.0082577467,"upper_bound":910397.9268372059},"point_estimate":774103.25255692,"standard_error":86468.69688016942},"slope":null,"std_dev":{"confidence_interval":{"confidence_level":0.95,"lower_bound":605426.3883366449,"upper_bound":768186.1614880485},"point_estimate":691664.8091410229,"standard_error":41181.67056168286}}