{"mean":{"confidence_interval":{"confidence_level":0.95,"lower_bound":-0.0732512605759828,"upper_bound":0.015498711219754132},"point_estimate":-0.03126244569116532,"standard_error":0.022772709019021103},"median":{"confidence_interval":{"confidence_level":0.95,"lower_bound":-0.0823371637994359,"upper_bound":0.03051265409058823},"point_estimate":-0.03464786667777242,"standard_error":0.029179880366058553}}