{"mean":{"confidence_interval":{"confidence_level":0.95,"lower_bound":507265369.0025,"upper_bound":511151330.7025},"point_estimate":509013100.5,"standard_error":1004830.6675042105},"median":{"confidence_interval":{"confidence_level":0.95,"lower_bound":506807310.0,"upper_bound":511010258.5},"point_estimate":508296105.0,"standard_error":854207.150290607},"median_abs_dev":{"confidence_interval":{"confidence_level":0.95,"lower_bound":360847.7836936712,"upper_bound":4696771.452015638},"point_estimate":1602609.0285480022,"standard_error":1174292.4646429466},"slope":null,"std_dev":{"confidence_interval":{"confidence_level":0.95,"lower_bound":1071927.7201130267,"upper_bound":4527629.418582608},"point_estimate":3357493.4659822662,"standard_error":937491.1801614384}}