{"mean":{"confidence_interval":{"confidence_level":0.95,"lower_bound":1398183953.1799998,"upper_bound":1428440614.8},"point_estimate":1412886716.8,"standard_error":7699113.342855741},"median":{"confidence_interval":{"confidence_level":0.95,"lower_bound":1393834780.0,"upper_bound":1434948756.0},"point_estimate":1412720653.0,"standard_error":8335111.177310254},"median_abs_dev":{"confidence_interval":{"confidence_level":0.95,"lower_bound":3266442.023009062,"upper_bound":46562621.50544822},"point_estimate":19477227.200210094,"standard_error":12043894.71266578},"slope":null,"std_dev":{"confidence_interval":{"confidence_level":0.95,"lower_bound":12645934.677354107,"upper_bound":32989407.195800487},"point_estimate":25731700.201214094,"standard_error":5121918.119563765}}