{"mean":{"confidence_interval":{"confidence_level":0.95,"lower_bound":-0.00711424598949446,"upper_bound":0.023047022172857166},"point_estimate":0.007954277744024685,"standard_error":0.007676380229857639},"median":{"confidence_interval":{"confidence_level":0.95,"lower_bound":-0.008806956757671736,"upper_bound":0.025120703870098016},"point_estimate":0.008097274238546337,"standard_error":0.008325237562470429}}