{"mean":{"confidence_interval":{"confidence_level":0.95,"lower_bound":368738764.755,"upper_bound":377766289.5},"point_estimate":372839813.8,"standard_error":2320826.5234229546},"median":{"confidence_interval":{"confidence_level":0.95,"lower_bound":368274813.0,"upper_bound":376575445.5},"point_estimate":371041823.75,"standard_error":2259861.927826823},"median_abs_dev":{"confidence_interval":{"confidence_level":0.95,"lower_bound":1220247.9779362679,"upper_bound":11018293.821886182},"point_estimate":5875780.541034043,"standard_error":2495842.681457236},"slope":null,"std_dev":{"confidence_interval":{"confidence_level":0.95,"lower_bound":3114638.6690159566,"upper_bound":10819064.455614064},"point_estimate":7729745.586974588,"standard_error":2196832.385382771}}