{"mean":{"confidence_interval":{"confidence_level":0.95,"lower_bound":568290543.7,"upper_bound":592015924.5350001},"point_estimate":580424739.9,"standard_error":6040291.496522868},"median":{"confidence_interval":{"confidence_level":0.95,"lower_bound":558707720.5,"upper_bound":596185064.0},"point_estimate":593890172.0,"standard_error":13156366.532984728},"median_abs_dev":{"confidence_interval":{"confidence_level":0.95,"lower_bound":775454.6424329281,"upper_bound":29677738.150414824},"point_estimate":6157924.87577498,"standard_error":9485518.889561357},"slope":null,"std_dev":{"confidence_interval":{"confidence_level":0.95,"lower_bound":11691535.412177114,"upper_bound":21835263.776996877},"point_estimate":20036321.513529442,"standard_error":2560926.526169504}}