{"mean":{"confidence_interval":{"confidence_level":0.95,"lower_bound":65533467330.6075,"upper_bound":65995105940.48},"point_estimate":65756134231.3,"standard_error":118359824.89349723},"median":{"confidence_interval":{"confidence_level":0.95,"lower_bound":65428054804.0,"upper_bound":66209442337.0},"point_estimate":65580675316.0,"standard_error":219738473.63649434},"median_abs_dev":{"confidence_interval":{"confidence_level":0.95,"lower_bound":61518549.63222742,"upper_bound":617222921.5298027},"point_estimate":340613451.24960244,"standard_error":160734929.78221828},"slope":null,"std_dev":{"confidence_interval":{"confidence_level":0.95,"lower_bound":243663098.4795576,"upper_bound":451503578.1114021},"point_estimate":392883250.8748566,"standard_error":54484979.54156987}}