{"mean":{"confidence_interval":{"confidence_level":0.95,"lower_bound":1211949581.1375,"upper_bound":1241159150.1},"point_estimate":1226723550.3,"standard_error":7472371.346583406},"median":{"confidence_interval":{"confidence_level":0.95,"lower_bound":1210041727.0,"upper_bound":1243883329.0},"point_estimate":1227579914.5,"standard_error":8167101.629763773},"median_abs_dev":{"confidence_interval":{"confidence_level":0.95,"lower_bound":4058884.295940399,"upper_bound":43621542.71836281},"point_estimate":21080322.521549463,"standard_error":9336822.402361518},"slope":null,"std_dev":{"confidence_interval":{"confidence_level":0.95,"lower_bound":12491253.106161973,"upper_bound":32916460.577313248},"point_estimate":24924507.858955897,"standard_error":5286309.388282516}}