{"mean":{"confidence_interval":{"confidence_level":0.95,"lower_bound":205919859.50625,"upper_bound":209963046.16375},"point_estimate":207890463.1,"standard_error":1034163.4024863832},"median":{"confidence_interval":{"confidence_level":0.95,"lower_bound":205872243.5,"upper_bound":209812212.25},"point_estimate":207644885.75,"standard_error":1070005.144404137},"median_abs_dev":{"confidence_interval":{"confidence_level":0.95,"lower_bound":780799.4153380394,"upper_bound":5737585.914887488},"point_estimate":2467840.2884870768,"standard_error":1228783.9757690602},"slope":null,"std_dev":{"confidence_interval":{"confidence_level":0.95,"lower_bound":1499831.899577837,"upper_bound":4689255.904955752},"point_estimate":3445870.8616627897,"standard_error":827404.1526156464}}