{"mean":{"confidence_interval":{"confidence_level":0.95,"lower_bound":1387868910.2775002,"upper_bound":1423577624.685},"point_estimate":1405566066.1,"standard_error":9189102.638969263},"median":{"confidence_interval":{"confidence_level":0.95,"lower_bound":1377491945.5,"upper_bound":1431263045.0},"point_estimate":1405563159.5,"standard_error":14730379.299379025},"median_abs_dev":{"confidence_interval":{"confidence_level":0.95,"lower_bound":7731325.20224154,"upper_bound":52358015.10525942},"point_estimate":35169459.69321728,"standard_error":11159192.860495856},"slope":null,"std_dev":{"confidence_interval":{"confidence_level":0.95,"lower_bound":18897891.27926085,"upper_bound":37047342.320245795},"point_estimate":30645835.65881439,"standard_error":4615430.534207592}}