{"mean":{"confidence_interval":{"confidence_level":0.95,"lower_bound":8309097634.7,"upper_bound":8337473411.8},"point_estimate":8322800309.3,"standard_error":7294084.696770186},"median":{"confidence_interval":{"confidence_level":0.95,"lower_bound":8303056498.0,"upper_bound":8347027689.0},"point_estimate":8311130010.5,"standard_error":12423933.464127399},"median_abs_dev":{"confidence_interval":{"confidence_level":0.95,"lower_bound":726244.9254065752,"upper_bound":38877920.36587894},"point_estimate":22987232.970795035,"standard_error":10343896.347450245},"slope":null,"std_dev":{"confidence_interval":{"confidence_level":0.95,"lower_bound":14190219.39266638,"upper_bound":29321247.650421377},"point_estimate":24426780.586073607,"standard_error":3873471.6393703287}}