{"mean":{"confidence_interval":{"confidence_level":0.95,"lower_bound":1010523715.6,"upper_bound":1077078671.15},"point_estimate":1043706768.2,"standard_error":17040495.227942005},"median":{"confidence_interval":{"confidence_level":0.95,"lower_bound":998541803.5,"upper_bound":1078820881.0},"point_estimate":1049603192.5,"standard_error":18152394.06496101},"median_abs_dev":{"confidence_interval":{"confidence_level":0.95,"lower_bound":7642664.241215587,"upper_bound":98484901.21974349},"point_estimate":39217543.24834943,"standard_error":24366495.215149153},"slope":null,"std_dev":{"confidence_interval":{"confidence_level":0.95,"lower_bound":28209809.93043667,"upper_bound":74433117.76478097},"point_estimate":56741358.78136661,"standard_error":11808833.36648601}}