{"mean":{"confidence_interval":{"confidence_level":0.95,"lower_bound":-0.007078768247036615,"upper_bound":0.003005779546420118},"point_estimate":-0.0017398811526266877,"standard_error":0.0025918082071772325},"median":{"confidence_interval":{"confidence_level":0.95,"lower_bound":-0.004834030146477986,"upper_bound":0.004870785280701506},"point_estimate":0.0002913390414431838,"standard_error":0.0025928475287720853}}