{"mean":{"confidence_interval":{"confidence_level":0.95,"lower_bound":1389750136.9725,"upper_bound":1426631430.2},"point_estimate":1409362710.0,"standard_error":9464484.736797519},"median":{"confidence_interval":{"confidence_level":0.95,"lower_bound":1387783904.0,"upper_bound":1435737632.0},"point_estimate":1416479303.5,"standard_error":12405269.049365954},"median_abs_dev":{"confidence_interval":{"confidence_level":0.95,"lower_bound":4934690.200191736,"upper_bound":51059707.497408986},"point_estimate":32389846.421465278,"standard_error":11840178.516545571},"slope":null,"std_dev":{"confidence_interval":{"confidence_level":0.95,"lower_bound":14423952.116877513,"upper_bound":40448359.437111914},"point_estimate":31458817.40359757,"standard_error":6693580.590172888}}