{"mean":{"confidence_interval":{"confidence_level":0.95,"lower_bound":138885433.73,"upper_bound":139137090.47},"point_estimate":139013726.36,"standard_error":63632.71365626431},"median":{"confidence_interval":{"confidence_level":0.95,"lower_bound":139151892.0,"upper_bound":139354526.5},"point_estimate":139304736.5,"standard_error":58423.94472899924},"median_abs_dev":{"confidence_interval":{"confidence_level":0.95,"lower_bound":249430.39567172527,"upper_bound":693082.1291953325},"point_estimate":389262.5534892082,"standard_error":123346.75727158009},"slope":null,"std_dev":{"confidence_interval":{"confidence_level":0.95,"lower_bound":557089.5908246734,"upper_bound":704697.7264210304},"point_estimate":638530.1240601204,"standard_error":37231.88613261687}}