{"mean":{"confidence_interval":{"confidence_level":0.95,"lower_bound":154725243.473,"upper_bound":155288070.13},"point_estimate":154996987.74,"standard_error":143641.5176666043},"median":{"confidence_interval":{"confidence_level":0.95,"lower_bound":154367470.0,"upper_bound":155068683.5},"point_estimate":154729976.0,"standard_error":169999.5541022805},"median_abs_dev":{"confidence_interval":{"confidence_level":0.95,"lower_bound":1033125.328758359,"upper_bound":1698744.5173412561},"point_estimate":1444309.6054583788,"standard_error":171133.18829023416},"slope":null,"std_dev":{"confidence_interval":{"confidence_level":0.95,"lower_bound":1199527.342417381,"upper_bound":1815012.04460007},"point_estimate":1495488.9634502376,"standard_error":160107.51382875716}}