{"mean":{"confidence_interval":{"confidence_level":0.95,"lower_bound":15164339872.4825,"upper_bound":15174021571.3},"point_estimate":15169269038.9,"standard_error":2476651.202007681},"median":{"confidence_interval":{"confidence_level":0.95,"lower_bound":15160210277.0,"upper_bound":15174303599.0},"point_estimate":15172348106.0,"standard_error":3782786.5079140505},"median_abs_dev":{"confidence_interval":{"confidence_level":0.95,"lower_bound":920796.1417526007,"upper_bound":14073621.762943268},"point_estimate":6320137.621495128,"standard_error":3824683.106545055},"slope":null,"std_dev":{"confidence_interval":{"confidence_level":0.95,"lower_bound":4536436.14760246,"upper_bound":10281482.206235487},"point_estimate":8207579.314306537,"standard_error":1427208.8600755055}}