{"mean":{"confidence_interval":{"confidence_level":0.95,"lower_bound":377297012.27625,"upper_bound":382159839.05},"point_estimate":379890095.25,"standard_error":1249856.787123416},"median":{"confidence_interval":{"confidence_level":0.95,"lower_bound":376228828.75,"upper_bound":382955432.5},"point_estimate":381289778.25,"standard_error":1448532.0629940734},"median_abs_dev":{"confidence_interval":{"confidence_level":0.95,"lower_bound":683240.2599200606,"upper_bound":6600184.077273309},"point_estimate":2926555.608393252,"standard_error":1467603.7296350298},"slope":null,"std_dev":{"confidence_interval":{"confidence_level":0.95,"lower_bound":1597736.0049373717,"upper_bound":5232967.179771647},"point_estimate":4183252.60073442,"standard_error":928442.1045861066}}