{"mean":{"confidence_interval":{"confidence_level":0.95,"lower_bound":2494868334.3,"upper_bound":2510489471.7625},"point_estimate":2502872190.3,"standard_error":4001567.6071462114},"median":{"confidence_interval":{"confidence_level":0.95,"lower_bound":2491811204.0,"upper_bound":2515003645.5},"point_estimate":2502129374.0,"standard_error":6563606.956498814},"median_abs_dev":{"confidence_interval":{"confidence_level":0.95,"lower_bound":1280782.5348615646,"upper_bound":23117983.46247375},"point_estimate":16410337.944558263,"standard_error":5377785.261074024},"slope":null,"std_dev":{"confidence_interval":{"confidence_level":0.95,"lower_bound":8160851.284000207,"upper_bound":16304141.03949725},"point_estimate":13336690.829203457,"standard_error":2114233.616833911}}