{"mean":{"confidence_interval":{"confidence_level":0.95,"lower_bound":0.013985107639300437,"upper_bound":0.017877631211527575},"point_estimate":0.01583175142086035,"standard_error":0.0010150388688988882},"median":{"confidence_interval":{"confidence_level":0.95,"lower_bound":0.012587125894766515,"upper_bound":0.018354255802233377},"point_estimate":0.016070023266582245,"standard_error":0.001826525012985736}}