{"mean":{"confidence_interval":{"confidence_level":0.95,"lower_bound":231186502.90000004,"upper_bound":231754337.0833333},"point_estimate":231460046.43333334,"standard_error":145538.58476392552},"median":{"confidence_interval":{"confidence_level":0.95,"lower_bound":231040547.0,"upper_bound":231927212.5},"point_estimate":231360641.3333333,"standard_error":220521.05194681388},"median_abs_dev":{"confidence_interval":{"confidence_level":0.95,"lower_bound":125380.02037404495,"upper_bound":836417.917850643},"point_estimate":518623.1076926214,"standard_error":187134.32064896406},"slope":null,"std_dev":{"confidence_interval":{"confidence_level":0.95,"lower_bound":267244.7121233723,"upper_bound":593745.5734811034},"point_estimate":485951.13161523006,"standard_error":82110.17899712385}}