{"mean":{"confidence_interval":{"confidence_level":0.95,"lower_bound":47004228.3,"upper_bound":47127485.23},"point_estimate":47067279.03,"standard_error":31257.304236623433},"median":{"confidence_interval":{"confidence_level":0.95,"lower_bound":46923046.5,"upper_bound":47248008.0},"point_estimate":47100365.0,"standard_error":89761.3619093025},"median_abs_dev":{"confidence_interval":{"confidence_level":0.95,"lower_bound":312572.10465073586,"upper_bound":479262.3022913933},"point_estimate":430217.1538621187,"standard_error":41964.12717424987},"slope":null,"std_dev":{"confidence_interval":{"confidence_level":0.95,"lower_bound":288852.0552989289,"upper_bound":336955.3508239993},"point_estimate":314906.52590360184,"standard_error":12290.560728803375}}