{"mean":{"confidence_interval":{"confidence_level":0.95,"lower_bound":230025655.7666667,"upper_bound":232149548.9},"point_estimate":231142135.4333333,"standard_error":544614.0996204244},"median":{"confidence_interval":{"confidence_level":0.95,"lower_bound":229712388.1666667,"upper_bound":232615321.5},"point_estimate":231536971.5,"standard_error":669568.5952681291},"median_abs_dev":{"confidence_interval":{"confidence_level":0.95,"lower_bound":369006.7784488054,"upper_bound":3120774.845895142},"point_estimate":1638547.4990099743,"standard_error":721103.2616377358},"slope":null,"std_dev":{"confidence_interval":{"confidence_level":0.95,"lower_bound":840065.527667295,"upper_bound":2257141.141405329},"point_estimate":1819000.1947610152,"standard_error":348821.3753129688}}