{"mean":{"confidence_interval":{"confidence_level":0.95,"lower_bound":-0.028241111075141573,"upper_bound":-0.02364713831020819},"point_estimate":-0.026048099578585115,"standard_error":0.0011729328682836611},"median":{"confidence_interval":{"confidence_level":0.95,"lower_bound":-0.029090574967859273,"upper_bound":-0.023940463509713794},"point_estimate":-0.026094712179144386,"standard_error":0.001217186104242644}}