{"mean":{"confidence_interval":{"confidence_level":0.95,"lower_bound":1031335249.1,"upper_bound":1033204966.5},"point_estimate":1032313332.2,"standard_error":475711.90309702046},"median":{"confidence_interval":{"confidence_level":0.95,"lower_bound":1031387993.0,"upper_bound":1033916547.0},"point_estimate":1032200129.5,"standard_error":684817.1210027838},"median_abs_dev":{"confidence_interval":{"confidence_level":0.95,"lower_bound":250994.53864395618,"upper_bound":3013942.645391822},"point_estimate":1543291.6862010956,"standard_error":646017.6631622512},"slope":null,"std_dev":{"confidence_interval":{"confidence_level":0.95,"lower_bound":878994.6194790703,"upper_bound":2074561.9193506045},"point_estimate":1587049.52501642,"standard_error":329827.00310431776}}