{"mean":{"confidence_interval":{"confidence_level":0.95,"lower_bound":-0.008144853758893513,"upper_bound":0.00031411284590309135},"point_estimate":-0.003986457813814348,"standard_error":0.0021758725324605385},"median":{"confidence_interval":{"confidence_level":0.95,"lower_bound":-0.012073042919827137,"upper_bound":0.0032650321879907906},"point_estimate":-0.0047464789884201775,"standard_error":0.003965987834250299}}