{"mean":{"confidence_interval":{"confidence_level":0.95,"lower_bound":1331602945.5,"upper_bound":1335689896.5125},"point_estimate":1333624824.8,"standard_error":1044391.1244682957},"median":{"confidence_interval":{"confidence_level":0.95,"lower_bound":1331412732.0,"upper_bound":1336475381.0},"point_estimate":1333107134.0,"standard_error":1260108.61835729},"median_abs_dev":{"confidence_interval":{"confidence_level":0.95,"lower_bound":922372.8868246078,"upper_bound":6143608.149129152},"point_estimate":2978449.2020219564,"standard_error":1368945.7450270527},"slope":null,"std_dev":{"confidence_interval":{"confidence_level":0.95,"lower_bound":1823336.4206601803,"upper_bound":4509998.933257942},"point_estimate":3478312.4691831623,"standard_error":688780.3266778286}}