{"mean":{"confidence_interval":{"confidence_level":0.95,"lower_bound":26461557266.58,"upper_bound":26488178892.08},"point_estimate":26474090857.7,"standard_error":6854132.583593599},"median":{"confidence_interval":{"confidence_level":0.95,"lower_bound":26457328683.5,"upper_bound":26490256570.0},"point_estimate":26466871631.5,"standard_error":8942474.313429585},"median_abs_dev":{"confidence_interval":{"confidence_level":0.95,"lower_bound":2986510.098078847,"upper_bound":36829113.23835254},"point_estimate":15141826.148378849,"standard_error":8839646.693254218},"slope":null,"std_dev":{"confidence_interval":{"confidence_level":0.95,"lower_bound":10058576.165276144,"upper_bound":28758015.319761835},"point_estimate":22830277.202928424,"standard_error":4645778.208011595}}