{"mean":{"confidence_interval":{"confidence_level":0.95,"lower_bound":2605803189.7475,"upper_bound":2655581381.25},"point_estimate":2629527887.8,"standard_error":12772327.243064135},"median":{"confidence_interval":{"confidence_level":0.95,"lower_bound":2593024633.0,"upper_bound":2665666683.0},"point_estimate":2618297590.5,"standard_error":19599484.411501367},"median_abs_dev":{"confidence_interval":{"confidence_level":0.95,"lower_bound":10198547.246539593,"upper_bound":70423842.71292686},"point_estimate":43844917.902097106,"standard_error":15680500.772298785},"slope":null,"std_dev":{"confidence_interval":{"confidence_level":0.95,"lower_bound":23307813.248069994,"upper_bound":53063235.76124653},"point_estimate":42424554.69327442,"standard_error":7720912.116166139}}