{"mean":{"confidence_interval":{"confidence_level":0.95,"lower_bound":271803896.8125,"upper_bound":275099749.25},"point_estimate":273361462.5,"standard_error":850828.8671218925},"median":{"confidence_interval":{"confidence_level":0.95,"lower_bound":271069771.0,"upper_bound":276079880.5},"point_estimate":272206604.5,"standard_error":1207953.0942501477},"median_abs_dev":{"confidence_interval":{"confidence_level":0.95,"lower_bound":347084.8081380129,"upper_bound":4570608.495305479},"point_estimate":2669636.9709044695,"standard_error":1184171.962374706},"slope":null,"std_dev":{"confidence_interval":{"confidence_level":0.95,"lower_bound":1310338.227007979,"upper_bound":3500625.9578784276},"point_estimate":2841515.0906925714,"standard_error":552639.219684354}}