{"mean":{"confidence_interval":{"confidence_level":0.95,"lower_bound":1297790964.5,"upper_bound":1307230955.1375},"point_estimate":1302514483.1,"standard_error":2413817.068793969},"median":{"confidence_interval":{"confidence_level":0.95,"lower_bound":1294990570.0,"upper_bound":1307950992.0},"point_estimate":1303734029.5,"standard_error":3505401.8532811725},"median_abs_dev":{"confidence_interval":{"confidence_level":0.95,"lower_bound":1098175.1439034939,"upper_bound":13522888.505020738},"point_estimate":8154626.027226448,"standard_error":3336286.612625959},"slope":null,"std_dev":{"confidence_interval":{"confidence_level":0.95,"lower_bound":4529642.865249455,"upper_bound":10146706.065772219},"point_estimate":8055762.633416204,"standard_error":1424785.5132459304}}