{"mean":{"confidence_interval":{"confidence_level":0.95,"lower_bound":574933093.5,"upper_bound":601799807.4},"point_estimate":586872845.5,"standard_error":6908537.029246863},"median":{"confidence_interval":{"confidence_level":0.95,"lower_bound":574537406.5,"upper_bound":603367970.0},"point_estimate":579316361.5,"standard_error":5747913.941936891},"median_abs_dev":{"confidence_interval":{"confidence_level":0.95,"lower_bound":1738120.8900421858,"upper_bound":31594725.83168149},"point_estimate":5098094.214990735,"standard_error":7006318.471927737},"slope":null,"std_dev":{"confidence_interval":{"confidence_level":0.95,"lower_bound":3848184.4995531095,"upper_bound":29565112.063235316},"point_estimate":23083456.148238856,"standard_error":6533663.772940292}}