{"mean":{"confidence_interval":{"confidence_level":0.95,"lower_bound":581063641.0,"upper_bound":613078323.1},"point_estimate":598190366.4,"standard_error":8200621.431275447},"median":{"confidence_interval":{"confidence_level":0.95,"lower_bound":579587374.0,"upper_bound":613778048.0},"point_estimate":607400645.5,"standard_error":8783882.01840865},"median_abs_dev":{"confidence_interval":{"confidence_level":0.95,"lower_bound":2068166.9179826975,"upper_bound":42100220.93987167},"point_estimate":10053929.256007075,"standard_error":11534777.84002414},"slope":null,"std_dev":{"confidence_interval":{"confidence_level":0.95,"lower_bound":9789410.371748887,"upper_bound":35107004.29907154},"point_estimate":27331291.134830333,"standard_error":6241132.394795135}}