{"mean":{"confidence_interval":{"confidence_level":0.95,"lower_bound":1800642650.3,"upper_bound":1890559746.4675},"point_estimate":1849647112.8,"standard_error":23100596.759795766},"median":{"confidence_interval":{"confidence_level":0.95,"lower_bound":1817448653.0,"upper_bound":1896152596.0},"point_estimate":1862803938.0,"standard_error":20033919.62109804},"median_abs_dev":{"confidence_interval":{"confidence_level":0.95,"lower_bound":15536265.940976143,"upper_bound":110576108.90588164},"point_estimate":49195277.24390924,"standard_error":23795273.55294778},"slope":null,"std_dev":{"confidence_interval":{"confidence_level":0.95,"lower_bound":28208623.991276715,"upper_bound":107661722.71280678},"point_estimate":76429246.99604431,"standard_error":22187925.19098031}}