{"mean":{"confidence_interval":{"confidence_level":0.95,"lower_bound":611055571.6,"upper_bound":644033315.2975},"point_estimate":627274541.1,"standard_error":8472245.7629867},"median":{"confidence_interval":{"confidence_level":0.95,"lower_bound":607817841.0,"upper_bound":651808329.0},"point_estimate":621653148.5,"standard_error":11074710.867043255},"median_abs_dev":{"confidence_interval":{"confidence_level":0.95,"lower_bound":3718337.753686309,"upper_bound":48920194.16219294},"point_estimate":26590184.41632986,"standard_error":11062758.03092842},"slope":null,"std_dev":{"confidence_interval":{"confidence_level":0.95,"lower_bound":15566016.859264381,"upper_bound":35938897.50230272},"point_estimate":28235087.638841834,"standard_error":5180440.08998643}}