{"mean":{"confidence_interval":{"confidence_level":0.95,"lower_bound":451882424.95,"upper_bound":463671509.05},"point_estimate":457783935.35,"standard_error":3016331.2033965443},"median":{"confidence_interval":{"confidence_level":0.95,"lower_bound":447585783.5,"upper_bound":467121293.0},"point_estimate":459609903.75,"standard_error":6091013.456790199},"median_abs_dev":{"confidence_interval":{"confidence_level":0.95,"lower_bound":961965.7191216946,"upper_bound":16158106.176236272},"point_estimate":14693881.175981462,"standard_error":4001270.536489963},"slope":null,"std_dev":{"confidence_interval":{"confidence_level":0.95,"lower_bound":6722991.632619291,"upper_bound":11464666.929247497},"point_estimate":10036508.747838968,"standard_error":1219985.5676832746}}