{"mean":{"confidence_interval":{"confidence_level":0.95,"lower_bound":317787155.91125,"upper_bound":325411928.1},"point_estimate":321568515.65,"standard_error":1954602.615920696},"median":{"confidence_interval":{"confidence_level":0.95,"lower_bound":316160783.0,"upper_bound":326946161.0},"point_estimate":321028380.0,"standard_error":2969830.132734273},"median_abs_dev":{"confidence_interval":{"confidence_level":0.95,"lower_bound":1770912.6656100154,"upper_bound":11020832.403691113},"point_estimate":7164295.576058328,"standard_error":2267335.544008603},"slope":null,"std_dev":{"confidence_interval":{"confidence_level":0.95,"lower_bound":3899077.929639971,"upper_bound":7923891.752277319},"point_estimate":6484526.1286160685,"standard_error":1024096.8334883428}}