{"mean":{"confidence_interval":{"confidence_level":0.95,"lower_bound":1717724834.915,"upper_bound":1734040989.57},"point_estimate":1725795472.7,"standard_error":4187751.5230717575},"median":{"confidence_interval":{"confidence_level":0.95,"lower_bound":1711310325.0,"upper_bound":1738080984.5},"point_estimate":1725322252.0,"standard_error":7664684.610786894},"median_abs_dev":{"confidence_interval":{"confidence_level":0.95,"lower_bound":2772613.1759762764,"upper_bound":22608736.317014694},"point_estimate":18518796.740725636,"standard_error":5266108.042384371},"slope":null,"std_dev":{"confidence_interval":{"confidence_level":0.95,"lower_bound":9032828.571582988,"upper_bound":16499450.659750016},"point_estimate":13971979.622802092,"standard_error":1910077.8117103055}}