{"mean":{"confidence_interval":{"confidence_level":0.95,"lower_bound":3126275046.0,"upper_bound":3220150567.625},"point_estimate":3171994128.4,"standard_error":24110254.093850046},"median":{"confidence_interval":{"confidence_level":0.95,"lower_bound":3098979521.5,"upper_bound":3247049082.5},"point_estimate":3148856803.5,"standard_error":38502116.96177462},"median_abs_dev":{"confidence_interval":{"confidence_level":0.95,"lower_bound":11999072.99337387,"upper_bound":133240802.2524029},"point_estimate":102734054.98330593,"standard_error":32084813.559839476},"slope":null,"std_dev":{"confidence_interval":{"confidence_level":0.95,"lower_bound":47926859.19691973,"upper_bound":96073117.24178115},"point_estimate":80398626.12840572,"standard_error":12093960.69954427}}