{"mean":{"confidence_interval":{"confidence_level":0.95,"lower_bound":21729063722.0355,"upper_bound":21798288412.95},"point_estimate":21761681290.79,"standard_error":17477956.161906138},"median":{"confidence_interval":{"confidence_level":0.95,"lower_bound":21688418865.0,"upper_bound":21715410562.0},"point_estimate":21700912814.0,"standard_error":7587190.373738392},"median_abs_dev":{"confidence_interval":{"confidence_level":0.95,"lower_bound":43496529.14728224,"upper_bound":76909320.62478662},"point_estimate":58866966.281202435,"standard_error":8824563.520489339},"slope":null,"std_dev":{"confidence_interval":{"confidence_level":0.95,"lower_bound":135992098.94353887,"upper_bound":207480414.90379444},"point_estimate":176070102.9125106,"standard_error":18201382.09693537}}