{"mean":{"confidence_interval":{"confidence_level":0.95,"lower_bound":1556085724.6675,"upper_bound":1625373890.625},"point_estimate":1601581724.5,"standard_error":21354029.602077648},"median":{"confidence_interval":{"confidence_level":0.95,"lower_bound":1620258693.5,"upper_bound":1626731738.5},"point_estimate":1623475500.5,"standard_error":5363219.057082273},"median_abs_dev":{"confidence_interval":{"confidence_level":0.95,"lower_bound":852813.7438595295,"upper_bound":7364166.731759906},"point_estimate":4005549.2444872856,"standard_error":6339351.868852682},"slope":null,"std_dev":{"confidence_interval":{"confidence_level":0.95,"lower_bound":2045690.9504895713,"upper_bound":108753087.59440888},"point_estimate":70948306.15510105,"standard_error":39496339.255618826}}