{"mean":{"confidence_interval":{"confidence_level":0.95,"lower_bound":4138503310.9,"upper_bound":4192246765.0375004},"point_estimate":4164234898.0,"standard_error":13704349.101377815},"median":{"confidence_interval":{"confidence_level":0.95,"lower_bound":4129812136.0,"upper_bound":4186613968.5},"point_estimate":4168801920.5,"standard_error":13212568.791276284},"median_abs_dev":{"confidence_interval":{"confidence_level":0.95,"lower_bound":3022226.672744751,"upper_bound":76084483.5424304},"point_estimate":37590321.57763839,"standard_error":19548500.67412204},"slope":null,"std_dev":{"confidence_interval":{"confidence_level":0.95,"lower_bound":20744511.339630257,"upper_bound":62339423.469386436},"point_estimate":45862008.38599128,"standard_error":11161469.952620363}}