{"mean":{"confidence_interval":{"confidence_level":0.95,"lower_bound":297448008.47249997,"upper_bound":308703096.8},"point_estimate":302794689.6,"standard_error":2814377.850483027},"median":{"confidence_interval":{"confidence_level":0.95,"lower_bound":299913584.75,"upper_bound":305127349.5},"point_estimate":302311646.75,"standard_error":1422479.0958060084},"median_abs_dev":{"confidence_interval":{"confidence_level":0.95,"lower_bound":719829.3446704745,"upper_bound":14798387.794876099},"point_estimate":3320593.2457476854,"standard_error":2868169.978355222},"slope":null,"std_dev":{"confidence_interval":{"confidence_level":0.95,"lower_bound":1813278.2245380187,"upper_bound":13559663.243904294},"point_estimate":9358165.819719005,"standard_error":3060915.9742560587}}