{"mean":{"confidence_interval":{"confidence_level":0.95,"lower_bound":113122505.89,"upper_bound":113648141.19},"point_estimate":113382881.41,"standard_error":137800.1257872357},"median":{"confidence_interval":{"confidence_level":0.95,"lower_bound":112765751.0,"upper_bound":113551344.5},"point_estimate":113194682.0,"standard_error":212479.75139739542},"median_abs_dev":{"confidence_interval":{"confidence_level":0.95,"lower_bound":1042784.467586875,"upper_bound":1826354.1209757328},"point_estimate":1476894.1876798868,"standard_error":205122.98249241055},"slope":null,"std_dev":{"confidence_interval":{"confidence_level":0.95,"lower_bound":1226614.1902515902,"upper_bound":1603883.9670794941},"point_estimate":1431950.4191318993,"standard_error":96330.6371816864}}