{"mean":{"confidence_interval":{"confidence_level":0.95,"lower_bound":2067602273.2,"upper_bound":2078982892.7},"point_estimate":2073240062.5,"standard_error":2907795.7972979667},"median":{"confidence_interval":{"confidence_level":0.95,"lower_bound":2066788647.5,"upper_bound":2080762834.5},"point_estimate":2073068485.5,"standard_error":3648059.6815649066},"median_abs_dev":{"confidence_interval":{"confidence_level":0.95,"lower_bound":1725936.1421585083,"upper_bound":16398021.986576915},"point_estimate":8447519.582426548,"standard_error":3745456.3365952754},"slope":null,"std_dev":{"confidence_interval":{"confidence_level":0.95,"lower_bound":4992999.799092821,"upper_bound":12705497.234646745},"point_estimate":9713654.724422926,"standard_error":1965892.0947245841}}