{"mean":{"confidence_interval":{"confidence_level":0.95,"lower_bound":1343478246.3600001,"upper_bound":1346366919.8},"point_estimate":1344902100.3,"standard_error":739071.1048377594},"median":{"confidence_interval":{"confidence_level":0.95,"lower_bound":1342434688.0,"upper_bound":1346865249.0},"point_estimate":1345016874.5,"standard_error":1036633.6764279586},"median_abs_dev":{"confidence_interval":{"confidence_level":0.95,"lower_bound":373383.1664711237,"upper_bound":4511016.501313448},"point_estimate":3224234.625658393,"standard_error":1099400.442602339},"slope":null,"std_dev":{"confidence_interval":{"confidence_level":0.95,"lower_bound":1454942.7043063536,"upper_bound":2992831.5043276963},"point_estimate":2457495.9088692092,"standard_error":393968.1106085784}}