{"mean":{"confidence_interval":{"confidence_level":0.95,"lower_bound":1130722094.9,"upper_bound":1206351414.75},"point_estimate":1168123362.3,"standard_error":19369425.214491997},"median":{"confidence_interval":{"confidence_level":0.95,"lower_bound":1109105691.0,"upper_bound":1226955212.0},"point_estimate":1165520096.5,"standard_error":42943181.66601134},"median_abs_dev":{"confidence_interval":{"confidence_level":0.95,"lower_bound":8596752.16537714,"upper_bound":92345958.07143152},"point_estimate":87361848.36631715,"standard_error":28007198.824201867},"slope":null,"std_dev":{"confidence_interval":{"confidence_level":0.95,"lower_bound":44808077.06376959,"upper_bound":73231701.16405226},"point_estimate":64532981.82592825,"standard_error":7301457.687589438}}