{"mean":{"confidence_interval":{"confidence_level":0.95,"lower_bound":3115866833.2,"upper_bound":3128986873.91},"point_estimate":3122202437.3,"standard_error":3364664.0291267512},"median":{"confidence_interval":{"confidence_level":0.95,"lower_bound":3113211307.5,"upper_bound":3131709029.0},"point_estimate":3119985602.0,"standard_error":5220040.593870755},"median_abs_dev":{"confidence_interval":{"confidence_level":0.95,"lower_bound":1215956.5923124552,"upper_bound":18999137.63449788},"point_estimate":10515931.87070489,"standard_error":4309727.843010643},"slope":null,"std_dev":{"confidence_interval":{"confidence_level":0.95,"lower_bound":6333735.672746044,"upper_bound":13904144.012807166},"point_estimate":11180848.515151693,"standard_error":1947183.0617844763}}