{"mean":{"confidence_interval":{"confidence_level":0.95,"lower_bound":454872732.6775,"upper_bound":467240137.45},"point_estimate":461213604.2,"standard_error":3180181.5761440517},"median":{"confidence_interval":{"confidence_level":0.95,"lower_bound":449703705.0,"upper_bound":470920381.25},"point_estimate":463921384.0,"standard_error":6015505.386705665},"median_abs_dev":{"confidence_interval":{"confidence_level":0.95,"lower_bound":1481987.2892394662,"upper_bound":17318643.92283261},"point_estimate":12040543.909187615,"standard_error":4467330.726394245},"slope":null,"std_dev":{"confidence_interval":{"confidence_level":0.95,"lower_bound":6645332.2598491125,"upper_bound":12118022.00819196},"point_estimate":10576429.90072686,"standard_error":1418956.3224694831}}