{"mean":{"confidence_interval":{"confidence_level":0.95,"lower_bound":6230985071.1375,"upper_bound":6259783093.715},"point_estimate":6245339090.9,"standard_error":7372637.318210151},"median":{"confidence_interval":{"confidence_level":0.95,"lower_bound":6223649744.0,"upper_bound":6262450366.0},"point_estimate":6249301529.0,"standard_error":10785331.942827642},"median_abs_dev":{"confidence_interval":{"confidence_level":0.95,"lower_bound":1006723.1884270906,"upper_bound":44035724.812209606},"point_estimate":23320108.540785313,"standard_error":10088416.240494465},"slope":null,"std_dev":{"confidence_interval":{"confidence_level":0.95,"lower_bound":14373319.033295007,"upper_bound":30801089.905979965},"point_estimate":24534408.715646576,"standard_error":4237991.134552262}}