{"mean":{"confidence_interval":{"confidence_level":0.95,"lower_bound":347523299.67,"upper_bound":349548176.55},"point_estimate":348602071.5,"standard_error":524359.7803331508},"median":{"confidence_interval":{"confidence_level":0.95,"lower_bound":347510254.0,"upper_bound":350013193.5},"point_estimate":348602063.5,"standard_error":636693.0268478096},"median_abs_dev":{"confidence_interval":{"confidence_level":0.95,"lower_bound":73013.23025375605,"upper_bound":2700915.75319916},"point_estimate":2026776.803867519,"standard_error":798724.2055689063},"slope":null,"std_dev":{"confidence_interval":{"confidence_level":0.95,"lower_bound":787115.0457427857,"upper_bound":2299863.802969084},"point_estimate":1749873.1229096297,"standard_error":408205.79719890474}}