{"mean":{"confidence_interval":{"confidence_level":0.95,"lower_bound":911300636.5625,"upper_bound":913325112.18},"point_estimate":912347401.6,"standard_error":520061.70142159384},"median":{"confidence_interval":{"confidence_level":0.95,"lower_bound":910882556.5,"upper_bound":913727984.0},"point_estimate":912543762.0,"standard_error":920080.9435365376},"median_abs_dev":{"confidence_interval":{"confidence_level":0.95,"lower_bound":90766.25298857689,"upper_bound":3030212.6975029707},"point_estimate":1669735.9662562609,"standard_error":847495.2055439785},"slope":null,"std_dev":{"confidence_interval":{"confidence_level":0.95,"lower_bound":1041295.8647828078,"upper_bound":2114277.7039618674},"point_estimate":1729884.7370508178,"standard_error":277112.4368647801}}