{"mean":{"confidence_interval":{"confidence_level":0.95,"lower_bound":264225638.35,"upper_bound":264555574.30249998},"point_estimate":264384097.95,"standard_error":84629.5359785221},"median":{"confidence_interval":{"confidence_level":0.95,"lower_bound":264174794.75,"upper_bound":264613329.0},"point_estimate":264337638.75,"standard_error":118554.51376885323},"median_abs_dev":{"confidence_interval":{"confidence_level":0.95,"lower_bound":15315.628378093243,"upper_bound":456667.4786925316},"point_estimate":246302.8510272503,"standard_error":114171.80786535371},"slope":null,"std_dev":{"confidence_interval":{"confidence_level":0.95,"lower_bound":143278.907760026,"upper_bound":350341.3672740892},"point_estimate":282176.3095207449,"standard_error":51032.21709133397}}