{"mean":{"confidence_interval":{"confidence_level":0.95,"lower_bound":-0.0023800647332071923,"upper_bound":0.007793898671145094},"point_estimate":0.0026736410592678173,"standard_error":0.0026462994936466777},"median":{"confidence_interval":{"confidence_level":0.95,"lower_bound":-0.004033979454018732,"upper_bound":0.013315226344228659},"point_estimate":0.001753646754315774,"standard_error":0.004157002089964166}}