{"mean":{"confidence_interval":{"confidence_level":0.95,"lower_bound":20353373789.6,"upper_bound":20454452977.84},"point_estimate":20401560675.4,"standard_error":25865243.397999845},"median":{"confidence_interval":{"confidence_level":0.95,"lower_bound":20318264226.0,"upper_bound":20454955802.0},"point_estimate":20404201589.0,"standard_error":32568898.851529624},"median_abs_dev":{"confidence_interval":{"confidence_level":0.95,"lower_bound":12171245.845717192,"upper_bound":146619203.2356888},"point_estimate":89554091.11089706,"standard_error":33245447.56868722},"slope":null,"std_dev":{"confidence_interval":{"confidence_level":0.95,"lower_bound":45031730.889837146,"upper_bound":113472233.38801068},"point_estimate":86094698.24326314,"standard_error":18601435.508409526}}