{"mean":{"confidence_interval":{"confidence_level":0.95,"lower_bound":362373080.3775,"upper_bound":371804192.05},"point_estimate":366982243.1,"standard_error":2413179.798593776},"median":{"confidence_interval":{"confidence_level":0.95,"lower_bound":361204878.5,"upper_bound":373903059.0},"point_estimate":366476977.25,"standard_error":3185509.0844729072},"median_abs_dev":{"confidence_interval":{"confidence_level":0.95,"lower_bound":646510.3281721473,"upper_bound":13731728.27861309},"point_estimate":7432036.452054977,"standard_error":3353972.95758631},"slope":null,"std_dev":{"confidence_interval":{"confidence_level":0.95,"lower_bound":4170264.0272220057,"upper_bound":10201833.405749112},"point_estimate":8035945.371749586,"standard_error":1516430.0749247035}}