{"mean":{"confidence_interval":{"confidence_level":0.95,"lower_bound":672757436.4225,"upper_bound":708047163.4525},"point_estimate":690734454.3,"standard_error":9030938.777036969},"median":{"confidence_interval":{"confidence_level":0.95,"lower_bound":653326779.0,"upper_bound":715231625.0},"point_estimate":697376111.0,"standard_error":14146248.156370692},"median_abs_dev":{"confidence_interval":{"confidence_level":0.95,"lower_bound":3960664.271584153,"upper_bound":55363027.30970979},"point_estimate":27408391.311603785,"standard_error":12856654.916496925},"slope":null,"std_dev":{"confidence_interval":{"confidence_level":0.95,"lower_bound":17313829.045570273,"upper_bound":36417857.15375275},"point_estimate":30143255.741381347,"standard_error":4780340.494460482}}