{"mean":{"confidence_interval":{"confidence_level":0.95,"lower_bound":11082718148.2,"upper_bound":11242110276.560001},"point_estimate":11162140392.7,"standard_error":40712096.74565282},"median":{"confidence_interval":{"confidence_level":0.95,"lower_bound":11041492456.0,"upper_bound":11256170891.0},"point_estimate":11180576967.0,"standard_error":62138956.323351085},"median_abs_dev":{"confidence_interval":{"confidence_level":0.95,"lower_bound":5058768.991988897,"upper_bound":243654274.38897192},"point_estimate":134594816.33036435,"standard_error":55892400.61037575},"slope":null,"std_dev":{"confidence_interval":{"confidence_level":0.95,"lower_bound":79169184.92484528,"upper_bound":172034586.41028112},"point_estimate":135603987.72877872,"standard_error":24049147.430927966}}