{"mean":{"confidence_interval":{"confidence_level":0.95,"lower_bound":630482362.5725,"upper_bound":635901152.9},"point_estimate":633179569.6,"standard_error":1387655.5360043484},"median":{"confidence_interval":{"confidence_level":0.95,"lower_bound":628614915.0,"upper_bound":637199521.0},"point_estimate":633144054.5,"standard_error":3282953.215395448},"median_abs_dev":{"confidence_interval":{"confidence_level":0.95,"lower_bound":97260.04087328911,"upper_bound":6560235.791632533},"point_estimate":6325672.908496857,"standard_error":2253815.5924632465},"slope":null,"std_dev":{"confidence_interval":{"confidence_level":0.95,"lower_bound":3262644.738479183,"upper_bound":5127747.534151482},"point_estimate":4616644.380059112,"standard_error":489477.162399007}}