{"mean":{"confidence_interval":{"confidence_level":0.95,"lower_bound":410730384.85,"upper_bound":411562631.485},"point_estimate":411132036.45,"standard_error":213669.50999063486},"median":{"confidence_interval":{"confidence_level":0.95,"lower_bound":410490057.5,"upper_bound":411752375.25},"point_estimate":410932504.25,"standard_error":357404.10175824247},"median_abs_dev":{"confidence_interval":{"confidence_level":0.95,"lower_bound":181112.1888846159,"upper_bound":1168882.1898981929},"point_estimate":869508.9315131307,"standard_error":269219.4035274194},"slope":null,"std_dev":{"confidence_interval":{"confidence_level":0.95,"lower_bound":416978.3643035965,"upper_bound":864324.2867861529},"point_estimate":711991.1286503916,"standard_error":114547.34338515221}}