{"mean":{"confidence_interval":{"confidence_level":0.95,"lower_bound":104383540.05,"upper_bound":104720342.18},"point_estimate":104544021.93,"standard_error":85086.4418770049},"median":{"confidence_interval":{"confidence_level":0.95,"lower_bound":104129822.5,"upper_bound":104732637.0},"point_estimate":104435985.0,"standard_error":165172.51074651215},"median_abs_dev":{"confidence_interval":{"confidence_level":0.95,"lower_bound":650350.9848714621,"upper_bound":1141274.3251383305},"point_estimate":986403.4144878387,"standard_error":135366.02487208368},"slope":null,"std_dev":{"confidence_interval":{"confidence_level":0.95,"lower_bound":683559.9360273296,"upper_bound":1063825.9157410269},"point_estimate":853581.1493613927,"standard_error":105296.50334503473}}