{"mean":{"confidence_interval":{"confidence_level":0.95,"lower_bound":-0.011980203748569274,"upper_bound":0.021302234542283614},"point_estimate":0.0048654460840265035,"standard_error":0.00857033344749787},"median":{"confidence_interval":{"confidence_level":0.95,"lower_bound":-0.021178094681634674,"upper_bound":0.029881914887433636},"point_estimate":-0.003110590492654719,"standard_error":0.012948672828988693}}