{"mean":{"confidence_interval":{"confidence_level":0.95,"lower_bound":52285337498.795,"upper_bound":52641198479.835},"point_estimate":52470120974.8,"standard_error":91087520.46770939},"median":{"confidence_interval":{"confidence_level":0.95,"lower_bound":52279185310.5,"upper_bound":52771261055.0},"point_estimate":52434638402.5,"standard_error":151462815.11913195},"median_abs_dev":{"confidence_interval":{"confidence_level":0.95,"lower_bound":1657479.31227386,"upper_bound":557659230.3712696},"point_estimate":449478687.22905815,"standard_error":164437507.96069},"slope":null,"std_dev":{"confidence_interval":{"confidence_level":0.95,"lower_bound":177482150.04460788,"upper_bound":382492884.64806795},"point_estimate":302651778.2648132,"standard_error":54991452.250396095}}