{"mean":{"confidence_interval":{"confidence_level":0.95,"lower_bound":827836690.22,"upper_bound":833989434.4},"point_estimate":830943007.3,"standard_error":1578792.3152281693},"median":{"confidence_interval":{"confidence_level":0.95,"lower_bound":826851711.0,"upper_bound":835493749.0},"point_estimate":830772726.0,"standard_error":2512085.361728576},"median_abs_dev":{"confidence_interval":{"confidence_level":0.95,"lower_bound":730567.4456298351,"upper_bound":8846272.258347273},"point_estimate":5572264.527672529,"standard_error":2091850.9311419209},"slope":null,"std_dev":{"confidence_interval":{"confidence_level":0.95,"lower_bound":3212453.4938034182,"upper_bound":6547986.162701993},"point_estimate":5276704.250785924,"standard_error":860126.5683858969}}