{"mean":{"confidence_interval":{"confidence_level":0.95,"lower_bound":-0.042803915403889226,"upper_bound":0.02654576491383147},"point_estimate":-0.010618785184100532,"standard_error":0.01772251559540296},"median":{"confidence_interval":{"confidence_level":0.95,"lower_bound":-0.05962773262886922,"upper_bound":0.029818574589613345},"point_estimate":-0.029979704721930567,"standard_error":0.021986170671791833}}