{"mean":{"confidence_interval":{"confidence_level":0.95,"lower_bound":-0.019375941254579882,"upper_bound":-0.013384702625786456},"point_estimate":-0.016315634342534024,"standard_error":0.0015291945538642904},"median":{"confidence_interval":{"confidence_level":0.95,"lower_bound":-0.020080471838329728,"upper_bound":-0.01114182496634053},"point_estimate":-0.01604893342798186,"standard_error":0.0023063001298307385}}