{"mean":{"confidence_interval":{"confidence_level":0.95,"lower_bound":627058035.4,"upper_bound":653199316.0825},"point_estimate":639892923.6,"standard_error":6636719.345788776},"median":{"confidence_interval":{"confidence_level":0.95,"lower_bound":630706498.0,"upper_bound":650332990.0},"point_estimate":637112317.0,"standard_error":4879003.054538287},"median_abs_dev":{"confidence_interval":{"confidence_level":0.95,"lower_bound":1676074.8224437237,"upper_bound":36980819.53935921},"point_estimate":12465421.108594537,"standard_error":8017690.195323781},"slope":null,"std_dev":{"confidence_interval":{"confidence_level":0.95,"lower_bound":7490164.176629069,"upper_bound":30992934.073976345},"point_estimate":22160423.860743985,"standard_error":6093684.912579632}}