{"mean":{"confidence_interval":{"confidence_level":0.95,"lower_bound":1174019362.1,"upper_bound":1258783772.4},"point_estimate":1218238181.0,"standard_error":21603997.739562623},"median":{"confidence_interval":{"confidence_level":0.95,"lower_bound":1174009422.0,"upper_bound":1270388048.0},"point_estimate":1228710042.5,"standard_error":24296103.50892195},"median_abs_dev":{"confidence_interval":{"confidence_level":0.95,"lower_bound":5806312.207317352,"upper_bound":120832863.02738786},"point_estimate":68759547.14727402,"standard_error":28490666.372299556},"slope":null,"std_dev":{"confidence_interval":{"confidence_level":0.95,"lower_bound":34768560.81662691,"upper_bound":95914132.86990197},"point_estimate":71767009.0987001,"standard_error":16146666.705888717}}