{"mean":{"confidence_interval":{"confidence_level":0.95,"lower_bound":203890764.96666667,"upper_bound":206374366.86666667},"point_estimate":205203428.26666662,"standard_error":634905.1677284711},"median":{"confidence_interval":{"confidence_level":0.95,"lower_bound":204287492.0,"upper_bound":206248625.33333334},"point_estimate":205437120.16666666,"standard_error":510978.1144823414},"median_abs_dev":{"confidence_interval":{"confidence_level":0.95,"lower_bound":313967.4783259704,"upper_bound":3275814.5258426517},"point_estimate":1043334.5121771097,"standard_error":713256.1956532118},"slope":null,"std_dev":{"confidence_interval":{"confidence_level":0.95,"lower_bound":683841.8865278896,"upper_bound":2978990.7874946203},"point_estimate":2111183.32024358,"standard_error":596192.8800311867}}