{"mean":{"confidence_interval":{"confidence_level":0.95,"lower_bound":394552837.0,"upper_bound":410973604.21250004},"point_estimate":402160828.6,"standard_error":4215910.06755778},"median":{"confidence_interval":{"confidence_level":0.95,"lower_bound":392942259.5,"upper_bound":410450051.25},"point_estimate":400712024.0,"standard_error":3470272.3978042076},"median_abs_dev":{"confidence_interval":{"confidence_level":0.95,"lower_bound":847270.6732079387,"upper_bound":22891036.69540286},"point_estimate":7020481.1547115445,"standard_error":6464288.903030369},"slope":null,"std_dev":{"confidence_interval":{"confidence_level":0.95,"lower_bound":5665695.901501134,"upper_bound":18944904.346316252},"point_estimate":14124785.076214628,"standard_error":3604015.8125151456}}