{"mean":{"confidence_interval":{"confidence_level":0.95,"lower_bound":2121346106.6,"upper_bound":2125711277.5},"point_estimate":2123608901.4,"standard_error":1117808.323333407},"median":{"confidence_interval":{"confidence_level":0.95,"lower_bound":2120972831.0,"upper_bound":2125792865.0},"point_estimate":2124219123.0,"standard_error":994319.328323317},"median_abs_dev":{"confidence_interval":{"confidence_level":0.95,"lower_bound":563417.6419973373,"upper_bound":6662211.241722107},"point_estimate":2235516.872611642,"standard_error":1579630.758275457},"slope":null,"std_dev":{"confidence_interval":{"confidence_level":0.95,"lower_bound":1303670.0654460979,"upper_bound":4945687.4375525005},"point_estimate":3724467.659069032,"standard_error":859048.3732634209}}