{"mean":{"confidence_interval":{"confidence_level":0.95,"lower_bound":-0.014715322597017669,"upper_bound":-0.006223868165374749},"point_estimate":-0.01043252907498915,"standard_error":0.0021609259759322002},"median":{"confidence_interval":{"confidence_level":0.95,"lower_bound":-0.016186891192781827,"upper_bound":-0.004486776924337188},"point_estimate":-0.009950605016620484,"standard_error":0.0028252811762001654}}