{"mean":{"confidence_interval":{"confidence_level":0.95,"lower_bound":857391013.585,"upper_bound":863337669.2},"point_estimate":860291627.0,"standard_error":1527859.29028138},"median":{"confidence_interval":{"confidence_level":0.95,"lower_bound":855303451.0,"upper_bound":864744183.0},"point_estimate":859981760.0,"standard_error":2678600.810579333},"median_abs_dev":{"confidence_interval":{"confidence_level":0.95,"lower_bound":494371.4786231518,"upper_bound":8625321.866869926},"point_estimate":6547177.792364359,"standard_error":2350532.620873971},"slope":null,"std_dev":{"confidence_interval":{"confidence_level":0.95,"lower_bound":3060003.430208839,"upper_bound":6180070.945623997},"point_estimate":5093192.519990428,"standard_error":798874.4975854858}}