{"mean":{"confidence_interval":{"confidence_level":0.95,"lower_bound":496328043.82750005,"upper_bound":498781895.9},"point_estimate":497575616.1,"standard_error":629252.54203226},"median":{"confidence_interval":{"confidence_level":0.95,"lower_bound":495409795.0,"upper_bound":499045684.0},"point_estimate":498041175.0,"standard_error":948178.3412932812},"median_abs_dev":{"confidence_interval":{"confidence_level":0.95,"lower_bound":147394.90028321743,"upper_bound":3732740.4711306095},"point_estimate":1523896.3133454323,"standard_error":896193.9818753989},"slope":null,"std_dev":{"confidence_interval":{"confidence_level":0.95,"lower_bound":1164932.528320508,"upper_bound":2574339.881849061},"point_estimate":2084746.8477996956,"standard_error":351846.6981116614}}