{"mean":{"confidence_interval":{"confidence_level":0.95,"lower_bound":21725651987.184998,"upper_bound":21752167155.7},"point_estimate":21739015343.7,"standard_error":6776829.426317284},"median":{"confidence_interval":{"confidence_level":0.95,"lower_bound":21717731348.5,"upper_bound":21759838429.0},"point_estimate":21739124656.5,"standard_error":10902394.656696869},"median_abs_dev":{"confidence_interval":{"confidence_level":0.95,"lower_bound":5735405.3809762,"upper_bound":38567105.883497},"point_estimate":26796614.223665,"standard_error":8256306.944577829},"slope":null,"std_dev":{"confidence_interval":{"confidence_level":0.95,"lower_bound":13879755.760120535,"upper_bound":27148929.902273875},"point_estimate":22542526.004307583,"standard_error":3390680.5434598085}}