{"mean":{"confidence_interval":{"confidence_level":0.95,"lower_bound":1079320079.7424998,"upper_bound":1082787987.375},"point_estimate":1081063336.9,"standard_error":886188.5737452995},"median":{"confidence_interval":{"confidence_level":0.95,"lower_bound":1079316923.0,"upper_bound":1083758107.5},"point_estimate":1080678952.0,"standard_error":1091982.6919297439},"median_abs_dev":{"confidence_interval":{"confidence_level":0.95,"lower_bound":584608.4434211254,"upper_bound":5024706.998893619},"point_estimate":2666393.7834620476,"standard_error":1201214.9263631182},"slope":null,"std_dev":{"confidence_interval":{"confidence_level":0.95,"lower_bound":1549991.0532844304,"upper_bound":3843934.6557218395},"point_estimate":2958526.5018193866,"standard_error":584588.8122014287}}