{"mean":{"confidence_interval":{"confidence_level":0.95,"lower_bound":802342159.3,"upper_bound":806805623.2275},"point_estimate":804329284.6,"standard_error":1156432.0599958433},"median":{"confidence_interval":{"confidence_level":0.95,"lower_bound":801640650.5,"upper_bound":805959145.5},"point_estimate":803441530.5,"standard_error":1231697.9436835102},"median_abs_dev":{"confidence_interval":{"confidence_level":0.95,"lower_bound":504350.85904598236,"upper_bound":5264280.328640342},"point_estimate":2784310.1484686136,"standard_error":1235198.1649955497},"slope":null,"std_dev":{"confidence_interval":{"confidence_level":0.95,"lower_bound":1480550.4604565343,"upper_bound":5373574.681027119},"point_estimate":3855831.4415904647,"standard_error":1120899.9296305985}}