{"mean":{"confidence_interval":{"confidence_level":0.95,"lower_bound":391192359.0,"upper_bound":400656368.5},"point_estimate":395754458.45,"standard_error":2432904.979058229},"median":{"confidence_interval":{"confidence_level":0.95,"lower_bound":390379846.5,"upper_bound":403816359.5},"point_estimate":393011084.75,"standard_error":3656148.5198647655},"median_abs_dev":{"confidence_interval":{"confidence_level":0.95,"lower_bound":445415.28619229794,"upper_bound":13530799.287830293},"point_estimate":5860596.493403614,"standard_error":3585825.3237859122},"slope":null,"std_dev":{"confidence_interval":{"confidence_level":0.95,"lower_bound":4349387.244236279,"upper_bound":10116670.585475404},"point_estimate":8096127.327880051,"standard_error":1452352.059088837}}