{"mean":{"confidence_interval":{"confidence_level":0.95,"lower_bound":1332324936.8274999,"upper_bound":1337604525.5475001},"point_estimate":1335024576.3,"standard_error":1351044.5365513912},"median":{"confidence_interval":{"confidence_level":0.95,"lower_bound":1331501261.5,"upper_bound":1339005872.0},"point_estimate":1335198818.0,"standard_error":1587552.0496502155},"median_abs_dev":{"confidence_interval":{"confidence_level":0.95,"lower_bound":1034994.1460251808,"upper_bound":8403932.625800371},"point_estimate":3083474.360257387,"standard_error":1926364.0215204237},"slope":null,"std_dev":{"confidence_interval":{"confidence_level":0.95,"lower_bound":2387132.9116376303,"upper_bound":5790093.715921132},"point_estimate":4513260.826219259,"standard_error":878644.0218144443}}