{"mean":{"confidence_interval":{"confidence_level":0.95,"lower_bound":3152759395.9474998,"upper_bound":3235069504.56},"point_estimate":3193439071.6,"standard_error":21039171.62731068},"median":{"confidence_interval":{"confidence_level":0.95,"lower_bound":3122120245.0,"upper_bound":3271043667.0},"point_estimate":3185352799.5,"standard_error":33412504.17666192},"median_abs_dev":{"confidence_interval":{"confidence_level":0.95,"lower_bound":12289019.881126285,"upper_bound":122100938.93917501},"point_estimate":96364892.22848117,"standard_error":30301374.06889052},"slope":null,"std_dev":{"confidence_interval":{"confidence_level":0.95,"lower_bound":41462928.83386623,"upper_bound":83170647.4067701},"point_estimate":70039226.60321751,"standard_error":10358093.51187932}}