{"mean":{"confidence_interval":{"confidence_level":0.95,"lower_bound":833499149.6,"upper_bound":857231744.7},"point_estimate":845808921.6,"standard_error":6090604.812626398},"median":{"confidence_interval":{"confidence_level":0.95,"lower_bound":827546481.0,"upper_bound":864653608.0},"point_estimate":850534499.5,"standard_error":11398993.044798955},"median_abs_dev":{"confidence_interval":{"confidence_level":0.95,"lower_bound":3221411.014008522,"upper_bound":32810886.281490326},"point_estimate":25099828.220888972,"standard_error":8144393.593446826},"slope":null,"std_dev":{"confidence_interval":{"confidence_level":0.95,"lower_bound":12508318.990945179,"upper_bound":23804667.71596759},"point_estimate":20151259.611086335,"standard_error":2865776.4984264933}}