{"mean":{"confidence_interval":{"confidence_level":0.95,"lower_bound":1228892448.9,"upper_bound":1234799321.5},"point_estimate":1231725978.4,"standard_error":1506409.0689753157},"median":{"confidence_interval":{"confidence_level":0.95,"lower_bound":1226271599.0,"upper_bound":1234238661.0},"point_estimate":1232472757.5,"standard_error":2186450.2632042966},"median_abs_dev":{"confidence_interval":{"confidence_level":0.95,"lower_bound":335908.9695364237,"upper_bound":9706364.08547759},"point_estimate":3722532.7703118324,"standard_error":2440425.527369058},"slope":null,"std_dev":{"confidence_interval":{"confidence_level":0.95,"lower_bound":2727926.9879447464,"upper_bound":6616628.8286406},"point_estimate":5030018.305670892,"standard_error":1076628.3192451573}}