{"mean":{"confidence_interval":{"confidence_level":0.95,"lower_bound":232506875.23333335,"upper_bound":233133432.83333334},"point_estimate":232826239.96666664,"standard_error":160650.75689093652},"median":{"confidence_interval":{"confidence_level":0.95,"lower_bound":232350612.66666666,"upper_bound":233318132.33333334},"point_estimate":232946185.6666667,"standard_error":278963.90898988413},"median_abs_dev":{"confidence_interval":{"confidence_level":0.95,"lower_bound":127530.03743588188,"upper_bound":849842.6135122776},"point_estimate":705395.86327672,"standard_error":192826.67135096568},"slope":null,"std_dev":{"confidence_interval":{"confidence_level":0.95,"lower_bound":332240.1467250061,"upper_bound":640451.9486601329},"point_estimate":534038.3783639221,"standard_error":78895.45030855454}}