{"mean":{"confidence_interval":{"confidence_level":0.95,"lower_bound":1148131858.675,"upper_bound":1202722930.6},"point_estimate":1175632607.3,"standard_error":13951655.163792623},"median":{"confidence_interval":{"confidence_level":0.95,"lower_bound":1138683262.0,"upper_bound":1211817115.0},"point_estimate":1175006376.5,"standard_error":16684006.30266264},"median_abs_dev":{"confidence_interval":{"confidence_level":0.95,"lower_bound":9282946.135094762,"upper_bound":80890953.3077985},"point_estimate":48281949.699524045,"standard_error":18078841.026017264},"slope":null,"std_dev":{"confidence_interval":{"confidence_level":0.95,"lower_bound":25260241.186556198,"upper_bound":59870406.16193971},"point_estimate":46641017.6725007,"standard_error":8906288.558726082}}