{"mean":{"confidence_interval":{"confidence_level":0.95,"lower_bound":5475614282.0,"upper_bound":5583173990.2325},"point_estimate":5531205447.1,"standard_error":27365414.85018297},"median":{"confidence_interval":{"confidence_level":0.95,"lower_bound":5477586220.0,"upper_bound":5597267233.0},"point_estimate":5530701867.0,"standard_error":33076806.47589427},"median_abs_dev":{"confidence_interval":{"confidence_level":0.95,"lower_bound":21903290.04533887,"upper_bound":153530907.88358152},"point_estimate":87399082.38205612,"standard_error":33647485.89086711},"slope":null,"std_dev":{"confidence_interval":{"confidence_level":0.95,"lower_bound":46508355.19017509,"upper_bound":120801631.46070251},"point_estimate":91115067.08004984,"standard_error":19702301.983548522}}