{"mean":{"confidence_interval":{"confidence_level":0.95,"lower_bound":22834209011.6975,"upper_bound":23091209941.675},"point_estimate":22952850668.2,"standard_error":65976490.23584864},"median":{"confidence_interval":{"confidence_level":0.95,"lower_bound":22810677139.0,"upper_bound":23028746879.0},"point_estimate":22949622926.0,"standard_error":65200781.269650325},"median_abs_dev":{"confidence_interval":{"confidence_level":0.95,"lower_bound":11766236.597907543,"upper_bound":344358333.4732175},"point_estimate":120618990.56818485,"standard_error":80994817.7466562},"slope":null,"std_dev":{"confidence_interval":{"confidence_level":0.95,"lower_bound":90384570.54351279,"upper_bound":306152885.2111807},"point_estimate":218658516.4417172,"standard_error":61055856.187393226}}