{"mean":{"confidence_interval":{"confidence_level":0.95,"lower_bound":-0.004626581534457185,"upper_bound":0.007716431254125515},"point_estimate":0.0013241652729163444,"standard_error":0.00315752148935782},"median":{"confidence_interval":{"confidence_level":0.95,"lower_bound":-0.008179972268321345,"upper_bound":0.011714760215702169},"point_estimate":0.0009530739927317011,"standard_error":0.005202394635696025}}