{"mean":{"confidence_interval":{"confidence_level":0.95,"lower_bound":0.0019980679301121605,"upper_bound":0.021321625580114526},"point_estimate":0.011687325225274714,"standard_error":0.004918258664166704},"median":{"confidence_interval":{"confidence_level":0.95,"lower_bound":-0.0037719613932314378,"upper_bound":0.025554744788037986},"point_estimate":0.011688106352893746,"standard_error":0.007472375994518356}}