{"mean":{"confidence_interval":{"confidence_level":0.95,"lower_bound":66173763115.854996,"upper_bound":66406672538.5},"point_estimate":66289043961.9,"standard_error":59741703.28364089},"median":{"confidence_interval":{"confidence_level":0.95,"lower_bound":66116304614.0,"upper_bound":66484767139.0},"point_estimate":66255460569.5,"standard_error":110321960.75015894},"median_abs_dev":{"confidence_interval":{"confidence_level":0.95,"lower_bound":37521214.62766528,"upper_bound":327441790.67834616},"point_estimate":212900368.8086629,"standard_error":78941443.19113584},"slope":null,"std_dev":{"confidence_interval":{"confidence_level":0.95,"lower_bound":126767631.12004127,"upper_bound":235521543.54587224},"point_estimate":199176182.7145044,"standard_error":27805749.976885032}}