{"mean":{"confidence_interval":{"confidence_level":0.95,"lower_bound":109561215.67,"upper_bound":109922891.64},"point_estimate":109738290.32,"standard_error":93350.67530930911},"median":{"confidence_interval":{"confidence_level":0.95,"lower_bound":109370002.0,"upper_bound":109948657.0},"point_estimate":109683789.5,"standard_error":148291.2433348801},"median_abs_dev":{"confidence_interval":{"confidence_level":0.95,"lower_bound":747847.1483230591,"upper_bound":1114067.8743213415},"point_estimate":937387.1767580509,"standard_error":92485.93698715721},"slope":null,"std_dev":{"confidence_interval":{"confidence_level":0.95,"lower_bound":751477.1854055586,"upper_bound":1073371.892718752},"point_estimate":914673.1346351827,"standard_error":83716.11445784957}}