{"mean":{"confidence_interval":{"confidence_level":0.95,"lower_bound":477531898.6,"upper_bound":486314295.0},"point_estimate":482285373.8,"standard_error":2257786.816529992},"median":{"confidence_interval":{"confidence_level":0.95,"lower_bound":479000674.5,"upper_bound":487796165.0},"point_estimate":484975734.0,"standard_error":2626266.6691484116},"median_abs_dev":{"confidence_interval":{"confidence_level":0.95,"lower_bound":262457.2603404522,"upper_bound":10863984.075325727},"point_estimate":5035123.746308684,"standard_error":2876884.1589830597},"slope":null,"std_dev":{"confidence_interval":{"confidence_level":0.95,"lower_bound":2735370.153922526,"upper_bound":10049604.327416334},"point_estimate":7545659.079035144,"standard_error":1949721.536792717}}