{"mean":{"confidence_interval":{"confidence_level":0.95,"lower_bound":-0.025523908956872638,"upper_bound":0.007257842984304093},"point_estimate":-0.009637198780331424,"standard_error":0.008341258208411318},"median":{"confidence_interval":{"confidence_level":0.95,"lower_bound":-0.03004019155737514,"upper_bound":0.012772489981590418},"point_estimate":-0.006505982587787895,"standard_error":0.01150389992128347}}