{"mean":{"confidence_interval":{"confidence_level":0.95,"lower_bound":45133044009.7,"upper_bound":45272135968.5},"point_estimate":45200043902.2,"standard_error":35733865.36726719},"median":{"confidence_interval":{"confidence_level":0.95,"lower_bound":45100210198.5,"upper_bound":45318126084.0},"point_estimate":45163330877.0,"standard_error":52805629.30729738},"median_abs_dev":{"confidence_interval":{"confidence_level":0.95,"lower_bound":22248393.35861206,"upper_bound":195743042.14116633},"point_estimate":123994819.55855191,"standard_error":47601268.77454561},"slope":null,"std_dev":{"confidence_interval":{"confidence_level":0.95,"lower_bound":64625879.97207208,"upper_bound":144517750.6743153},"point_estimate":119402136.1101282,"standard_error":19705393.3131261}}