{"mean":{"confidence_interval":{"confidence_level":0.95,"lower_bound":35636692695.2,"upper_bound":35675036242.5},"point_estimate":35656606797.2,"standard_error":9794926.051510114},"median":{"confidence_interval":{"confidence_level":0.95,"lower_bound":35635052778.0,"upper_bound":35678446777.0},"point_estimate":35657710845.0,"standard_error":9291524.444523469},"median_abs_dev":{"confidence_interval":{"confidence_level":0.95,"lower_bound":3009365.859273076,"upper_bound":57170907.4937135},"point_estimate":24482423.92475009,"standard_error":13733272.077549063},"slope":null,"std_dev":{"confidence_interval":{"confidence_level":0.95,"lower_bound":12805680.435093077,"upper_bound":43046824.18768426},"point_estimate":32587010.037907988,"standard_error":7453182.937919808}}