{"mean":{"confidence_interval":{"confidence_level":0.95,"lower_bound":65397393.0585,"upper_bound":65835023.49},"point_estimate":65618841.33,"standard_error":110479.0865877679},"median":{"confidence_interval":{"confidence_level":0.95,"lower_bound":65387249.5,"upper_bound":66053628.5},"point_estimate":65741671.5,"standard_error":152236.69736291637},"median_abs_dev":{"confidence_interval":{"confidence_level":0.95,"lower_bound":891806.1231672764,"upper_bound":1448726.289312467},"point_estimate":1229368.9329743385,"standard_error":143031.6435294047},"slope":null,"std_dev":{"confidence_interval":{"confidence_level":0.95,"lower_bound":973387.1106138548,"upper_bound":1227919.629744814},"point_estimate":1108140.3340201108,"standard_error":65544.34153135751}}