{"mean":{"confidence_interval":{"confidence_level":0.95,"lower_bound":1222140298.2975,"upper_bound":1224745218.0},"point_estimate":1223450670.2,"standard_error":669935.5856842921},"median":{"confidence_interval":{"confidence_level":0.95,"lower_bound":1220976385.0,"upper_bound":1225405411.0},"point_estimate":1223652112.0,"standard_error":1114273.7870741254},"median_abs_dev":{"confidence_interval":{"confidence_level":0.95,"lower_bound":552817.0521855354,"upper_bound":3759078.8596630096},"point_estimate":2631058.236989379,"standard_error":859794.2861637467},"slope":null,"std_dev":{"confidence_interval":{"confidence_level":0.95,"lower_bound":1377452.648004821,"upper_bound":2668891.684218168},"point_estimate":2228595.501946152,"standard_error":327819.66191243654}}