{"mean":{"confidence_interval":{"confidence_level":0.95,"lower_bound":663431714.58,"upper_bound":666233419.7},"point_estimate":664824640.01,"standard_error":717697.7329851204},"median":{"confidence_interval":{"confidence_level":0.95,"lower_bound":662811434.3875,"upper_bound":667522905.0},"point_estimate":665625091.0,"standard_error":1189643.3133075512},"median_abs_dev":{"confidence_interval":{"confidence_level":0.95,"lower_bound":5901996.244418621,"upper_bound":9774083.321875334},"point_estimate":7270757.00301826,"standard_error":991723.2497480187},"slope":null,"std_dev":{"confidence_interval":{"confidence_level":0.95,"lower_bound":6460830.163347085,"upper_bound":8097424.642297436},"point_estimate":7327304.122156684,"standard_error":424078.00507864926}}