{"mean":{"confidence_interval":{"confidence_level":0.95,"lower_bound":0.04738346927606747,"upper_bound":0.05259699516272519},"point_estimate":0.049954037714564636,"standard_error":0.001348380604190432},"median":{"confidence_interval":{"confidence_level":0.95,"lower_bound":0.046886253857581606,"upper_bound":0.053253297434020075},"point_estimate":0.04850953873698294,"standard_error":0.0017901952849760918}}