{"mean":{"confidence_interval":{"confidence_level":0.95,"lower_bound":596828771.4,"upper_bound":620870226.745},"point_estimate":609381548.8,"standard_error":6171190.255754962},"median":{"confidence_interval":{"confidence_level":0.95,"lower_bound":595005843.0,"upper_bound":626749971.0},"point_estimate":611972575.5,"standard_error":8374443.814894292},"median_abs_dev":{"confidence_interval":{"confidence_level":0.95,"lower_bound":6034679.305163026,"upper_bound":35171997.904372215},"point_estimate":22997899.536305666,"standard_error":7316757.357560129},"slope":null,"std_dev":{"confidence_interval":{"confidence_level":0.95,"lower_bound":10991775.423406666,"upper_bound":26149679.15684851},"point_estimate":20561882.48245343,"standard_error":3903884.438812609}}