{"mean":{"confidence_interval":{"confidence_level":0.95,"lower_bound":1720933756.4,"upper_bound":1752628829.9},"point_estimate":1733796642.0,"standard_error":8647216.779242542},"median":{"confidence_interval":{"confidence_level":0.95,"lower_bound":1718604511.0,"upper_bound":1738950763.5},"point_estimate":1724295766.0,"standard_error":4250955.082191767},"median_abs_dev":{"confidence_interval":{"confidence_level":0.95,"lower_bound":82992.98132658005,"upper_bound":21693402.073565125},"point_estimate":5339592.70080328,"standard_error":5710971.62759683},"slope":null,"std_dev":{"confidence_interval":{"confidence_level":0.95,"lower_bound":3109095.233387881,"upper_bound":42963355.353455484},"point_estimate":28913721.70282966,"standard_error":12054619.637653926}}