{"mean":{"confidence_interval":{"confidence_level":0.95,"lower_bound":1326484814.51,"upper_bound":1335191824.5225},"point_estimate":1330654043.7,"standard_error":2237069.344060601},"median":{"confidence_interval":{"confidence_level":0.95,"lower_bound":1324235074.0,"upper_bound":1337881685.0},"point_estimate":1329014406.0,"standard_error":3561501.211410716},"median_abs_dev":{"confidence_interval":{"confidence_level":0.95,"lower_bound":865687.1594309807,"upper_bound":12274548.964083195},"point_estimate":7444756.418529153,"standard_error":3000100.1163713713},"slope":null,"std_dev":{"confidence_interval":{"confidence_level":0.95,"lower_bound":3961774.0049408353,"upper_bound":9153577.903769713},"point_estimate":7449900.582821254,"standard_error":1306978.2324352167}}