{"mean":{"confidence_interval":{"confidence_level":0.95,"lower_bound":171625385.03,"upper_bound":172213668.49},"point_estimate":171911517.08,"standard_error":152239.81383239018},"median":{"confidence_interval":{"confidence_level":0.95,"lower_bound":171550035.0,"upper_bound":172399128.0},"point_estimate":172052230.5,"standard_error":238858.27685840297},"median_abs_dev":{"confidence_interval":{"confidence_level":0.95,"lower_bound":1333956.724217534,"upper_bound":2195445.901823044},"point_estimate":1868764.6345227957,"standard_error":226652.16883161064},"slope":null,"std_dev":{"confidence_interval":{"confidence_level":0.95,"lower_bound":1333834.5055073628,"upper_bound":1741494.4704587066},"point_estimate":1537880.0781820954,"standard_error":104348.62039878411}}