{"mean":{"confidence_interval":{"confidence_level":0.95,"lower_bound":1329503590.1025002,"upper_bound":1332971778.3},"point_estimate":1331351811.4,"standard_error":890786.5915414833},"median":{"confidence_interval":{"confidence_level":0.95,"lower_bound":1329239090.0,"upper_bound":1333636142.0},"point_estimate":1332144736.5,"standard_error":1012094.4090457488},"median_abs_dev":{"confidence_interval":{"confidence_level":0.95,"lower_bound":216539.65655565262,"upper_bound":4809778.187209368},"point_estimate":2704004.379594326,"standard_error":1159334.2487436722},"slope":null,"std_dev":{"confidence_interval":{"confidence_level":0.95,"lower_bound":1319471.2600730774,"upper_bound":3926379.603663492},"point_estimate":2968365.922358825,"standard_error":690751.1256658606}}