{"mean":{"confidence_interval":{"confidence_level":0.95,"lower_bound":1386233081.6,"upper_bound":1393233827.4725},"point_estimate":1389477288.9,"standard_error":1812725.3314870987},"median":{"confidence_interval":{"confidence_level":0.95,"lower_bound":1384624939.0,"upper_bound":1393568865.5},"point_estimate":1387473408.0,"standard_error":2249419.488069534},"median_abs_dev":{"confidence_interval":{"confidence_level":0.95,"lower_bound":875507.1603566408,"upper_bound":10164534.179243445},"point_estimate":4866599.5725005865,"standard_error":2331476.631030625},"slope":null,"std_dev":{"confidence_interval":{"confidence_level":0.95,"lower_bound":2246334.406156178,"upper_bound":7527899.044514656},"point_estimate":6046891.638921925,"standard_error":1264886.878487484}}