{"mean":{"confidence_interval":{"confidence_level":0.95,"lower_bound":1213801780.4,"upper_bound":1291717885.5},"point_estimate":1252930014.3,"standard_error":19815017.71563783},"median":{"confidence_interval":{"confidence_level":0.95,"lower_bound":1225838780.5,"upper_bound":1301082603.0},"point_estimate":1236655048.5,"standard_error":20299417.83613151},"median_abs_dev":{"confidence_interval":{"confidence_level":0.95,"lower_bound":3196602.668648958,"upper_bound":127318876.1578381},"point_estimate":17052615.82045555,"standard_error":35587833.51791992},"slope":null,"std_dev":{"confidence_interval":{"confidence_level":0.95,"lower_bound":31803611.720084127,"upper_bound":88541733.24676517},"point_estimate":66455263.93114994,"standard_error":14658936.364922456}}