{"mean":{"confidence_interval":{"confidence_level":0.95,"lower_bound":1823766238.4,"upper_bound":1899211267.225},"point_estimate":1862153770.9,"standard_error":19341317.026741244},"median":{"confidence_interval":{"confidence_level":0.95,"lower_bound":1803859997.5,"upper_bound":1924524067.0},"point_estimate":1870743903.0,"standard_error":31811643.71912185},"median_abs_dev":{"confidence_interval":{"confidence_level":0.95,"lower_bound":15153237.720376253,"upper_bound":108326167.81812608},"point_estimate":86484102.48000026,"standard_error":23320543.205255955},"slope":null,"std_dev":{"confidence_interval":{"confidence_level":0.95,"lower_bound":39616512.1778158,"upper_bound":76194248.7912595},"point_estimate":64307628.70679109,"standard_error":9270362.844781889}}