{"mean":{"confidence_interval":{"confidence_level":0.95,"lower_bound":228849290.87416664,"upper_bound":231258033.54249996},"point_estimate":229865050.56666666,"standard_error":634463.139580573},"median":{"confidence_interval":{"confidence_level":0.95,"lower_bound":228641267.0,"upper_bound":230574066.0},"point_estimate":229085243.1666667,"standard_error":501209.9712964244},"median_abs_dev":{"confidence_interval":{"confidence_level":0.95,"lower_bound":224396.94221616528,"upper_bound":2298102.8537005037},"point_estimate":792920.1643228458,"standard_error":562572.2056088244},"slope":null,"std_dev":{"confidence_interval":{"confidence_level":0.95,"lower_bound":526219.4936817018,"upper_bound":3093374.9263271084},"point_estimate":2111447.1100598276,"standard_error":768501.9997479517}}