{"mean":{"confidence_interval":{"confidence_level":0.95,"lower_bound":0.012003600229641921,"upper_bound":0.04006979371654345},"point_estimate":0.025290973826173735,"standard_error":0.007075260691684851},"median":{"confidence_interval":{"confidence_level":0.95,"lower_bound":0.004336969310820171,"upper_bound":0.049743423616079196},"point_estimate":0.016137993127258055,"standard_error":0.011127641696365445}}