{"mean":{"confidence_interval":{"confidence_level":0.95,"lower_bound":1003588276.6,"upper_bound":1033577936.6},"point_estimate":1018430416.5,"standard_error":7675138.389438727},"median":{"confidence_interval":{"confidence_level":0.95,"lower_bound":997418389.5,"upper_bound":1035395196.0},"point_estimate":1021542290.0,"standard_error":9194728.420576},"median_abs_dev":{"confidence_interval":{"confidence_level":0.95,"lower_bound":3819874.354183674,"upper_bound":46772029.85613048},"point_estimate":23829035.444650054,"standard_error":11065474.899991943},"slope":null,"std_dev":{"confidence_interval":{"confidence_level":0.95,"lower_bound":14090441.32335747,"upper_bound":32840185.6770853},"point_estimate":25524655.30770799,"standard_error":4866147.402181089}}