{"mean":{"confidence_interval":{"confidence_level":0.95,"lower_bound":71907622.93,"upper_bound":72481844.53},"point_estimate":72186569.16,"standard_error":143920.64112400668},"median":{"confidence_interval":{"confidence_level":0.95,"lower_bound":71894224.0,"upper_bound":72686736.5},"point_estimate":72084876.5,"standard_error":189028.0613946871},"median_abs_dev":{"confidence_interval":{"confidence_level":0.95,"lower_bound":1079747.1675306559,"upper_bound":1999861.3132953644},"point_estimate":1328302.087917924,"standard_error":229783.11173850158},"slope":null,"std_dev":{"confidence_interval":{"confidence_level":0.95,"lower_bound":1265767.4083412313,"upper_bound":1768483.8085924352},"point_estimate":1507334.8663694356,"standard_error":127456.64904575527}}