{"mean":{"confidence_interval":{"confidence_level":0.95,"lower_bound":238322146.05875,"upper_bound":243994904.6},"point_estimate":241258978.65,"standard_error":1456129.2170605331},"median":{"confidence_interval":{"confidence_level":0.95,"lower_bound":236473970.0,"upper_bound":245796443.0},"point_estimate":241621797.0,"standard_error":2487617.5135775977},"median_abs_dev":{"confidence_interval":{"confidence_level":0.95,"lower_bound":736549.7365236282,"upper_bound":8045575.980712473},"point_estimate":6321812.588815391,"standard_error":2124017.479207374},"slope":null,"std_dev":{"confidence_interval":{"confidence_level":0.95,"lower_bound":2783980.591233808,"upper_bound":5727657.340047262},"point_estimate":4843456.832933915,"standard_error":721749.5239167315}}