{"mean":{"confidence_interval":{"confidence_level":0.95,"lower_bound":277675171.25,"upper_bound":286988133.6},"point_estimate":281821524.55,"standard_error":2394376.735286304},"median":{"confidence_interval":{"confidence_level":0.95,"lower_bound":276593956.5,"upper_bound":286306469.0},"point_estimate":279883602.0,"standard_error":2539812.863147041},"median_abs_dev":{"confidence_interval":{"confidence_level":0.95,"lower_bound":446605.072671175,"upper_bound":11279855.962492526},"point_estimate":4998117.30966568,"standard_error":2744429.6712723877},"slope":null,"std_dev":{"confidence_interval":{"confidence_level":0.95,"lower_bound":3059884.187196922,"upper_bound":11055737.653745761},"point_estimate":7963429.640151641,"standard_error":2278861.356162669}}