{"mean":{"confidence_interval":{"confidence_level":0.95,"lower_bound":323315498.1,"upper_bound":323919805.95375},"point_estimate":323598403.5,"standard_error":155495.98485031995},"median":{"confidence_interval":{"confidence_level":0.95,"lower_bound":323196935.5,"upper_bound":323900595.25},"point_estimate":323570654.25,"standard_error":180045.4592444123},"median_abs_dev":{"confidence_interval":{"confidence_level":0.95,"lower_bound":86947.81675636768,"upper_bound":854675.5187764764},"point_estimate":424135.15812009573,"standard_error":187070.8824755819},"slope":null,"std_dev":{"confidence_interval":{"confidence_level":0.95,"lower_bound":252275.22281980162,"upper_bound":690128.1075339236},"point_estimate":516648.1403998384,"standard_error":120826.50897764106}}