{"mean":{"confidence_interval":{"confidence_level":0.95,"lower_bound":497111361.6,"upper_bound":509679063.005},"point_estimate":503197672.9,"standard_error":3225766.089427831},"median":{"confidence_interval":{"confidence_level":0.95,"lower_bound":494829666.0,"upper_bound":514283156.0},"point_estimate":499263039.5,"standard_error":5495132.497820891},"median_abs_dev":{"confidence_interval":{"confidence_level":0.95,"lower_bound":928206.1764210463,"upper_bound":16891952.391707897},"point_estimate":10454218.646800518,"standard_error":4429699.785897755},"slope":null,"std_dev":{"confidence_interval":{"confidence_level":0.95,"lower_bound":6268661.179614112,"upper_bound":13023873.63109662},"point_estimate":10757834.295516334,"standard_error":1714945.660101675}}