{"mean":{"confidence_interval":{"confidence_level":0.95,"lower_bound":437670098.17499995,"upper_bound":450626914.07875},"point_estimate":444189142.95,"standard_error":3331092.956405593},"median":{"confidence_interval":{"confidence_level":0.95,"lower_bound":436445484.0,"upper_bound":455163469.5},"point_estimate":442000246.75,"standard_error":5209317.383499898},"median_abs_dev":{"confidence_interval":{"confidence_level":0.95,"lower_bound":486636.01326048374,"upper_bound":19536334.01336074},"point_estimate":15942667.350161076,"standard_error":5049680.842789076},"slope":null,"std_dev":{"confidence_interval":{"confidence_level":0.95,"lower_bound":6827732.566126316,"upper_bound":13549137.114322674},"point_estimate":11101759.467449997,"standard_error":1742262.7964352262}}