{"mean":{"confidence_interval":{"confidence_level":0.95,"lower_bound":334969995070.2125,"upper_bound":337889294541.82745},"point_estimate":336410156939.7,"standard_error":748901173.4767456},"median":{"confidence_interval":{"confidence_level":0.95,"lower_bound":334183763429.0,"upper_bound":338557479728.0},"point_estimate":336655326657.5,"standard_error":1029500715.1405995},"median_abs_dev":{"confidence_interval":{"confidence_level":0.95,"lower_bound":527634730.619511,"upper_bound":4444013350.324792},"point_estimate":2637176847.020352,"standard_error":1043559226.8442447},"slope":null,"std_dev":{"confidence_interval":{"confidence_level":0.95,"lower_bound":1462204174.6224382,"upper_bound":3079656277.3699036},"point_estimate":2492885740.668916,"standard_error":415465573.62696713}}