{"mean":{"confidence_interval":{"confidence_level":0.95,"lower_bound":412764788.1725,"upper_bound":429871571.49499995},"point_estimate":421354214.0,"standard_error":4396678.129031928},"median":{"confidence_interval":{"confidence_level":0.95,"lower_bound":407530985.0,"upper_bound":434807780.0},"point_estimate":421870463.75,"standard_error":8072521.372964146},"median_abs_dev":{"confidence_interval":{"confidence_level":0.95,"lower_bound":1787932.1720078588,"upper_bound":23561744.537745416},"point_estimate":19421049.263307452,"standard_error":5727504.913457046},"slope":null,"std_dev":{"confidence_interval":{"confidence_level":0.95,"lower_bound":9529394.120168239,"upper_bound":17388145.781190637},"point_estimate":14723561.680122884,"standard_error":2003703.4130102035}}