{"mean":{"confidence_interval":{"confidence_level":0.95,"lower_bound":106597299.73,"upper_bound":107145659.49925},"point_estimate":106871290.97,"standard_error":140936.61658930403},"median":{"confidence_interval":{"confidence_level":0.95,"lower_bound":106464740.5,"upper_bound":107359822.5},"point_estimate":106957419.5,"standard_error":241949.31698039526},"median_abs_dev":{"confidence_interval":{"confidence_level":0.95,"lower_bound":1169956.7042291164,"upper_bound":1796077.9469132423},"point_estimate":1426410.1759761572,"standard_error":157328.95131731455},"slope":null,"std_dev":{"confidence_interval":{"confidence_level":0.95,"lower_bound":1243126.6459128596,"upper_bound":1576340.1059444877},"point_estimate":1422105.4039271201,"standard_error":84820.25951440427}}