{"mean":{"confidence_interval":{"confidence_level":0.95,"lower_bound":444655306.3825,"upper_bound":469160800.4},"point_estimate":457445983.9,"standard_error":6283087.448461677},"median":{"confidence_interval":{"confidence_level":0.95,"lower_bound":441338275.0,"upper_bound":476309172.0},"point_estimate":460762935.5,"standard_error":8960783.816629346},"median_abs_dev":{"confidence_interval":{"confidence_level":0.95,"lower_bound":5511796.687746048,"upper_bound":34371033.64679217},"point_estimate":25833617.35626161,"standard_error":7687768.262538543},"slope":null,"std_dev":{"confidence_interval":{"confidence_level":0.95,"lower_bound":11405546.611685148,"upper_bound":26218360.011856776},"point_estimate":20873242.106356867,"standard_error":3828368.538425298}}