{"mean":{"confidence_interval":{"confidence_level":0.95,"lower_bound":361028593.8,"upper_bound":373834550.15},"point_estimate":367245143.6,"standard_error":3278328.034856444},"median":{"confidence_interval":{"confidence_level":0.95,"lower_bound":358217592.0,"upper_bound":374021035.5},"point_estimate":367300748.0,"standard_error":4459997.674251699},"median_abs_dev":{"confidence_interval":{"confidence_level":0.95,"lower_bound":3336580.8625638485,"upper_bound":19910996.292959154},"point_estimate":11276338.864704967,"standard_error":3947939.7738203737},"slope":null,"std_dev":{"confidence_interval":{"confidence_level":0.95,"lower_bound":5972682.656010789,"upper_bound":14234298.163799632},"point_estimate":10924395.37227168,"standard_error":2210790.48836341}}