{"mean":{"confidence_interval":{"confidence_level":0.95,"lower_bound":143363994.56125,"upper_bound":143589200.53},"point_estimate":143454069.05,"standard_error":58967.18763097934},"median":{"confidence_interval":{"confidence_level":0.95,"lower_bound":143347486.0,"upper_bound":143419771.0},"point_estimate":143376311.0,"standard_error":14377.177698093454},"median_abs_dev":{"confidence_interval":{"confidence_level":0.95,"lower_bound":124943.14758181572,"upper_bound":231474.62739050388},"point_estimate":159444.73156929016,"standard_error":25792.31725011674},"slope":null,"std_dev":{"confidence_interval":{"confidence_level":0.95,"lower_bound":217337.1152748509,"upper_bound":956094.5962856534},"point_estimate":587468.5507779277,"standard_error":245569.82555889362}}