{"mean":{"confidence_interval":{"confidence_level":0.95,"lower_bound":593002499.335,"upper_bound":629489092.5},"point_estimate":611737955.1,"standard_error":9344569.132937193},"median":{"confidence_interval":{"confidence_level":0.95,"lower_bound":585882769.5,"upper_bound":642743149.0},"point_estimate":613761915.5,"standard_error":12841421.32898675},"median_abs_dev":{"confidence_interval":{"confidence_level":0.95,"lower_bound":6134313.729894161,"upper_bound":55604402.73972452},"point_estimate":34828882.01636374,"standard_error":12753884.052261816},"slope":null,"std_dev":{"confidence_interval":{"confidence_level":0.95,"lower_bound":17720133.296549365,"upper_bound":38648446.1690304},"point_estimate":31070904.176358428,"standard_error":5417751.755785369}}