{"mean":{"confidence_interval":{"confidence_level":0.95,"lower_bound":415436796.56375,"upper_bound":444496258.58625},"point_estimate":429752570.2,"standard_error":7469170.442992034},"median":{"confidence_interval":{"confidence_level":0.95,"lower_bound":405204478.0,"upper_bound":452046172.5},"point_estimate":425607356.25,"standard_error":11278682.303832183},"median_abs_dev":{"confidence_interval":{"confidence_level":0.95,"lower_bound":3095460.4397445917,"upper_bound":41682746.73278332},"point_estimate":32402928.14233303,"standard_error":9870624.771549625},"slope":null,"std_dev":{"confidence_interval":{"confidence_level":0.95,"lower_bound":14852515.071585264,"upper_bound":30559902.965611197},"point_estimate":24835382.777648997,"standard_error":4007303.9382110885}}