{"mean":{"confidence_interval":{"confidence_level":0.95,"lower_bound":0.10583345107588667,"upper_bound":0.12007942757166812},"point_estimate":0.11228419105776011,"standard_error":0.0036345847964858176},"median":{"confidence_interval":{"confidence_level":0.95,"lower_bound":0.10400839812478502,"upper_bound":0.12047386548224481},"point_estimate":0.1087827306315643,"standard_error":0.00384755166702579}}