{"mean":{"confidence_interval":{"confidence_level":0.95,"lower_bound":-0.0012733351656427745,"upper_bound":0.006479009369898964},"point_estimate":0.0022054663894486293,"standard_error":0.0019725324794795346},"median":{"confidence_interval":{"confidence_level":0.95,"lower_bound":-0.0035466785446345295,"upper_bound":0.007539265641071324},"point_estimate":-0.0012333551346292992,"standard_error":0.003096366845100926}}