{"mean":{"confidence_interval":{"confidence_level":0.95,"lower_bound":8373457740.9,"upper_bound":8397179950.629999},"point_estimate":8384763703.5,"standard_error":6100670.65276195},"median":{"confidence_interval":{"confidence_level":0.95,"lower_bound":8366503936.0,"upper_bound":8404310610.0},"point_estimate":8379429101.0,"standard_error":8465751.714570493},"median_abs_dev":{"confidence_interval":{"confidence_level":0.95,"lower_bound":4200081.92833364,"upper_bound":32542270.300859213},"point_estimate":20041080.726599693,"standard_error":7951030.26672002},"slope":null,"std_dev":{"confidence_interval":{"confidence_level":0.95,"lower_bound":9938989.868957525,"upper_bound":25712859.28162797},"point_estimate":20455156.495359927,"standard_error":3919651.5643261024}}