{"mean":{"confidence_interval":{"confidence_level":0.95,"lower_bound":-0.003944306571382305,"upper_bound":-0.0006476306121802888},"point_estimate":-0.002308387482735208,"standard_error":0.0008479682330588661},"median":{"confidence_interval":{"confidence_level":0.95,"lower_bound":-0.004611239371336007,"upper_bound":0.00012728920625781903},"point_estimate":-0.002307245162486815,"standard_error":0.0012004112432566394}}