{"mean":{"confidence_interval":{"confidence_level":0.95,"lower_bound":2162547218.5,"upper_bound":2165748633.36},"point_estimate":2164254808.71,"standard_error":818479.3179541471},"median":{"confidence_interval":{"confidence_level":0.95,"lower_bound":2164433641.0,"upper_bound":2166645649.0},"point_estimate":2165587491.0,"standard_error":552855.0206988874},"median_abs_dev":{"confidence_interval":{"confidence_level":0.95,"lower_bound":2989366.3269281387,"upper_bound":4763450.644531846},"point_estimate":4081350.133341551,"standard_error":463472.39639335725},"slope":null,"std_dev":{"confidence_interval":{"confidence_level":0.95,"lower_bound":4470007.666875678,"upper_bound":11165185.316772167},"point_estimate":8246424.039339193,"standard_error":1645297.7669176233}}