{"mean":{"confidence_interval":{"confidence_level":0.95,"lower_bound":-0.026641357778666146,"upper_bound":0.0038656488166008665},"point_estimate":-0.011210232220875693,"standard_error":0.007809210147490971},"median":{"confidence_interval":{"confidence_level":0.95,"lower_bound":-0.030404260890637524,"upper_bound":0.011867063125650112},"point_estimate":-0.01602591452142299,"standard_error":0.010034016396049684}}