{"mean":{"confidence_interval":{"confidence_level":0.95,"lower_bound":401647836.31624997,"upper_bound":411802740.21625},"point_estimate":406448384.45,"standard_error":2597710.645672484},"median":{"confidence_interval":{"confidence_level":0.95,"lower_bound":401649362.25,"upper_bound":408574323.0},"point_estimate":407128910.5,"standard_error":1888995.5003724515},"median_abs_dev":{"confidence_interval":{"confidence_level":0.95,"lower_bound":390872.28641062975,"upper_bound":13880620.975519717},"point_estimate":2286185.097362101,"standard_error":3576530.9719049265},"slope":null,"std_dev":{"confidence_interval":{"confidence_level":0.95,"lower_bound":2584390.2243538615,"upper_bound":12341978.069093686},"point_estimate":8683133.936260935,"standard_error":2496482.0435565226}}