{"mean":{"confidence_interval":{"confidence_level":0.95,"lower_bound":557935676.77,"upper_bound":584294878.045},"point_estimate":570793741.9,"standard_error":6759294.062280014},"median":{"confidence_interval":{"confidence_level":0.95,"lower_bound":549619543.0,"upper_bound":588393647.0},"point_estimate":569546085.0,"standard_error":7904407.022890887},"median_abs_dev":{"confidence_interval":{"confidence_level":0.95,"lower_bound":3388277.641046047,"upper_bound":41426565.31813145},"point_estimate":21866549.73539114,"standard_error":10863066.755093068},"slope":null,"std_dev":{"confidence_interval":{"confidence_level":0.95,"lower_bound":12211610.348568749,"upper_bound":28446434.18026988},"point_estimate":22515850.661217395,"standard_error":4252086.174432327}}