{"mean":{"confidence_interval":{"confidence_level":0.95,"lower_bound":390194528.3,"upper_bound":397498171.8},"point_estimate":393708768.25,"standard_error":1873503.8782597808},"median":{"confidence_interval":{"confidence_level":0.95,"lower_bound":389382669.0,"upper_bound":399227983.0},"point_estimate":391297542.75,"standard_error":3048279.027996711},"median_abs_dev":{"confidence_interval":{"confidence_level":0.95,"lower_bound":393586.92696243525,"upper_bound":9971288.392174244},"point_estimate":5371162.0726928115,"standard_error":2783446.9035942717},"slope":null,"std_dev":{"confidence_interval":{"confidence_level":0.95,"lower_bound":3510978.931393556,"upper_bound":7658770.987510612},"point_estimate":6235374.005727991,"standard_error":1052212.5275558098}}