{"mean":{"confidence_interval":{"confidence_level":0.95,"lower_bound":1073284796.53,"upper_bound":1112117856.4525},"point_estimate":1093401971.7,"standard_error":9948856.405820146},"median":{"confidence_interval":{"confidence_level":0.95,"lower_bound":1067045127.0,"upper_bound":1112820294.5},"point_estimate":1096699697.0,"standard_error":9236129.045771088},"median_abs_dev":{"confidence_interval":{"confidence_level":0.95,"lower_bound":4104792.26282537,"upper_bound":61739264.29030895},"point_estimate":18975659.181314707,"standard_error":15411013.171370128},"slope":null,"std_dev":{"confidence_interval":{"confidence_level":0.95,"lower_bound":14354825.433423443,"upper_bound":42864040.972850226},"point_estimate":33075619.426936336,"standard_error":7120937.379992472}}