{"mean":{"confidence_interval":{"confidence_level":0.95,"lower_bound":69941246.68,"upper_bound":70420472.76},"point_estimate":70180108.25,"standard_error":122235.53903172906},"median":{"confidence_interval":{"confidence_level":0.95,"lower_bound":69828843.0,"upper_bound":70430563.0},"point_estimate":70152224.5,"standard_error":147340.36650889707},"median_abs_dev":{"confidence_interval":{"confidence_level":0.95,"lower_bound":829367.7040182812,"upper_bound":1504581.7421883345},"point_estimate":1280399.2827683687,"standard_error":173162.7450884154},"slope":null,"std_dev":{"confidence_interval":{"confidence_level":0.95,"lower_bound":1013174.4264061487,"upper_bound":1379625.4794798612},"point_estimate":1205244.949240948,"standard_error":92466.71468383937}}