{"mean":{"confidence_interval":{"confidence_level":0.95,"lower_bound":-0.02130686988209448,"upper_bound":0.02281580667515454},"point_estimate":0.00020246085360375865,"standard_error":0.01129452144260826},"median":{"confidence_interval":{"confidence_level":0.95,"lower_bound":-0.036654598654329074,"upper_bound":0.032966722139304405},"point_estimate":-0.012495234537410305,"standard_error":0.018319936777073297}}