{"mean":{"confidence_interval":{"confidence_level":0.95,"lower_bound":0.00531923523508859,"upper_bound":0.08384783718300017},"point_estimate":0.045080141097255444,"standard_error":0.020044723045878548},"median":{"confidence_interval":{"confidence_level":0.95,"lower_bound":0.005298164938682959,"upper_bound":0.0982335171917581},"point_estimate":0.037111268825399835,"standard_error":0.025186285310077723}}