{"mean":{"confidence_interval":{"confidence_level":0.95,"lower_bound":614339574.12,"upper_bound":644352197.8},"point_estimate":629257583.8,"standard_error":7667319.074575475},"median":{"confidence_interval":{"confidence_level":0.95,"lower_bound":609278544.0,"upper_bound":653146168.0},"point_estimate":624335770.0,"standard_error":10788511.777989117},"median_abs_dev":{"confidence_interval":{"confidence_level":0.95,"lower_bound":4466816.489598155,"upper_bound":45942655.27655482},"point_estimate":29711819.41730976,"standard_error":10822410.17515715},"slope":null,"std_dev":{"confidence_interval":{"confidence_level":0.95,"lower_bound":15162911.505423445,"upper_bound":31526213.22557285},"point_estimate":25577412.822436307,"standard_error":4193685.065762737}}