{"mean":{"confidence_interval":{"confidence_level":0.95,"lower_bound":1960422241.75,"upper_bound":1963464832.47},"point_estimate":1962127936.15,"standard_error":777572.7566855683},"median":{"confidence_interval":{"confidence_level":0.95,"lower_bound":1962528199.0,"upper_bound":1963630413.0},"point_estimate":1963281572.0,"standard_error":310353.74576435174},"median_abs_dev":{"confidence_interval":{"confidence_level":0.95,"lower_bound":1922609.7003668547,"upper_bound":3700516.902002692},"point_estimate":2917163.7082099915,"standard_error":467417.4323629852},"slope":null,"std_dev":{"confidence_interval":{"confidence_level":0.95,"lower_bound":4650043.98017081,"upper_bound":10739733.97647308},"point_estimate":8008630.056658368,"standard_error":1619430.0293285432}}