{"mean":{"confidence_interval":{"confidence_level":0.95,"lower_bound":59893987.43,"upper_bound":60373430.04825},"point_estimate":60136488.76,"standard_error":117747.21277515261},"median":{"confidence_interval":{"confidence_level":0.95,"lower_bound":59934391.0,"upper_bound":60374472.5},"point_estimate":60165064.5,"standard_error":104607.7343470828},"median_abs_dev":{"confidence_interval":{"confidence_level":0.95,"lower_bound":759202.3815214634,"upper_bound":1250273.5926032066},"point_estimate":1071614.365375042,"standard_error":130009.67000086518},"slope":null,"std_dev":{"confidence_interval":{"confidence_level":0.95,"lower_bound":945703.8632515033,"upper_bound":1427224.306547365},"point_estimate":1189384.575047963,"standard_error":122598.0224929498}}