{"mean":{"confidence_interval":{"confidence_level":0.95,"lower_bound":72143018405.4625,"upper_bound":72392163878.32501},"point_estimate":72267036088.9,"standard_error":64017533.441558376},"median":{"confidence_interval":{"confidence_level":0.95,"lower_bound":72044630063.0,"upper_bound":72443285860.0},"point_estimate":72303094864.5,"standard_error":104589997.01497725},"median_abs_dev":{"confidence_interval":{"confidence_level":0.95,"lower_bound":37824976.38197243,"upper_bound":361925662.04393506},"point_estimate":289171768.91887486,"standard_error":87382815.94128437},"slope":null,"std_dev":{"confidence_interval":{"confidence_level":0.95,"lower_bound":134129839.00277646,"upper_bound":256349931.0268402},"point_estimate":213664722.1782271,"standard_error":31388316.429770175}}