{"mean":{"confidence_interval":{"confidence_level":0.95,"lower_bound":21178502271.285,"upper_bound":21374463505.9},"point_estimate":21271500647.4,"standard_error":49981383.791104436},"median":{"confidence_interval":{"confidence_level":0.95,"lower_bound":21165746493.0,"upper_bound":21346971970.0},"point_estimate":21258568171.5,"standard_error":50708534.90266908},"median_abs_dev":{"confidence_interval":{"confidence_level":0.95,"lower_bound":41619711.029702425,"upper_bound":263826534.07864273},"point_estimate":134342443.71504486,"standard_error":55051121.12631118},"slope":null,"std_dev":{"confidence_interval":{"confidence_level":0.95,"lower_bound":70166273.3073758,"upper_bound":230682991.33225802},"point_estimate":166300904.77963784,"standard_error":42950276.94554988}}