{"mean":{"confidence_interval":{"confidence_level":0.95,"lower_bound":0.0013425037751451712,"upper_bound":0.012905881983501954},"point_estimate":0.00690227222108919,"standard_error":0.002886761813507967},"median":{"confidence_interval":{"confidence_level":0.95,"lower_bound":-0.0022198488382186854,"upper_bound":0.014000227015027455},"point_estimate":0.008786849395248542,"standard_error":0.004511654249977677}}