{"mean":{"confidence_interval":{"confidence_level":0.95,"lower_bound":497063775.60875,"upper_bound":499464201.6},"point_estimate":498261226.65,"standard_error":613948.3398773597},"median":{"confidence_interval":{"confidence_level":0.95,"lower_bound":496143416.0,"upper_bound":499964157.75},"point_estimate":498377838.25,"standard_error":929776.1090604982},"median_abs_dev":{"confidence_interval":{"confidence_level":0.95,"lower_bound":601265.0834754109,"upper_bound":3494680.1346570253},"point_estimate":2629440.7204180956,"standard_error":766176.8574586876},"slope":null,"std_dev":{"confidence_interval":{"confidence_level":0.95,"lower_bound":1245505.3149609833,"upper_bound":2499571.2952219765},"point_estimate":2047239.2337494825,"standard_error":320629.6835062917}}