{"mean":{"confidence_interval":{"confidence_level":0.95,"lower_bound":974276720.5125,"upper_bound":1028785410.4},"point_estimate":999150054.3,"standard_error":14142978.409370085},"median":{"confidence_interval":{"confidence_level":0.95,"lower_bound":968439420.0,"upper_bound":1038988607.0},"point_estimate":980837771.0,"standard_error":18033101.103099052},"median_abs_dev":{"confidence_interval":{"confidence_level":0.95,"lower_bound":2240240.436127782,"upper_bound":81396113.66643012},"point_estimate":19244373.75484407,"standard_error":19389080.91311291},"slope":null,"std_dev":{"confidence_interval":{"confidence_level":0.95,"lower_bound":17473412.61371229,"upper_bound":63198218.86462128},"point_estimate":47359205.64224973,"standard_error":11972881.01596292}}