{"mean":{"confidence_interval":{"confidence_level":0.95,"lower_bound":71781735.41,"upper_bound":72294296.89275001},"point_estimate":72023556.73,"standard_error":130513.28305980477},"median":{"confidence_interval":{"confidence_level":0.95,"lower_bound":71506019.0,"upper_bound":72097779.0},"point_estimate":71744212.0,"standard_error":173570.50980213497},"median_abs_dev":{"confidence_interval":{"confidence_level":0.95,"lower_bound":801746.3290661573,"upper_bound":1400199.2910414934},"point_estimate":1119057.5645327568,"standard_error":150621.485546793},"slope":null,"std_dev":{"confidence_interval":{"confidence_level":0.95,"lower_bound":1056933.2921790655,"upper_bound":1533820.0515462959},"point_estimate":1298306.0171820077,"standard_error":125134.2333646809}}