{"mean":{"confidence_interval":{"confidence_level":0.95,"lower_bound":1601740783.7,"upper_bound":1686253770.7849998},"point_estimate":1640005859.5,"standard_error":21825595.315340973},"median":{"confidence_interval":{"confidence_level":0.95,"lower_bound":1588477006.0,"upper_bound":1677744972.0},"point_estimate":1624085426.0,"standard_error":22063164.66112582},"median_abs_dev":{"confidence_interval":{"confidence_level":0.95,"lower_bound":14664435.628554225,"upper_bound":103920006.71735108},"point_estimate":57988760.7888937,"standard_error":23730924.079138476},"slope":null,"std_dev":{"confidence_interval":{"confidence_level":0.95,"lower_bound":28653951.059628773,"upper_bound":100300620.98422582},"point_estimate":72560545.49914455,"standard_error":20304694.01759053}}