{"mean":{"confidence_interval":{"confidence_level":0.95,"lower_bound":-0.009808220923938984,"upper_bound":0.04658792135060746},"point_estimate":0.019100989855275197,"standard_error":0.014319106108811878},"median":{"confidence_interval":{"confidence_level":0.95,"lower_bound":-0.01880462451063314,"upper_bound":0.053941111618587056},"point_estimate":0.033184938576636736,"standard_error":0.017712608144307494}}