{"mean":{"confidence_interval":{"confidence_level":0.95,"lower_bound":1017245560.205,"upper_bound":1068650481.3},"point_estimate":1043291539.5,"standard_error":13090933.284855427},"median":{"confidence_interval":{"confidence_level":0.95,"lower_bound":1009387635.5,"upper_bound":1065791662.0},"point_estimate":1043079677.0,"standard_error":11355579.760721864},"median_abs_dev":{"confidence_interval":{"confidence_level":0.95,"lower_bound":1490855.831632018,"upper_bound":80831330.54985702},"point_estimate":23412585.714143515,"standard_error":23656339.648105178},"slope":null,"std_dev":{"confidence_interval":{"confidence_level":0.95,"lower_bound":20511665.41866468,"upper_bound":57360082.082738064},"point_estimate":43592116.72040219,"standard_error":9346339.01218343}}