{"mean":{"confidence_interval":{"confidence_level":0.95,"lower_bound":1294781377.9475,"upper_bound":1303982906.4},"point_estimate":1299232440.4,"standard_error":2369388.0033496036},"median":{"confidence_interval":{"confidence_level":0.95,"lower_bound":1292681948.0,"upper_bound":1306442395.0},"point_estimate":1297974916.0,"standard_error":3647394.6008935077},"median_abs_dev":{"confidence_interval":{"confidence_level":0.95,"lower_bound":1512599.6428459883,"upper_bound":12633271.440714598},"point_estimate":9015303.481346369,"standard_error":2950363.666559793},"slope":null,"std_dev":{"confidence_interval":{"confidence_level":0.95,"lower_bound":4480078.6752764415,"upper_bound":9511432.576928746},"point_estimate":7872752.1258275965,"standard_error":1256738.668239576}}