{"mean":{"confidence_interval":{"confidence_level":0.95,"lower_bound":291940272006.6425,"upper_bound":292182648002.2},"point_estimate":292063977828.6,"standard_error":62108958.38414429},"median":{"confidence_interval":{"confidence_level":0.95,"lower_bound":291885426250.0,"upper_bound":292160823173.0},"point_estimate":292100595063.0,"standard_error":62526233.873240106},"median_abs_dev":{"confidence_interval":{"confidence_level":0.95,"lower_bound":10897418.187332153,"upper_bound":389700314.1117364},"point_estimate":94482191.89550579,"standard_error":94754157.96477851},"slope":null,"std_dev":{"confidence_interval":{"confidence_level":0.95,"lower_bound":62476427.668606326,"upper_bound":275982368.56802493},"point_estimate":207506306.2109335,"standard_error":47307055.404939555}}