{"mean":{"confidence_interval":{"confidence_level":0.95,"lower_bound":2084073380.9725,"upper_bound":2094449211.6},"point_estimate":2089192219.9,"standard_error":2657868.2921827915},"median":{"confidence_interval":{"confidence_level":0.95,"lower_bound":2080850352.5,"upper_bound":2096498367.5},"point_estimate":2090565624.0,"standard_error":4281915.469399882},"median_abs_dev":{"confidence_interval":{"confidence_level":0.95,"lower_bound":2112429.9401968718,"upper_bound":15327670.796379447},"point_estimate":13154362.336063385,"standard_error":3857763.788924432},"slope":null,"std_dev":{"confidence_interval":{"confidence_level":0.95,"lower_bound":5490333.701562698,"upper_bound":10704388.252853302},"point_estimate":8845138.993784897,"standard_error":1349351.3580258668}}