{"mean":{"confidence_interval":{"confidence_level":0.95,"lower_bound":12064549.066750001,"upper_bound":12076949.6},"point_estimate":12070779.055,"standard_error":3124.522705030884},"median":{"confidence_interval":{"confidence_level":0.95,"lower_bound":12060717.0,"upper_bound":12083146.5},"point_estimate":12071167.5,"standard_error":5654.7633076700695},"median_abs_dev":{"confidence_interval":{"confidence_level":0.95,"lower_bound":27538.92386108637,"upper_bound":41119.91026997566},"point_estimate":33350.71575790644,"standard_error":3483.735755771283},"slope":null,"std_dev":{"confidence_interval":{"confidence_level":0.95,"lower_bound":27971.046216252853,"upper_bound":35131.529844026394},"point_estimate":31691.364034594768,"standard_error":1822.0090295074788}}