{"mean":{"confidence_interval":{"confidence_level":0.95,"lower_bound":346729256.6,"upper_bound":348903944.95625},"point_estimate":347777086.7,"standard_error":557783.648619196},"median":{"confidence_interval":{"confidence_level":0.95,"lower_bound":346089411.0,"upper_bound":349262725.0},"point_estimate":347500387.75,"standard_error":992599.6174125323},"median_abs_dev":{"confidence_interval":{"confidence_level":0.95,"lower_bound":256395.65034806728,"upper_bound":3175106.080980599},"point_estimate":2149747.3521843553,"standard_error":777424.8811447417},"slope":null,"std_dev":{"confidence_interval":{"confidence_level":0.95,"lower_bound":1122923.082371655,"upper_bound":2301186.0922989133},"point_estimate":1858970.7117284494,"standard_error":310100.63895747124}}