{"mean":{"confidence_interval":{"confidence_level":0.95,"lower_bound":1044229010.8825,"upper_bound":1046410527.6175},"point_estimate":1045295911.9,"standard_error":558028.6190602998},"median":{"confidence_interval":{"confidence_level":0.95,"lower_bound":1043642431.5,"upper_bound":1047002324.0},"point_estimate":1045082665.0,"standard_error":914235.3304151602},"median_abs_dev":{"confidence_interval":{"confidence_level":0.95,"lower_bound":545714.6570116282,"upper_bound":3163481.3852369785},"point_estimate":2337590.1742994785,"standard_error":663126.085109556},"slope":null,"std_dev":{"confidence_interval":{"confidence_level":0.95,"lower_bound":1123272.6429426058,"upper_bound":2266173.390927159},"point_estimate":1860986.827333131,"standard_error":293536.3327656733}}