{"mean":{"confidence_interval":{"confidence_level":0.95,"lower_bound":1751744098.1,"upper_bound":1757992320.1999998},"point_estimate":1754807683.2,"standard_error":1586817.543995933},"median":{"confidence_interval":{"confidence_level":0.95,"lower_bound":1752204241.0,"upper_bound":1756910091.5},"point_estimate":1754694875.5,"standard_error":984604.5945255724},"median_abs_dev":{"confidence_interval":{"confidence_level":0.95,"lower_bound":694109.5709770918,"upper_bound":8357601.376622915},"point_estimate":1839398.035544157,"standard_error":1967844.7668631454},"slope":null,"std_dev":{"confidence_interval":{"confidence_level":0.95,"lower_bound":1617501.7177381227,"upper_bound":7401268.569677117},"point_estimate":5298473.923974982,"standard_error":1475275.469056585}}