{"mean":{"confidence_interval":{"confidence_level":0.95,"lower_bound":155151107.767,"upper_bound":155386354.89},"point_estimate":155269964.46,"standard_error":60498.123903006206},"median":{"confidence_interval":{"confidence_level":0.95,"lower_bound":155139050.0,"upper_bound":155427476.0},"point_estimate":155345121.0,"standard_error":83609.36373614518},"median_abs_dev":{"confidence_interval":{"confidence_level":0.95,"lower_bound":452737.10616230965,"upper_bound":741775.9014308453},"point_estimate":560823.8333433867,"standard_error":72262.59119006552},"slope":null,"std_dev":{"confidence_interval":{"confidence_level":0.95,"lower_bound":507125.90352696995,"upper_bound":698784.9108909362},"point_estimate":604483.4300909612,"standard_error":48891.72381567586}}