{"mean":{"confidence_interval":{"confidence_level":0.95,"lower_bound":1724947573.5,"upper_bound":1729118624.4},"point_estimate":1727053869.6,"standard_error":1070285.8409257326},"median":{"confidence_interval":{"confidence_level":0.95,"lower_bound":1723916076.0,"upper_bound":1729978429.5},"point_estimate":1727419975.5,"standard_error":1776261.7587413792},"median_abs_dev":{"confidence_interval":{"confidence_level":0.95,"lower_bound":562143.3473199606,"upper_bound":5567408.271458745},"point_estimate":4289825.928640366,"standard_error":1317450.8614548026},"slope":null,"std_dev":{"confidence_interval":{"confidence_level":0.95,"lower_bound":2191444.675561064,"upper_bound":4339678.08460518},"point_estimate":3545831.9429336,"standard_error":552956.0315380114}}