{"mean":{"confidence_interval":{"confidence_level":0.95,"lower_bound":66206812867.14,"upper_bound":66312390154.135},"point_estimate":66254814218.9,"standard_error":27088621.74332},"median":{"confidence_interval":{"confidence_level":0.95,"lower_bound":66188448744.0,"upper_bound":66308253362.0},"point_estimate":66231736486.0,"standard_error":29450356.695915118},"median_abs_dev":{"confidence_interval":{"confidence_level":0.95,"lower_bound":20511461.513748765,"upper_bound":138230595.50451636},"point_estimate":70743585.4123503,"standard_error":30864813.64507549},"slope":null,"std_dev":{"confidence_interval":{"confidence_level":0.95,"lower_bound":37769821.46817362,"upper_bound":123393456.59829617},"point_estimate":90513475.06024726,"standard_error":23754236.482152574}}