{"mean":{"confidence_interval":{"confidence_level":0.95,"lower_bound":98334530.36,"upper_bound":98869257.94},"point_estimate":98593097.13,"standard_error":136775.9514859987},"median":{"confidence_interval":{"confidence_level":0.95,"lower_bound":97906575.0,"upper_bound":98479759.0},"point_estimate":98055553.0,"standard_error":156519.37874098372},"median_abs_dev":{"confidence_interval":{"confidence_level":0.95,"lower_bound":612634.0307235718,"upper_bound":1136069.6579307318},"point_estimate":801621.0493683815,"standard_error":128194.79435847171},"slope":null,"std_dev":{"confidence_interval":{"confidence_level":0.95,"lower_bound":1087040.6952878777,"upper_bound":1649343.05320099},"point_estimate":1395611.2173378316,"standard_error":144400.4560981521}}