{"mean":{"confidence_interval":{"confidence_level":0.95,"lower_bound":5481834733.8275,"upper_bound":5598312153.1},"point_estimate":5540624381.7,"standard_error":29655998.126297355},"median":{"confidence_interval":{"confidence_level":0.95,"lower_bound":5482744930.5,"upper_bound":5607767469.0},"point_estimate":5530854720.0,"standard_error":28291483.14853038},"median_abs_dev":{"confidence_interval":{"confidence_level":0.95,"lower_bound":7923786.693924665,"upper_bound":172940876.1946857},"point_estimate":77678904.91262376,"standard_error":41299195.17891406},"slope":null,"std_dev":{"confidence_interval":{"confidence_level":0.95,"lower_bound":45253083.3053791,"upper_bound":133034012.0250877},"point_estimate":99350973.24571863,"standard_error":22080150.588093422}}