{"mean":{"confidence_interval":{"confidence_level":0.95,"lower_bound":219285673.13333336,"upper_bound":221892059.0333333},"point_estimate":220630740.3666667,"standard_error":665209.5479462047},"median":{"confidence_interval":{"confidence_level":0.95,"lower_bound":218978376.3333333,"upper_bound":221930548.66666666},"point_estimate":221090471.6666667,"standard_error":741679.6735677223},"median_abs_dev":{"confidence_interval":{"confidence_level":0.95,"lower_bound":303046.6469198539,"upper_bound":3602121.1895495653},"point_estimate":1310693.4951305022,"standard_error":978396.748515842},"slope":null,"std_dev":{"confidence_interval":{"confidence_level":0.95,"lower_bound":993888.8792740605,"upper_bound":2882706.9521992323},"point_estimate":2222344.6396187963,"standard_error":460078.59902127966}}