{"mean":{"confidence_interval":{"confidence_level":0.95,"lower_bound":589918832.9675,"upper_bound":631982013.4675},"point_estimate":610920492.5,"standard_error":10751063.579001674},"median":{"confidence_interval":{"confidence_level":0.95,"lower_bound":582793305.5,"upper_bound":635434644.5},"point_estimate":614279870.0,"standard_error":12863391.05274424},"median_abs_dev":{"confidence_interval":{"confidence_level":0.95,"lower_bound":6060174.094310403,"upper_bound":66870679.19840813},"point_estimate":35536847.96669483,"standard_error":15896386.875909977},"slope":null,"std_dev":{"confidence_interval":{"confidence_level":0.95,"lower_bound":20253624.930725306,"upper_bound":45072972.881168544},"point_estimate":35787115.38281602,"standard_error":6428320.555436337}}