{"mean":{"confidence_interval":{"confidence_level":0.95,"lower_bound":615639551.0224999,"upper_bound":646744662.495},"point_estimate":631782367.0,"standard_error":8081559.439450007},"median":{"confidence_interval":{"confidence_level":0.95,"lower_bound":607148967.0,"upper_bound":658574126.0},"point_estimate":630485965.0,"standard_error":14059572.051882355},"median_abs_dev":{"confidence_interval":{"confidence_level":0.95,"lower_bound":273206.8514496088,"upper_bound":48628987.0644629},"point_estimate":41529179.768809676,"standard_error":15030692.363180188},"slope":null,"std_dev":{"confidence_interval":{"confidence_level":0.95,"lower_bound":16154887.375179587,"upper_bound":31992591.265958913},"point_estimate":26871216.829325154,"standard_error":4157211.954466542}}