{"mean":{"confidence_interval":{"confidence_level":0.95,"lower_bound":21335856142.75,"upper_bound":21354742198.198997},"point_estimate":21345014273.43,"standard_error":4752845.381108561},"median":{"confidence_interval":{"confidence_level":0.95,"lower_bound":21330978595.0,"upper_bound":21346031525.0},"point_estimate":21336705099.5,"standard_error":4736321.570006645},"median_abs_dev":{"confidence_interval":{"confidence_level":0.95,"lower_bound":28739917.49848947,"upper_bound":52418574.86638427},"point_estimate":38598944.71793175,"standard_error":6007354.0161076775},"slope":null,"std_dev":{"confidence_interval":{"confidence_level":0.95,"lower_bound":39481074.206995755,"upper_bound":54879819.98110999},"point_estimate":47697340.001170546,"standard_error":3904979.054977772}}