{"mean":{"confidence_interval":{"confidence_level":0.95,"lower_bound":76473935.11,"upper_bound":77068578.49},"point_estimate":76763557.57,"standard_error":154123.793108794},"median":{"confidence_interval":{"confidence_level":0.95,"lower_bound":76214866.0,"upper_bound":76919135.0},"point_estimate":76550018.0,"standard_error":182751.9486511328},"median_abs_dev":{"confidence_interval":{"confidence_level":0.95,"lower_bound":1208373.834747076,"upper_bound":1975577.067026496},"point_estimate":1665375.6397336721,"standard_error":197364.31761622132},"slope":null,"std_dev":{"confidence_interval":{"confidence_level":0.95,"lower_bound":1326940.96339922,"upper_bound":1851040.1061597858},"point_estimate":1601170.363522171,"standard_error":131716.2398070435}}