{"mean":{"confidence_interval":{"confidence_level":0.95,"lower_bound":1045858074.0225,"upper_bound":1102522399.1},"point_estimate":1074425506.4,"standard_error":14492974.169519812},"median":{"confidence_interval":{"confidence_level":0.95,"lower_bound":1039263667.0,"upper_bound":1115544113.0},"point_estimate":1075293318.0,"standard_error":16506392.264802169},"median_abs_dev":{"confidence_interval":{"confidence_level":0.95,"lower_bound":9654912.677291036,"upper_bound":86047257.36295581},"point_estimate":43086012.781870365,"standard_error":21217526.51600188},"slope":null,"std_dev":{"confidence_interval":{"confidence_level":0.95,"lower_bound":26005049.587539233,"upper_bound":62023775.469387345},"point_estimate":48312288.85320532,"standard_error":9251699.590638699}}