{"mean":{"confidence_interval":{"confidence_level":0.95,"lower_bound":231874778.35000002,"upper_bound":233040751.43333334},"point_estimate":232502563.76666665,"standard_error":298163.83411955263},"median":{"confidence_interval":{"confidence_level":0.95,"lower_bound":231880052.66666666,"upper_bound":233140150.0},"point_estimate":232659459.8333333,"standard_error":307001.4520718074},"median_abs_dev":{"confidence_interval":{"confidence_level":0.95,"lower_bound":193120.50737142563,"upper_bound":1526347.5453019068},"point_estimate":809231.4821332988,"standard_error":345536.824339637},"slope":null,"std_dev":{"confidence_interval":{"confidence_level":0.95,"lower_bound":424815.27100573503,"upper_bound":1370482.2192652624},"point_estimate":995926.6559252678,"standard_error":262338.520652625}}