{"mean":{"confidence_interval":{"confidence_level":0.95,"lower_bound":293444168.85,"upper_bound":299418322.60125},"point_estimate":296378352.65,"standard_error":1535102.148731013},"median":{"confidence_interval":{"confidence_level":0.95,"lower_bound":291689888.5,"upper_bound":300342172.5},"point_estimate":296206518.25,"standard_error":1926476.80143024},"median_abs_dev":{"confidence_interval":{"confidence_level":0.95,"lower_bound":1202685.8399480581,"upper_bound":8939496.291442215},"point_estimate":4811389.402730763,"standard_error":2092979.2479892997},"slope":null,"std_dev":{"confidence_interval":{"confidence_level":0.95,"lower_bound":2843572.9999015597,"upper_bound":6570935.529391231},"point_estimate":5136786.432403239,"standard_error":962926.7298865212}}