{"mean":{"confidence_interval":{"confidence_level":0.95,"lower_bound":4774943350.1,"upper_bound":4785704833.125},"point_estimate":4780265883.7,"standard_error":2751082.896581107},"median":{"confidence_interval":{"confidence_level":0.95,"lower_bound":4774769845.0,"upper_bound":4787745491.5},"point_estimate":4778502123.0,"standard_error":3488670.1469900506},"median_abs_dev":{"confidence_interval":{"confidence_level":0.95,"lower_bound":806062.1775895357,"upper_bound":15434693.75807941},"point_estimate":6674269.227308035,"standard_error":3990198.445614719},"slope":null,"std_dev":{"confidence_interval":{"confidence_level":0.95,"lower_bound":4499603.886703994,"upper_bound":11986121.515871447},"point_estimate":9145530.125593998,"standard_error":1858619.3632206658}}