{"mean":{"confidence_interval":{"confidence_level":0.95,"lower_bound":632808733.8675,"upper_bound":633902480.48},"point_estimate":633333923.5,"standard_error":280256.65155746264},"median":{"confidence_interval":{"confidence_level":0.95,"lower_bound":632514549.0,"upper_bound":633951517.5},"point_estimate":633338031.5,"standard_error":317031.6192094642},"median_abs_dev":{"confidence_interval":{"confidence_level":0.95,"lower_bound":86659.4510614872,"upper_bound":1661617.9901003838},"point_estimate":909569.1534519196,"standard_error":429071.0294490013},"slope":null,"std_dev":{"confidence_interval":{"confidence_level":0.95,"lower_bound":490192.709620563,"upper_bound":1198258.591357957},"point_estimate":936274.6822519851,"standard_error":185649.68345945666}}