{"mean":{"confidence_interval":{"confidence_level":0.95,"lower_bound":4196521285.4,"upper_bound":4306333490.0},"point_estimate":4251164037.6,"standard_error":27756963.330888577},"median":{"confidence_interval":{"confidence_level":0.95,"lower_bound":4212540074.0,"upper_bound":4285930771.0},"point_estimate":4256711305.5,"standard_error":21227723.91964958},"median_abs_dev":{"confidence_interval":{"confidence_level":0.95,"lower_bound":10513421.828949451,"upper_bound":153678665.2795583},"point_estimate":56236950.31199455,"standard_error":30684544.03138003},"slope":null,"std_dev":{"confidence_interval":{"confidence_level":0.95,"lower_bound":27646439.268233687,"upper_bound":129662354.94478081},"point_estimate":92429898.19424573,"standard_error":26948583.194475807}}