{"mean":{"confidence_interval":{"confidence_level":0.95,"lower_bound":1233260355.6,"upper_bound":1243434684.1574998},"point_estimate":1237936225.8,"standard_error":2615401.4874625006},"median":{"confidence_interval":{"confidence_level":0.95,"lower_bound":1231102152.0,"upper_bound":1242899729.5},"point_estimate":1235403667.0,"standard_error":3550442.696892058},"median_abs_dev":{"confidence_interval":{"confidence_level":0.95,"lower_bound":1760511.8561446667,"upper_bound":14446143.538829684},"point_estimate":8702368.139702082,"standard_error":3143892.074464806},"slope":null,"std_dev":{"confidence_interval":{"confidence_level":0.95,"lower_bound":4110050.268032118,"upper_bound":11858741.322988112},"point_estimate":8731821.094506534,"standard_error":2216021.967396268}}