{"mean":{"confidence_interval":{"confidence_level":0.95,"lower_bound":408429915.35,"upper_bound":428458422.905},"point_estimate":418132078.55,"standard_error":5115977.5743022},"median":{"confidence_interval":{"confidence_level":0.95,"lower_bound":403453514.5,"upper_bound":430256475.75},"point_estimate":416408057.25,"standard_error":7189107.298632805},"median_abs_dev":{"confidence_interval":{"confidence_level":0.95,"lower_bound":5296915.689910948,"upper_bound":29293185.817041993},"point_estimate":18325325.227810442,"standard_error":6087566.114409023},"slope":null,"std_dev":{"confidence_interval":{"confidence_level":0.95,"lower_bound":9453437.82205371,"upper_bound":21344575.171300557},"point_estimate":17029189.421741594,"standard_error":3053829.6899845065}}