{"mean":{"confidence_interval":{"confidence_level":0.95,"lower_bound":229872541.295,"upper_bound":231914651.47333333},"point_estimate":230863986.2666667,"standard_error":522419.63512011577},"median":{"confidence_interval":{"confidence_level":0.95,"lower_bound":229875778.66666666,"upper_bound":231930326.8333333},"point_estimate":230588128.3333333,"standard_error":569192.2466676666},"median_abs_dev":{"confidence_interval":{"confidence_level":0.95,"lower_bound":176283.11367031967,"upper_bound":2917416.7386055286},"point_estimate":1097057.0164233372,"standard_error":678354.8313513629},"slope":null,"std_dev":{"confidence_interval":{"confidence_level":0.95,"lower_bound":780544.860372457,"upper_bound":2331445.157079272},"point_estimate":1734343.267295767,"standard_error":400881.1590329717}}