{"mean":{"confidence_interval":{"confidence_level":0.95,"lower_bound":2787105233.7,"upper_bound":2792374034.1724997},"point_estimate":2789786944.8,"standard_error":1343530.694845247},"median":{"confidence_interval":{"confidence_level":0.95,"lower_bound":2786755116.5,"upper_bound":2793424480.0},"point_estimate":2789706445.0,"standard_error":1889764.5811682746},"median_abs_dev":{"confidence_interval":{"confidence_level":0.95,"lower_bound":469784.7819596529,"upper_bound":7932617.059367895},"point_estimate":4348758.536294103,"standard_error":1771330.1953201331},"slope":null,"std_dev":{"confidence_interval":{"confidence_level":0.95,"lower_bound":2459520.9514215705,"upper_bound":5816674.726479818},"point_estimate":4482630.5653793365,"standard_error":873487.7732845666}}