{"mean":{"confidence_interval":{"confidence_level":0.95,"lower_bound":369521245.25,"upper_bound":370427274.7},"point_estimate":370004926.5,"standard_error":232638.6329025067},"median":{"confidence_interval":{"confidence_level":0.95,"lower_bound":369705651.0,"upper_bound":370550372.0},"point_estimate":370033937.0,"standard_error":205769.1597881276},"median_abs_dev":{"confidence_interval":{"confidence_level":0.95,"lower_bound":170382.61287510395,"upper_bound":1161488.0931794643},"point_estimate":438818.45760941505,"standard_error":265047.3691535283},"slope":null,"std_dev":{"confidence_interval":{"confidence_level":0.95,"lower_bound":292521.85042623547,"upper_bound":1087079.9678475372},"point_estimate":776225.2691224157,"standard_error":212479.08218048094}}