{"mean":{"confidence_interval":{"confidence_level":0.95,"lower_bound":1853642508.77,"upper_bound":1922000538.015},"point_estimate":1889992545.8,"standard_error":17494343.971134063},"median":{"confidence_interval":{"confidence_level":0.95,"lower_bound":1845448812.0,"upper_bound":1934828972.0},"point_estimate":1907927723.0,"standard_error":20412469.743977364},"median_abs_dev":{"confidence_interval":{"confidence_level":0.95,"lower_bound":8984053.239101171,"upper_bound":95403718.95904541},"point_estimate":50476871.50225639,"standard_error":22175471.321508564},"slope":null,"std_dev":{"confidence_interval":{"confidence_level":0.95,"lower_bound":24869510.186601464,"upper_bound":74561343.68491727},"point_estimate":58359618.1641274,"standard_error":12681742.594579805}}