{"mean":{"confidence_interval":{"confidence_level":0.95,"lower_bound":1330800320.1825001,"upper_bound":1338825913.95},"point_estimate":1334748882.5,"standard_error":2054238.313777565},"median":{"confidence_interval":{"confidence_level":0.95,"lower_bound":1328156620.5,"upper_bound":1340679138.5},"point_estimate":1334676315.0,"standard_error":3724335.4948019157},"median_abs_dev":{"confidence_interval":{"confidence_level":0.95,"lower_bound":1245800.5884826183,"upper_bound":11580407.517206669},"point_estimate":8442033.22122395,"standard_error":2717311.2584699937},"slope":null,"std_dev":{"confidence_interval":{"confidence_level":0.95,"lower_bound":4400254.053664862,"upper_bound":8194765.454446936},"point_estimate":6859969.258772832,"standard_error":984352.7949981155}}