{"mean":{"confidence_interval":{"confidence_level":0.95,"lower_bound":381463552.3,"upper_bound":391948077.0},"point_estimate":386722090.7,"standard_error":2684787.433572917},"median":{"confidence_interval":{"confidence_level":0.95,"lower_bound":377963459.0,"upper_bound":392806234.5},"point_estimate":388414403.0,"standard_error":3806241.31115723},"median_abs_dev":{"confidence_interval":{"confidence_level":0.95,"lower_bound":1220463.696232438,"upper_bound":14739011.148530245},"point_estimate":8784480.456644297,"standard_error":3737063.564613854},"slope":null,"std_dev":{"confidence_interval":{"confidence_level":0.95,"lower_bound":4949772.201871018,"upper_bound":11376217.07517341},"point_estimate":8972293.095834866,"standard_error":1620549.9820375908}}