{"mean":{"confidence_interval":{"confidence_level":0.95,"lower_bound":1249319884.1,"upper_bound":1256304890.665},"point_estimate":1252931797.0,"standard_error":1799361.1081649116},"median":{"confidence_interval":{"confidence_level":0.95,"lower_bound":1247928149.0,"upper_bound":1257218298.0},"point_estimate":1255588166.0,"standard_error":2736851.690900903},"median_abs_dev":{"confidence_interval":{"confidence_level":0.95,"lower_bound":800436.4519894123,"upper_bound":9748883.570122719},"point_estimate":5259183.149930835,"standard_error":2538653.3771150205},"slope":null,"std_dev":{"confidence_interval":{"confidence_level":0.95,"lower_bound":3097370.47455636,"upper_bound":7319839.833710006},"point_estimate":5970317.570540188,"standard_error":1072003.5958387218}}