{"mean":{"confidence_interval":{"confidence_level":0.95,"lower_bound":523108992.4,"upper_bound":561090631.7},"point_estimate":541384036.5,"standard_error":9683292.107087642},"median":{"confidence_interval":{"confidence_level":0.95,"lower_bound":513114804.5,"upper_bound":558504210.0},"point_estimate":544200325.5,"standard_error":12960112.116394887},"median_abs_dev":{"confidence_interval":{"confidence_level":0.95,"lower_bound":3546941.0424292088,"upper_bound":59451185.54213047},"point_estimate":27530511.588835716,"standard_error":13524334.413275896},"slope":null,"std_dev":{"confidence_interval":{"confidence_level":0.95,"lower_bound":16604707.326302856,"upper_bound":43189175.35238927},"point_estimate":32309569.9540252,"standard_error":7185321.185659098}}