{"mean":{"confidence_interval":{"confidence_level":0.95,"lower_bound":475288587.9525,"upper_bound":486347157.8},"point_estimate":480803837.9,"standard_error":2831328.127269954},"median":{"confidence_interval":{"confidence_level":0.95,"lower_bound":471102138.0,"upper_bound":488643139.5},"point_estimate":481106828.0,"standard_error":4382668.178249933},"median_abs_dev":{"confidence_interval":{"confidence_level":0.95,"lower_bound":2854916.748315096,"upper_bound":16067482.994145155},"point_estimate":11213987.381511927,"standard_error":3557719.9187470386},"slope":null,"std_dev":{"confidence_interval":{"confidence_level":0.95,"lower_bound":5728870.4259806005,"upper_bound":11661617.756485427},"point_estimate":9460754.217006655,"standard_error":1533875.5302469975}}