{"mean":{"confidence_interval":{"confidence_level":0.95,"lower_bound":-0.0018343859775663994,"upper_bound":0.003216143942590904},"point_estimate":0.0008563507283161353,"standard_error":0.0012967255392241329},"median":{"confidence_interval":{"confidence_level":0.95,"lower_bound":-0.002064330144460169,"upper_bound":0.0046507054908500045},"point_estimate":0.0016394165854594078,"standard_error":0.001572717336237041}}