{"mean":{"confidence_interval":{"confidence_level":0.95,"lower_bound":831452035.6,"upper_bound":836519461.62},"point_estimate":833974870.8,"standard_error":1296348.2753152165},"median":{"confidence_interval":{"confidence_level":0.95,"lower_bound":829389848.0,"upper_bound":838023683.0},"point_estimate":834618821.0,"standard_error":2540748.3224475877},"median_abs_dev":{"confidence_interval":{"confidence_level":0.95,"lower_bound":498975.69284141064,"upper_bound":6821212.675899267},"point_estimate":6784810.398745537,"standard_error":1849982.1651735818},"slope":null,"std_dev":{"confidence_interval":{"confidence_level":0.95,"lower_bound":2882734.79663717,"upper_bound":4977691.981535943},"point_estimate":4317399.990019554,"standard_error":544314.6084176142}}