{"mean":{"confidence_interval":{"confidence_level":0.95,"lower_bound":1105305743.6,"upper_bound":1177448877.1},"point_estimate":1139897366.7,"standard_error":18516421.196829267},"median":{"confidence_interval":{"confidence_level":0.95,"lower_bound":1094527910.0,"upper_bound":1193642497.5},"point_estimate":1118810529.0,"standard_error":27799011.455590066},"median_abs_dev":{"confidence_interval":{"confidence_level":0.95,"lower_bound":9969341.738408804,"upper_bound":101495928.33228707},"point_estimate":58627553.07225287,"standard_error":25252598.340549808},"slope":null,"std_dev":{"confidence_interval":{"confidence_level":0.95,"lower_bound":32468262.2517385,"upper_bound":76477811.38750169},"point_estimate":61709539.93634123,"standard_error":11067805.707287809}}