{"mean":{"confidence_interval":{"confidence_level":0.95,"lower_bound":1051717135.9,"upper_bound":1095387478.135},"point_estimate":1072908360.0,"standard_error":11188680.717202371},"median":{"confidence_interval":{"confidence_level":0.95,"lower_bound":1047854948.5,"upper_bound":1105601807.0},"point_estimate":1061474723.5,"standard_error":14824093.989780907},"median_abs_dev":{"confidence_interval":{"confidence_level":0.95,"lower_bound":3587895.6428021193,"upper_bound":64305071.81985676},"point_estimate":31518525.38213432,"standard_error":15972477.50980869},"slope":null,"std_dev":{"confidence_interval":{"confidence_level":0.95,"lower_bound":19418817.8337544,"upper_bound":46028609.728080794},"point_estimate":37199536.145343326,"standard_error":6545335.660144422}}