{"mean":{"confidence_interval":{"confidence_level":0.95,"lower_bound":689832152.7875,"upper_bound":697396836.7},"point_estimate":693532829.5,"standard_error":1930155.0311082578},"median":{"confidence_interval":{"confidence_level":0.95,"lower_bound":689724709.0,"upper_bound":698737219.0},"point_estimate":691857687.5,"standard_error":2352419.0358136273},"median_abs_dev":{"confidence_interval":{"confidence_level":0.95,"lower_bound":513299.0911871195,"upper_bound":10754106.367376447},"point_estimate":4473534.150078893,"standard_error":2854943.4559233235},"slope":null,"std_dev":{"confidence_interval":{"confidence_level":0.95,"lower_bound":3090903.2705406486,"upper_bound":8389874.205414891},"point_estimate":6436298.211871708,"standard_error":1319946.555106182}}