{"mean":{"confidence_interval":{"confidence_level":0.95,"lower_bound":17108110655.6125,"upper_bound":17384416016.125},"point_estimate":17236092532.5,"standard_error":70558015.12925297},"median":{"confidence_interval":{"confidence_level":0.95,"lower_bound":17054079375.0,"upper_bound":17350192522.0},"point_estimate":17231243631.0,"standard_error":85097883.55218944},"median_abs_dev":{"confidence_interval":{"confidence_level":0.95,"lower_bound":46123996.52713537,"upper_bound":366402526.8548548},"point_estimate":181045889.23769295,"standard_error":82531573.41360444},"slope":null,"std_dev":{"confidence_interval":{"confidence_level":0.95,"lower_bound":108256362.11181399,"upper_bound":321978669.2330303},"point_estimate":234200075.89621234,"standard_error":61023596.959159575}}