{"mean":{"confidence_interval":{"confidence_level":0.95,"lower_bound":349380052.85,"upper_bound":360996704.55},"point_estimate":355246070.95,"standard_error":2981475.243204013},"median":{"confidence_interval":{"confidence_level":0.95,"lower_bound":344949583.5,"upper_bound":363594498.25},"point_estimate":356029380.0,"standard_error":5445387.917145068},"median_abs_dev":{"confidence_interval":{"confidence_level":0.95,"lower_bound":1380950.3249332309,"upper_bound":16426905.999264121},"point_estimate":11464720.982560515,"standard_error":3969772.7981266067},"slope":null,"std_dev":{"confidence_interval":{"confidence_level":0.95,"lower_bound":6379205.835858726,"upper_bound":11825096.171386328},"point_estimate":9954329.774364738,"standard_error":1382536.9703819407}}