{"mean":{"confidence_interval":{"confidence_level":0.95,"lower_bound":210092705.92,"upper_bound":210787297.97},"point_estimate":210433487.37,"standard_error":176319.25990520898},"median":{"confidence_interval":{"confidence_level":0.95,"lower_bound":209793074.0,"upper_bound":211089683.5},"point_estimate":210226310.0,"standard_error":365813.3709819533},"median_abs_dev":{"confidence_interval":{"confidence_level":0.95,"lower_bound":1642107.7157467604,"upper_bound":2423756.6608697176},"point_estimate":2020262.6302331686,"standard_error":194967.30093161605},"slope":null,"std_dev":{"confidence_interval":{"confidence_level":0.95,"lower_bound":1558590.0453182955,"upper_bound":1999379.4207423127},"point_estimate":1785967.778734734,"standard_error":111643.99377214594}}