{"mean":{"confidence_interval":{"confidence_level":0.95,"lower_bound":6343739171.7,"upper_bound":6363582019.8},"point_estimate":6353794572.8,"standard_error":5094016.379319912},"median":{"confidence_interval":{"confidence_level":0.95,"lower_bound":6338048490.0,"upper_bound":6370151739.0},"point_estimate":6356333963.0,"standard_error":10489850.120639138},"median_abs_dev":{"confidence_interval":{"confidence_level":0.95,"lower_bound":1935862.6615315676,"upper_bound":25566696.7287004},"point_estimate":22277765.146690607,"standard_error":7429128.688503611},"slope":null,"std_dev":{"confidence_interval":{"confidence_level":0.95,"lower_bound":11123287.343606718,"upper_bound":19485870.005390953},"point_estimate":16909895.314874668,"standard_error":2130481.4114195323}}