{"mean":{"confidence_interval":{"confidence_level":0.95,"lower_bound":1068000087.1,"upper_bound":1135665753.5},"point_estimate":1101322911.4,"standard_error":17390641.11680947},"median":{"confidence_interval":{"confidence_level":0.95,"lower_bound":1057871249.0,"upper_bound":1143129371.0},"point_estimate":1094329581.5,"standard_error":19572796.693712533},"median_abs_dev":{"confidence_interval":{"confidence_level":0.95,"lower_bound":6257865.45740068,"upper_bound":99135583.21359158},"point_estimate":62196050.37699938,"standard_error":25416741.688949745},"slope":null,"std_dev":{"confidence_interval":{"confidence_level":0.95,"lower_bound":30707369.03599269,"upper_bound":73959472.49772047},"point_estimate":57946181.421431065,"standard_error":11005238.705317166}}