{"mean":{"confidence_interval":{"confidence_level":0.95,"lower_bound":204213366.64416668,"upper_bound":207719618.2},"point_estimate":205610566.0,"standard_error":948491.1831422645},"median":{"confidence_interval":{"confidence_level":0.95,"lower_bound":204032550.6666667,"upper_bound":205855142.3333333},"point_estimate":204608770.16666666,"standard_error":473962.40589767904},"median_abs_dev":{"confidence_interval":{"confidence_level":0.95,"lower_bound":103975.97165402805,"upper_bound":2335773.7422316973},"point_estimate":1244550.7567048294,"standard_error":629017.1652051322},"slope":null,"std_dev":{"confidence_interval":{"confidence_level":0.95,"lower_bound":651391.1499675676,"upper_bound":4770031.097862559},"point_estimate":3154265.921937494,"standard_error":1350046.587277677}}