{"mean":{"confidence_interval":{"confidence_level":0.95,"lower_bound":82287421.44,"upper_bound":82829397.58},"point_estimate":82552461.77,"standard_error":137841.6699489945},"median":{"confidence_interval":{"confidence_level":0.95,"lower_bound":82086444.5,"upper_bound":82843088.0},"point_estimate":82562275.5,"standard_error":212382.8030523872},"median_abs_dev":{"confidence_interval":{"confidence_level":0.95,"lower_bound":1090916.3344323635,"upper_bound":1675709.361550212},"point_estimate":1366338.1902426481,"standard_error":143860.70882808592},"slope":null,"std_dev":{"confidence_interval":{"confidence_level":0.95,"lower_bound":1179911.6636553844,"upper_bound":1610351.6987979165},"point_estimate":1395008.6471969986,"standard_error":110087.84847979629}}