{"mean":{"confidence_interval":{"confidence_level":0.95,"lower_bound":279449288.68874997,"upper_bound":280335450.22125},"point_estimate":279836393.7,"standard_error":230669.79340333524},"median":{"confidence_interval":{"confidence_level":0.95,"lower_bound":279341972.0,"upper_bound":280224634.0},"point_estimate":279613845.5,"standard_error":209133.70348321248},"median_abs_dev":{"confidence_interval":{"confidence_level":0.95,"lower_bound":113464.85858559608,"upper_bound":1001869.156113267},"point_estimate":459812.0732367039,"standard_error":232434.50094978826},"slope":null,"std_dev":{"confidence_interval":{"confidence_level":0.95,"lower_bound":258131.73437099284,"upper_bound":1096176.4782332117},"point_estimate":765965.0055946928,"standard_error":248405.69285198225}}