{"mean":{"confidence_interval":{"confidence_level":0.95,"lower_bound":24249758094.4675,"upper_bound":24450348492.0175},"point_estimate":24347465244.3,"standard_error":51137450.44014465},"median":{"confidence_interval":{"confidence_level":0.95,"lower_bound":24243605904.0,"upper_bound":24444520023.0},"point_estimate":24340522510.0,"standard_error":49669443.789089724},"median_abs_dev":{"confidence_interval":{"confidence_level":0.95,"lower_bound":27601787.582570314,"upper_bound":289482593.0381566},"point_estimate":148937633.77052844,"standard_error":63805472.635836765},"slope":null,"std_dev":{"confidence_interval":{"confidence_level":0.95,"lower_bound":76729776.03351986,"upper_bound":230891352.39578798},"point_estimate":170157611.3894714,"standard_error":39470150.57774534}}