{"mean":{"confidence_interval":{"confidence_level":0.95,"lower_bound":1345045439.4,"upper_bound":1352491634.9},"point_estimate":1348577026.8,"standard_error":1905418.1088434996},"median":{"confidence_interval":{"confidence_level":0.95,"lower_bound":1343322677.0,"upper_bound":1353387828.5},"point_estimate":1347528613.5,"standard_error":2116151.20343269},"median_abs_dev":{"confidence_interval":{"confidence_level":0.95,"lower_bound":1180984.2828333378,"upper_bound":11076858.00344646},"point_estimate":5823883.240905404,"standard_error":2583869.696099054},"slope":null,"std_dev":{"confidence_interval":{"confidence_level":0.95,"lower_bound":2857837.8866355983,"upper_bound":8042905.63703239},"point_estimate":6376999.058425065,"standard_error":1305129.3967820636}}