{"mean":{"confidence_interval":{"confidence_level":0.95,"lower_bound":636693591.3,"upper_bound":669152940.3},"point_estimate":652591841.5,"standard_error":8309340.489244205},"median":{"confidence_interval":{"confidence_level":0.95,"lower_bound":631258422.5,"upper_bound":675559864.0},"point_estimate":644321437.5,"standard_error":12924883.62812351},"median_abs_dev":{"confidence_interval":{"confidence_level":0.95,"lower_bound":4046380.047762394,"upper_bound":44680128.73646915},"point_estimate":32717621.8475461,"standard_error":11013112.02515434},"slope":null,"std_dev":{"confidence_interval":{"confidence_level":0.95,"lower_bound":16066992.922915908,"upper_bound":34480423.794373445},"point_estimate":27606414.553755965,"standard_error":4742203.390475019}}