{"mean":{"confidence_interval":{"confidence_level":0.95,"lower_bound":5490935435.9275,"upper_bound":5635577757.6},"point_estimate":5559610940.5,"standard_error":37151389.846122235},"median":{"confidence_interval":{"confidence_level":0.95,"lower_bound":5446695336.5,"upper_bound":5633471591.0},"point_estimate":5556807066.5,"standard_error":58023039.68388119},"median_abs_dev":{"confidence_interval":{"confidence_level":0.95,"lower_bound":13672310.119467974,"upper_bound":241478258.70110393},"point_estimate":127230070.64331472,"standard_error":53627236.61133327},"slope":null,"std_dev":{"confidence_interval":{"confidence_level":0.95,"lower_bound":68909672.90389906,"upper_bound":162992218.57007256},"point_estimate":124228964.38783273,"standard_error":26607017.726446446}}