{"mean":{"confidence_interval":{"confidence_level":0.95,"lower_bound":68518284.24,"upper_bound":68601253.12},"point_estimate":68558559.57,"standard_error":21194.47589925671},"median":{"confidence_interval":{"confidence_level":0.95,"lower_bound":68516445.0,"upper_bound":68561400.5},"point_estimate":68528715.0,"standard_error":11263.87749432321},"median_abs_dev":{"confidence_interval":{"confidence_level":0.95,"lower_bound":75661.52445673943,"upper_bound":146360.04550158978},"point_estimate":104352.05784738064,"standard_error":18232.286804744163},"slope":null,"std_dev":{"confidence_interval":{"confidence_level":0.95,"lower_bound":154361.14701771992,"upper_bound":262953.9564157583},"point_estimate":211924.2912780461,"standard_error":27900.135129582908}}