{"mean":{"confidence_interval":{"confidence_level":0.95,"lower_bound":50889227.02,"upper_bound":51003082.48125},"point_estimate":50945434.6,"standard_error":28958.265162373576},"median":{"confidence_interval":{"confidence_level":0.95,"lower_bound":50868939.0,"upper_bound":51115247.0},"point_estimate":51033988.0,"standard_error":75178.26774159698},"median_abs_dev":{"confidence_interval":{"confidence_level":0.95,"lower_bound":233514.68495428562,"upper_bound":441049.0292698145},"point_estimate":327519.6775853634,"standard_error":54656.41735687269},"slope":null,"std_dev":{"confidence_interval":{"confidence_level":0.95,"lower_bound":265009.99536358257,"upper_bound":310773.75308489706},"point_estimate":290552.6926935191,"standard_error":11737.13196636591}}