{"mean":{"confidence_interval":{"confidence_level":0.95,"lower_bound":3331757388.5,"upper_bound":3340733244.9775},"point_estimate":3336140764.1,"standard_error":2303572.5288632396},"median":{"confidence_interval":{"confidence_level":0.95,"lower_bound":3329290327.0,"upper_bound":3341685074.0},"point_estimate":3335796545.5,"standard_error":2926912.090442945},"median_abs_dev":{"confidence_interval":{"confidence_level":0.95,"lower_bound":1292652.9715508223,"upper_bound":13390129.090377688},"point_estimate":9188225.787976384,"standard_error":3180641.925090866},"slope":null,"std_dev":{"confidence_interval":{"confidence_level":0.95,"lower_bound":4239127.980310758,"upper_bound":9576039.343455354},"point_estimate":7688392.445495518,"standard_error":1354533.0629906293}}