{"mean":{"confidence_interval":{"confidence_level":0.95,"lower_bound":1337228332.4175,"upper_bound":1342413231.5},"point_estimate":1339747526.2,"standard_error":1325611.8409787049},"median":{"confidence_interval":{"confidence_level":0.95,"lower_bound":1336147688.5,"upper_bound":1343139443.0},"point_estimate":1339133435.5,"standard_error":1816032.8528490893},"median_abs_dev":{"confidence_interval":{"confidence_level":0.95,"lower_bound":918758.3080887794,"upper_bound":7353347.458451986},"point_estimate":4537265.1925474405,"standard_error":1605982.2811096455},"slope":null,"std_dev":{"confidence_interval":{"confidence_level":0.95,"lower_bound":2414305.843677062,"upper_bound":5516685.229879957},"point_estimate":4404562.421976477,"standard_error":788977.0738391071}}