{"mean":{"confidence_interval":{"confidence_level":0.95,"lower_bound":607514176.2,"upper_bound":643457096.3249999},"point_estimate":624441912.0,"standard_error":9208951.012073314},"median":{"confidence_interval":{"confidence_level":0.95,"lower_bound":602967413.5,"upper_bound":645089198.5},"point_estimate":621265487.0,"standard_error":8842113.137402909},"median_abs_dev":{"confidence_interval":{"confidence_level":0.95,"lower_bound":71895.72052359581,"upper_bound":52657100.73924959},"point_estimate":15495392.142301798,"standard_error":13128917.703936422},"slope":null,"std_dev":{"confidence_interval":{"confidence_level":0.95,"lower_bound":13221790.147500442,"upper_bound":40661633.09710654},"point_estimate":30744895.66706414,"standard_error":7233025.935788381}}