{"mean":{"confidence_interval":{"confidence_level":0.95,"lower_bound":101163608.39,"upper_bound":101596917.41},"point_estimate":101381911.7,"standard_error":110583.36198951445},"median":{"confidence_interval":{"confidence_level":0.95,"lower_bound":101143926.0,"upper_bound":101574432.0},"point_estimate":101343594.5,"standard_error":115226.32583004297},"median_abs_dev":{"confidence_interval":{"confidence_level":0.95,"lower_bound":731549.6681123972,"upper_bound":1379435.4784101248},"point_estimate":1046697.7902173996,"standard_error":165535.05996469813},"slope":null,"std_dev":{"confidence_interval":{"confidence_level":0.95,"lower_bound":936964.2482614702,"upper_bound":1242103.1121422823},"point_estimate":1101109.2232846546,"standard_error":77240.9457348991}}