{"mean":{"confidence_interval":{"confidence_level":0.95,"lower_bound":1299022844.2949998,"upper_bound":1353530176.2225},"point_estimate":1325555280.1,"standard_error":13977106.450974813},"median":{"confidence_interval":{"confidence_level":0.95,"lower_bound":1284555419.0,"upper_bound":1361533209.0},"point_estimate":1323709394.0,"standard_error":17113041.51558201},"median_abs_dev":{"confidence_interval":{"confidence_level":0.95,"lower_bound":11629911.530327797,"upper_bound":87025470.15388906},"point_estimate":37965911.59417033,"standard_error":19155711.011483815},"slope":null,"std_dev":{"confidence_interval":{"confidence_level":0.95,"lower_bound":25153280.472341526,"upper_bound":58985522.21478963},"point_estimate":46630184.19288363,"standard_error":8672128.928763017}}