{"mean":{"confidence_interval":{"confidence_level":0.95,"lower_bound":1244728730.75,"upper_bound":1245320337.84},"point_estimate":1245021981.88,"standard_error":150509.86156838876},"median":{"confidence_interval":{"confidence_level":0.95,"lower_bound":1244537487.0,"upper_bound":1245178400.0},"point_estimate":1244857513.0,"standard_error":166056.8788619056},"median_abs_dev":{"confidence_interval":{"confidence_level":0.95,"lower_bound":1016540.2241528034,"upper_bound":1951670.8837509155},"point_estimate":1515153.4213006496,"standard_error":236721.00022670344},"slope":null,"std_dev":{"confidence_interval":{"confidence_level":0.95,"lower_bound":1292564.891969199,"upper_bound":1719797.9617961727},"point_estimate":1516808.1840141786,"standard_error":109887.65109297191}}