{"mean":{"confidence_interval":{"confidence_level":0.95,"lower_bound":11224680275.3,"upper_bound":11411893285.6},"point_estimate":11310002444.6,"standard_error":48366382.131634705},"median":{"confidence_interval":{"confidence_level":0.95,"lower_bound":11174422894.0,"upper_bound":11437945998.5},"point_estimate":11276175341.0,"standard_error":52397861.92850083},"median_abs_dev":{"confidence_interval":{"confidence_level":0.95,"lower_bound":6105039.052113891,"upper_bound":207194396.74366415},"point_estimate":114610794.94635165,"standard_error":54090686.01777689},"slope":null,"std_dev":{"confidence_interval":{"confidence_level":0.95,"lower_bound":50998631.9999602,"upper_bound":201729352.52413714},"point_estimate":160939074.55268323,"standard_error":39616344.800082}}