{"mean":{"confidence_interval":{"confidence_level":0.95,"lower_bound":273578995.1525,"upper_bound":276441433.0575},"point_estimate":275006900.15,"standard_error":732739.3338261602},"median":{"confidence_interval":{"confidence_level":0.95,"lower_bound":272837356.75,"upper_bound":277184805.5},"point_estimate":275078993.25,"standard_error":1217368.3670100537},"median_abs_dev":{"confidence_interval":{"confidence_level":0.95,"lower_bound":798943.1031659245,"upper_bound":4122393.3190628886},"point_estimate":3125317.4086645246,"standard_error":852861.4238472487},"slope":null,"std_dev":{"confidence_interval":{"confidence_level":0.95,"lower_bound":1548726.570625511,"upper_bound":2924291.083945792},"point_estimate":2445508.825627615,"standard_error":351485.70770581334}}