{"mean":{"confidence_interval":{"confidence_level":0.95,"lower_bound":631122805.3,"upper_bound":635644083.0749999},"point_estimate":633407218.0,"standard_error":1157687.8224995488},"median":{"confidence_interval":{"confidence_level":0.95,"lower_bound":629517771.5,"upper_bound":637251975.0},"point_estimate":633715294.5,"standard_error":2800718.931640432},"median_abs_dev":{"confidence_interval":{"confidence_level":0.95,"lower_bound":140995.2574968338,"upper_bound":5626589.95590806},"point_estimate":5424916.329288483,"standard_error":1861289.7103327662},"slope":null,"std_dev":{"confidence_interval":{"confidence_level":0.95,"lower_bound":2679327.481327755,"upper_bound":4141931.7356058713},"point_estimate":3859885.518314846,"standard_error":377749.4162945148}}