{"mean":{"confidence_interval":{"confidence_level":0.95,"lower_bound":238189596.47750002,"upper_bound":248043270.05},"point_estimate":242645139.65,"standard_error":2550886.554050331},"median":{"confidence_interval":{"confidence_level":0.95,"lower_bound":236718063.25,"upper_bound":247401240.75},"point_estimate":241248639.5,"standard_error":2222834.1313033137},"median_abs_dev":{"confidence_interval":{"confidence_level":0.95,"lower_bound":1115056.7685037851,"upper_bound":12779989.163459837},"point_estimate":4707540.316924453,"standard_error":3124716.787061776},"slope":null,"std_dev":{"confidence_interval":{"confidence_level":0.95,"lower_bound":3072328.8826631727,"upper_bound":11662070.772429092},"point_estimate":8528650.559387207,"standard_error":2384281.984856789}}