{"mean":{"confidence_interval":{"confidence_level":0.95,"lower_bound":533098702.3,"upper_bound":534218563.03499997},"point_estimate":533614050.2,"standard_error":288268.1338988727},"median":{"confidence_interval":{"confidence_level":0.95,"lower_bound":533060853.5,"upper_bound":534183289.0},"point_estimate":533406523.0,"standard_error":243050.63969133885},"median_abs_dev":{"confidence_interval":{"confidence_level":0.95,"lower_bound":45021.37210071087,"upper_bound":1445317.7734404802},"point_estimate":519554.9217760563,"standard_error":406597.22672910575},"slope":null,"std_dev":{"confidence_interval":{"confidence_level":0.95,"lower_bound":371153.8213071432,"upper_bound":1333508.3419432824},"point_estimate":962234.9382227929,"standard_error":265439.07584995235}}