{"mean":{"confidence_interval":{"confidence_level":0.95,"lower_bound":1727885413.7025,"upper_bound":1772643349.3},"point_estimate":1748732033.9,"standard_error":11555880.351352692},"median":{"confidence_interval":{"confidence_level":0.95,"lower_bound":1726172615.5,"upper_bound":1779238257.0},"point_estimate":1739502167.0,"standard_error":11564453.19784941},"median_abs_dev":{"confidence_interval":{"confidence_level":0.95,"lower_bound":3480371.5623110533,"upper_bound":61398737.76315451},"point_estimate":18542388.612806797,"standard_error":14816136.49195422},"slope":null,"std_dev":{"confidence_interval":{"confidence_level":0.95,"lower_bound":12253275.444831438,"upper_bound":49582470.00190372},"point_estimate":38509461.25571904,"standard_error":9083070.65990073}}