{"mean":{"confidence_interval":{"confidence_level":0.95,"lower_bound":-0.025711225423315203,"upper_bound":0.0025486627770449186},"point_estimate":-0.01072032772118603,"standard_error":0.007264777916025754},"median":{"confidence_interval":{"confidence_level":0.95,"lower_bound":-0.017021550211088754,"upper_bound":0.008070865232912006},"point_estimate":-0.011992270727212095,"standard_error":0.006832760979283232}}