{"mean":{"confidence_interval":{"confidence_level":0.95,"lower_bound":284756321.0325,"upper_bound":288419776.45},"point_estimate":286695614.1,"standard_error":934038.3830343746},"median":{"confidence_interval":{"confidence_level":0.95,"lower_bound":284953444.5,"upper_bound":288887552.5},"point_estimate":287565108.25,"standard_error":1093135.616265373},"median_abs_dev":{"confidence_interval":{"confidence_level":0.95,"lower_bound":210997.32720404863,"upper_bound":4831511.990873516},"point_estimate":2848756.5454244614,"standard_error":1164938.2352633025},"slope":null,"std_dev":{"confidence_interval":{"confidence_level":0.95,"lower_bound":1453971.962197003,"upper_bound":4221867.716402264},"point_estimate":3104021.385155328,"standard_error":765067.4025620006}}