{"mean":{"confidence_interval":{"confidence_level":0.95,"lower_bound":-0.022075859898959924,"upper_bound":-0.00017430212910140216},"point_estimate":-0.010842410909569056,"standard_error":0.005619175287096978},"median":{"confidence_interval":{"confidence_level":0.95,"lower_bound":-0.021411426605083772,"upper_bound":0.0036259547829335936},"point_estimate":-0.007142301420200781,"standard_error":0.006880694192152141}}