{"mean":{"confidence_interval":{"confidence_level":0.95,"lower_bound":826832802.4925,"upper_bound":835303070.4975},"point_estimate":830945966.5,"standard_error":2168002.596386663},"median":{"confidence_interval":{"confidence_level":0.95,"lower_bound":824276303.0,"upper_bound":836501014.0},"point_estimate":830044200.5,"standard_error":2903959.1959596644},"median_abs_dev":{"confidence_interval":{"confidence_level":0.95,"lower_bound":1852209.9232167006,"upper_bound":12566882.837793231},"point_estimate":9062178.103414178,"standard_error":2918386.167795558},"slope":null,"std_dev":{"confidence_interval":{"confidence_level":0.95,"lower_bound":3942820.2124878666,"upper_bound":8867019.217649063},"point_estimate":7215590.741477948,"standard_error":1231696.7535396698}}