{"mean":{"confidence_interval":{"confidence_level":0.95,"lower_bound":639679549.4,"upper_bound":640977336.1550001},"point_estimate":640353658.2,"standard_error":330159.99428535206},"median":{"confidence_interval":{"confidence_level":0.95,"lower_bound":639565756.0,"upper_bound":641001405.0},"point_estimate":640525310.5,"standard_error":361657.5681523924},"median_abs_dev":{"confidence_interval":{"confidence_level":0.95,"lower_bound":193562.32216358185,"upper_bound":1923032.98265934},"point_estimate":775235.2176368237,"standard_error":422661.77090704354},"slope":null,"std_dev":{"confidence_interval":{"confidence_level":0.95,"lower_bound":500022.0083917333,"upper_bound":1487550.1801205988},"point_estimate":1101659.3765021323,"standard_error":259977.5107452723}}