{"mean":{"confidence_interval":{"confidence_level":0.95,"lower_bound":101066907.47,"upper_bound":101255632.19},"point_estimate":101160394.31,"standard_error":48317.140563522546},"median":{"confidence_interval":{"confidence_level":0.95,"lower_bound":101010143.0,"upper_bound":101243331.0},"point_estimate":101136412.0,"standard_error":57852.58135933984},"median_abs_dev":{"confidence_interval":{"confidence_level":0.95,"lower_bound":338536.877989769,"upper_bound":563184.132501483},"point_estimate":435384.75607037544,"standard_error":57491.609734331905},"slope":null,"std_dev":{"confidence_interval":{"confidence_level":0.95,"lower_bound":407979.59075799445,"upper_bound":558622.5676386083},"point_estimate":485652.3507868585,"standard_error":38216.91024424832}}