{"mean":{"confidence_interval":{"confidence_level":0.95,"lower_bound":591761131.8,"upper_bound":632357254.7924999},"point_estimate":610721976.3,"standard_error":10429876.756318917},"median":{"confidence_interval":{"confidence_level":0.95,"lower_bound":578843262.0,"upper_bound":631287936.5},"point_estimate":609515351.5,"standard_error":12010506.738141634},"median_abs_dev":{"confidence_interval":{"confidence_level":0.95,"lower_bound":6701245.875129104,"upper_bound":56100041.10002518},"point_estimate":33883058.10445547,"standard_error":13745518.913938224},"slope":null,"std_dev":{"confidence_interval":{"confidence_level":0.95,"lower_bound":16418888.342594694,"upper_bound":45852313.84218279},"point_estimate":34410577.27570174,"standard_error":8079788.506174562}}