{"mean":{"confidence_interval":{"confidence_level":0.95,"lower_bound":357350122.93375,"upper_bound":370677194.21625},"point_estimate":363119601.05,"standard_error":3463100.9444670673},"median":{"confidence_interval":{"confidence_level":0.95,"lower_bound":355631539.25,"upper_bound":366487498.25},"point_estimate":360651951.5,"standard_error":2684699.5890770513},"median_abs_dev":{"confidence_interval":{"confidence_level":0.95,"lower_bound":1873802.138583362,"upper_bound":13562608.099615574},"point_estimate":6124108.9942753315,"standard_error":3240206.209137308},"slope":null,"std_dev":{"confidence_interval":{"confidence_level":0.95,"lower_bound":3856317.5994755817,"upper_bound":16697389.64943203},"point_estimate":11524119.556145996,"standard_error":3904469.6904904945}}