{"mean":{"confidence_interval":{"confidence_level":0.95,"lower_bound":-0.002078402319625661,"upper_bound":0.005095056318726542},"point_estimate":0.0014858059492466325,"standard_error":0.0018381907211074305},"median":{"confidence_interval":{"confidence_level":0.95,"lower_bound":-0.0039043594230773193,"upper_bound":0.006233126691638002},"point_estimate":0.0020534302265693416,"standard_error":0.002809312619574511}}