{"mean":{"confidence_interval":{"confidence_level":0.95,"lower_bound":207349326.43333334,"upper_bound":213294444.34},"point_estimate":210236435.46666664,"standard_error":1519647.0456799793},"median":{"confidence_interval":{"confidence_level":0.95,"lower_bound":205893817.0,"upper_bound":214406365.33333334},"point_estimate":210293488.6666667,"standard_error":1921926.6159233188},"median_abs_dev":{"confidence_interval":{"confidence_level":0.95,"lower_bound":1117760.536655769,"upper_bound":9011111.924120799},"point_estimate":5075287.626695663,"standard_error":2173650.139646478},"slope":null,"std_dev":{"confidence_interval":{"confidence_level":0.95,"lower_bound":2741507.106529801,"upper_bound":6403819.057735575},"point_estimate":5074461.529360594,"standard_error":944991.3468130218}}