{"mean":{"confidence_interval":{"confidence_level":0.95,"lower_bound":633964832.7975,"upper_bound":635590411.8475},"point_estimate":634776978.4,"standard_error":417012.26200485264},"median":{"confidence_interval":{"confidence_level":0.95,"lower_bound":633684282.0,"upper_bound":635861819.5},"point_estimate":634777329.0,"standard_error":630767.4274824507},"median_abs_dev":{"confidence_interval":{"confidence_level":0.95,"lower_bound":334587.2316598892,"upper_bound":2260261.4661723375},"point_estimate":1415252.1285742521,"standard_error":517701.1876579816},"slope":null,"std_dev":{"confidence_interval":{"confidence_level":0.95,"lower_bound":822871.8840860276,"upper_bound":1742434.9612173531},"point_estimate":1393974.7567188502,"standard_error":236172.39980976153}}