{"mean":{"confidence_interval":{"confidence_level":0.95,"lower_bound":11285669827.7,"upper_bound":11475714066.0},"point_estimate":11380299348.3,"standard_error":48589125.43064934},"median":{"confidence_interval":{"confidence_level":0.95,"lower_bound":11250439698.5,"upper_bound":11523050776.5},"point_estimate":11364735824.0,"standard_error":65760199.60154555},"median_abs_dev":{"confidence_interval":{"confidence_level":0.95,"lower_bound":24132946.941554546,"upper_bound":290618896.9468832},"point_estimate":150279543.16100478,"standard_error":64626621.94562068},"slope":null,"std_dev":{"confidence_interval":{"confidence_level":0.95,"lower_bound":93316253.78621879,"upper_bound":201926380.31791025},"point_estimate":161778907.27228,"standard_error":28001705.199905515}}