{"mean":{"confidence_interval":{"confidence_level":0.95,"lower_bound":61345647.18,"upper_bound":61800294.43},"point_estimate":61564236.16,"standard_error":116369.38319888014},"median":{"confidence_interval":{"confidence_level":0.95,"lower_bound":61211428.0,"upper_bound":61905973.0},"point_estimate":61532445.5,"standard_error":194201.68682271155},"median_abs_dev":{"confidence_interval":{"confidence_level":0.95,"lower_bound":923006.6983133554,"upper_bound":1435587.4698132277},"point_estimate":1215038.8629287481,"standard_error":134356.20348177993},"slope":null,"std_dev":{"confidence_interval":{"confidence_level":0.95,"lower_bound":998314.9959873386,"upper_bound":1346473.6415952086},"point_estimate":1173187.9297520209,"standard_error":89024.65355696334}}