{"mean":{"confidence_interval":{"confidence_level":0.95,"lower_bound":647555372.6,"upper_bound":682317162.91},"point_estimate":663881848.8,"standard_error":8854857.171263304},"median":{"confidence_interval":{"confidence_level":0.95,"lower_bound":633323619.0,"upper_bound":678658964.0},"point_estimate":663643422.0,"standard_error":10094844.41655709},"median_abs_dev":{"confidence_interval":{"confidence_level":0.95,"lower_bound":3466670.1146543026,"upper_bound":51966610.194808245},"point_estimate":23320603.72917652,"standard_error":12369789.711482752},"slope":null,"std_dev":{"confidence_interval":{"confidence_level":0.95,"lower_bound":14414961.843045259,"upper_bound":40395256.37498107},"point_estimate":29660722.475637045,"standard_error":7373838.813596697}}