{"mean":{"confidence_interval":{"confidence_level":0.95,"lower_bound":-0.011740932868752647,"upper_bound":0.02247651006360958},"point_estimate":0.004773411066041344,"standard_error":0.008641075561517459},"median":{"confidence_interval":{"confidence_level":0.95,"lower_bound":-0.014252804780350847,"upper_bound":0.023705728572452456},"point_estimate":0.007343169104853553,"standard_error":0.01018679733385079}}