{"mean":{"confidence_interval":{"confidence_level":0.95,"lower_bound":28221514338.3,"upper_bound":28682801446.375},"point_estimate":28440839547.4,"standard_error":118746651.03290309},"median":{"confidence_interval":{"confidence_level":0.95,"lower_bound":28114180191.0,"upper_bound":28694788487.5},"point_estimate":28394079860.5,"standard_error":189252713.5819786},"median_abs_dev":{"confidence_interval":{"confidence_level":0.95,"lower_bound":60861456.13479316,"upper_bound":719968339.9006069},"point_estimate":365349033.56765807,"standard_error":168148858.212251},"slope":null,"std_dev":{"confidence_interval":{"confidence_level":0.95,"lower_bound":220760064.0545682,"upper_bound":512391698.08224326},"point_estimate":394418171.0175089,"standard_error":81476212.24208464}}