{"mean":{"confidence_interval":{"confidence_level":0.95,"lower_bound":381182007.55,"upper_bound":388391712.54375},"point_estimate":384641429.0,"standard_error":1850673.2881958783},"median":{"confidence_interval":{"confidence_level":0.95,"lower_bound":380851958.5,"upper_bound":389845290.0},"point_estimate":383533040.75,"standard_error":1982496.9665195786},"median_abs_dev":{"confidence_interval":{"confidence_level":0.95,"lower_bound":1051029.2060405016,"upper_bound":10320563.741773367},"point_estimate":4134325.283651054,"standard_error":2522971.8011795375},"slope":null,"std_dev":{"confidence_interval":{"confidence_level":0.95,"lower_bound":2477971.2361412724,"upper_bound":7982184.735965445},"point_estimate":6158363.576427723,"standard_error":1323558.5932234353}}