{"mean":{"confidence_interval":{"confidence_level":0.95,"lower_bound":247547257.55,"upper_bound":254271494.5},"point_estimate":250981002.75,"standard_error":1720191.0618591646},"median":{"confidence_interval":{"confidence_level":0.95,"lower_bound":245822546.5,"upper_bound":255274694.5},"point_estimate":252518074.5,"standard_error":2341439.571571576},"median_abs_dev":{"confidence_interval":{"confidence_level":0.95,"lower_bound":246033.75913202763,"upper_bound":10168249.20412749},"point_estimate":5407052.852855623,"standard_error":2331132.208560997},"slope":null,"std_dev":{"confidence_interval":{"confidence_level":0.95,"lower_bound":3255901.884573056,"upper_bound":7116513.819396685},"point_estimate":5743016.738046357,"standard_error":980093.7059857334}}