{"mean":{"confidence_interval":{"confidence_level":0.95,"lower_bound":259402028.65,"upper_bound":263676366.02625},"point_estimate":261471728.85,"standard_error":1098841.6707078435},"median":{"confidence_interval":{"confidence_level":0.95,"lower_bound":259165552.0,"upper_bound":263932164.0},"point_estimate":260580906.0,"standard_error":1277159.7403946617},"median_abs_dev":{"confidence_interval":{"confidence_level":0.95,"lower_bound":713292.1907365322,"upper_bound":6070799.517671764},"point_estimate":2409802.0592674613,"standard_error":1485348.564181843},"slope":null,"std_dev":{"confidence_interval":{"confidence_level":0.95,"lower_bound":1759269.623697412,"upper_bound":4749152.27456549},"point_estimate":3667097.2360209743,"standard_error":755550.7285686517}}