{"mean":{"confidence_interval":{"confidence_level":0.95,"lower_bound":2599891847.1,"upper_bound":2603501893.5175004},"point_estimate":2601607105.1,"standard_error":924767.7786550787},"median":{"confidence_interval":{"confidence_level":0.95,"lower_bound":2599542917.5,"upper_bound":2604079044.0},"point_estimate":2600624109.0,"standard_error":1145060.1664539655},"median_abs_dev":{"confidence_interval":{"confidence_level":0.95,"lower_bound":455297.55631685257,"upper_bound":5062418.411824107},"point_estimate":2568370.944902301,"standard_error":1201603.9070324095},"slope":null,"std_dev":{"confidence_interval":{"confidence_level":0.95,"lower_bound":1409084.1589225605,"upper_bound":3915141.6897308156},"point_estimate":3077637.594117585,"standard_error":633145.9278692688}}