{"mean":{"confidence_interval":{"confidence_level":0.95,"lower_bound":4135581344.2,"upper_bound":4158068547.95},"point_estimate":4146847351.9,"standard_error":5773368.128494976},"median":{"confidence_interval":{"confidence_level":0.95,"lower_bound":4127365757.5,"upper_bound":4163667070.0},"point_estimate":4150470542.5,"standard_error":11319938.136942277},"median_abs_dev":{"confidence_interval":{"confidence_level":0.95,"lower_bound":3739459.614211321,"upper_bound":30479243.55698526},"point_estimate":28203339.919790626,"standard_error":7581704.36762604},"slope":null,"std_dev":{"confidence_interval":{"confidence_level":0.95,"lower_bound":12934333.978657106,"upper_bound":22047494.378297664},"point_estimate":19226076.25715583,"standard_error":2350661.7661649315}}