{"mean":{"confidence_interval":{"confidence_level":0.95,"lower_bound":597483316.2475,"upper_bound":615990711.7},"point_estimate":606269968.2,"standard_error":4762591.674559354},"median":{"confidence_interval":{"confidence_level":0.95,"lower_bound":594941837.5,"upper_bound":620676298.5},"point_estimate":598712544.5,"standard_error":7247617.521865159},"median_abs_dev":{"confidence_interval":{"confidence_level":0.95,"lower_bound":1031232.0485919714,"upper_bound":27065295.438694954},"point_estimate":13886116.60297215,"standard_error":7081957.983544993},"slope":null,"std_dev":{"confidence_interval":{"confidence_level":0.95,"lower_bound":8388845.165455403,"upper_bound":19696393.168060284},"point_estimate":15899267.995185677,"standard_error":2892578.356142302}}