{"mean":{"confidence_interval":{"confidence_level":0.95,"lower_bound":3060551579.0899997,"upper_bound":3111556922.345},"point_estimate":3087200048.8,"standard_error":13134463.587579925},"median":{"confidence_interval":{"confidence_level":0.95,"lower_bound":3053579499.0,"upper_bound":3123388843.0},"point_estimate":3094244806.5,"standard_error":18205445.67785179},"median_abs_dev":{"confidence_interval":{"confidence_level":0.95,"lower_bound":7370922.198539972,"upper_bound":74089620.0736463},"point_estimate":44669379.14535999,"standard_error":16045463.802317841},"slope":null,"std_dev":{"confidence_interval":{"confidence_level":0.95,"lower_bound":23055806.424572542,"upper_bound":56169342.68850246},"point_estimate":43837160.48474156,"standard_error":8638421.369225044}}