{"mean":{"confidence_interval":{"confidence_level":0.95,"lower_bound":906967692.105,"upper_bound":908937435.1175},"point_estimate":907965667.2,"standard_error":505484.7216220252},"median":{"confidence_interval":{"confidence_level":0.95,"lower_bound":906571560.5,"upper_bound":909566541.0},"point_estimate":907854748.0,"standard_error":674572.8125308879},"median_abs_dev":{"confidence_interval":{"confidence_level":0.95,"lower_bound":371794.5605993271,"upper_bound":3172520.797276497},"point_estimate":1664879.7100424767,"standard_error":713458.8146593818},"slope":null,"std_dev":{"confidence_interval":{"confidence_level":0.95,"lower_bound":969611.6669649476,"upper_bound":2099868.647085643},"point_estimate":1689069.7247200108,"standard_error":291569.74601187423}}