{"mean":{"confidence_interval":{"confidence_level":0.95,"lower_bound":165945656753.7,"upper_bound":166053249009.9},"point_estimate":165995970196.1,"standard_error":27499395.395666517},"median":{"confidence_interval":{"confidence_level":0.95,"lower_bound":165921465528.5,"upper_bound":166042107171.0},"point_estimate":165995225956.5,"standard_error":29165921.853916287},"median_abs_dev":{"confidence_interval":{"confidence_level":0.95,"lower_bound":12596149.361273646,"upper_bound":150747146.29710317},"point_estimate":78000016.0518229,"standard_error":32933454.405138977},"slope":null,"std_dev":{"confidence_interval":{"confidence_level":0.95,"lower_bound":43234191.89652881,"upper_bound":124165612.18572053},"point_estimate":91660452.37966013,"standard_error":22399638.54099055}}