{"mean":{"confidence_interval":{"confidence_level":0.95,"lower_bound":28167843317.95,"upper_bound":28547256876.8575},"point_estimate":28360449808.7,"standard_error":97134115.29032253},"median":{"confidence_interval":{"confidence_level":0.95,"lower_bound":28123459006.0,"upper_bound":28590422543.0},"point_estimate":28407676174.5,"standard_error":113738510.42078632},"median_abs_dev":{"confidence_interval":{"confidence_level":0.95,"lower_bound":45884056.99519515,"upper_bound":548547710.5994314},"point_estimate":303410808.80868137,"standard_error":121184603.300538},"slope":null,"std_dev":{"confidence_interval":{"confidence_level":0.95,"lower_bound":169993547.57320216,"upper_bound":421452404.28613263},"point_estimate":323755643.1633557,"standard_error":64755722.50381235}}