{"mean":{"confidence_interval":{"confidence_level":0.95,"lower_bound":216025345.86666664,"upper_bound":222011154.49583337},"point_estimate":218988561.9666667,"standard_error":1533049.9886076704},"median":{"confidence_interval":{"confidence_level":0.95,"lower_bound":214579485.0,"upper_bound":223471309.8333333},"point_estimate":219022785.1666667,"standard_error":2391892.3785990644},"median_abs_dev":{"confidence_interval":{"confidence_level":0.95,"lower_bound":1396275.590211153,"upper_bound":8501191.431173667},"point_estimate":5556579.608351,"standard_error":1926234.7199837805},"slope":null,"std_dev":{"confidence_interval":{"confidence_level":0.95,"lower_bound":3069031.180948135,"upper_bound":6168582.460751117},"point_estimate":5092770.168762596,"standard_error":787666.1270176705}}