{"mean":{"confidence_interval":{"confidence_level":0.95,"lower_bound":1040032560.3,"upper_bound":1041742252.4075},"point_estimate":1040850170.4,"standard_error":438497.08794995834},"median":{"confidence_interval":{"confidence_level":0.95,"lower_bound":1039674125.0,"upper_bound":1041908601.0},"point_estimate":1040604883.0,"standard_error":600079.5163127},"median_abs_dev":{"confidence_interval":{"confidence_level":0.95,"lower_bound":349756.4532905817,"upper_bound":2411213.12379241},"point_estimate":1551822.5664496422,"standard_error":525367.5819604795},"slope":null,"std_dev":{"confidence_interval":{"confidence_level":0.95,"lower_bound":762094.5760230826,"upper_bound":1846572.466631447},"point_estimate":1461879.8795078283,"standard_error":278853.29514204315}}