{"mean":{"confidence_interval":{"confidence_level":0.95,"lower_bound":42861311969.9,"upper_bound":42976149577.5825},"point_estimate":42918473925.4,"standard_error":29458885.03357576},"median":{"confidence_interval":{"confidence_level":0.95,"lower_bound":42823496062.0,"upper_bound":42997159255.5},"point_estimate":42923181115.0,"standard_error":44359137.48668471},"median_abs_dev":{"confidence_interval":{"confidence_level":0.95,"lower_bound":10049924.012178183,"upper_bound":167760792.71855056},"point_estimate":100369829.90047932,"standard_error":36083120.59052312},"slope":null,"std_dev":{"confidence_interval":{"confidence_level":0.95,"lower_bound":58683244.11117996,"upper_bound":121685466.1991294},"point_estimate":98315828.67777306,"standard_error":16167265.268786887}}