{"mean":{"confidence_interval":{"confidence_level":0.95,"lower_bound":780231899.8149999,"upper_bound":784773330.2},"point_estimate":782400532.8,"standard_error":1165318.535663488},"median":{"confidence_interval":{"confidence_level":0.95,"lower_bound":779344438.5,"upper_bound":784374600.5},"point_estimate":782105417.5,"standard_error":984141.5822631395},"median_abs_dev":{"confidence_interval":{"confidence_level":0.95,"lower_bound":588443.1882530451,"upper_bound":6631619.273865223},"point_estimate":1926280.6179016829,"standard_error":1780865.2529461347},"slope":null,"std_dev":{"confidence_interval":{"confidence_level":0.95,"lower_bound":1725790.737697943,"upper_bound":5251473.223368936},"point_estimate":3893969.1345217074,"standard_error":937789.5494993782}}