{"mean":{"confidence_interval":{"confidence_level":0.95,"lower_bound":272428314.37125003,"upper_bound":275177002.4125},"point_estimate":273726588.9,"standard_error":707767.6099999008},"median":{"confidence_interval":{"confidence_level":0.95,"lower_bound":271793004.0,"upper_bound":276771639.0},"point_estimate":272644351.25,"standard_error":1159434.3920564826},"median_abs_dev":{"confidence_interval":{"confidence_level":0.95,"lower_bound":204790.42241424322,"upper_bound":3439435.4944378138},"point_estimate":1348796.067354083,"standard_error":850640.6189108775},"slope":null,"std_dev":{"confidence_interval":{"confidence_level":0.95,"lower_bound":765898.2253271784,"upper_bound":2708342.6232305616},"point_estimate":2356207.7702374943,"standard_error":411565.01698161016}}