{"mean":{"confidence_interval":{"confidence_level":0.95,"lower_bound":826233855.175,"upper_bound":831115839.27},"point_estimate":828271849.1,"standard_error":1282116.1435961637},"median":{"confidence_interval":{"confidence_level":0.95,"lower_bound":825407749.0,"upper_bound":828964060.0},"point_estimate":827695492.5,"standard_error":860537.2381994433},"median_abs_dev":{"confidence_interval":{"confidence_level":0.95,"lower_bound":435585.6483668089,"upper_bound":4502215.046569705},"point_estimate":2065230.628734827,"standard_error":1075075.783571116},"slope":null,"std_dev":{"confidence_interval":{"confidence_level":0.95,"lower_bound":1252220.8487300384,"upper_bound":6349970.411373825},"point_estimate":4270368.272356129,"standard_error":1626343.282468358}}