{"mean":{"confidence_interval":{"confidence_level":0.95,"lower_bound":1199500120.3425002,"upper_bound":1208942369.7},"point_estimate":1204502082.3,"standard_error":2425793.434502889},"median":{"confidence_interval":{"confidence_level":0.95,"lower_bound":1199159479.0,"upper_bound":1211642119.0},"point_estimate":1205960091.0,"standard_error":3009844.8025320168},"median_abs_dev":{"confidence_interval":{"confidence_level":0.95,"lower_bound":1609814.4644200802,"upper_bound":12908685.142225027},"point_estimate":9055361.85003519,"standard_error":3054583.334350508},"slope":null,"std_dev":{"confidence_interval":{"confidence_level":0.95,"lower_bound":3809464.4411974894,"upper_bound":10445388.260346415},"point_estimate":8074320.109592195,"standard_error":1734010.171533883}}