{"mean":{"confidence_interval":{"confidence_level":0.95,"lower_bound":484384711.6,"upper_bound":486015131.08624995},"point_estimate":485082940.4,"standard_error":423578.0754635985},"median":{"confidence_interval":{"confidence_level":0.95,"lower_bound":484172796.75,"upper_bound":485460909.0},"point_estimate":484811489.75,"standard_error":359290.23953405366},"median_abs_dev":{"confidence_interval":{"confidence_level":0.95,"lower_bound":255655.83296120167,"upper_bound":1600636.0586330295},"point_estimate":806270.4828858376,"standard_error":339315.043303901},"slope":null,"std_dev":{"confidence_interval":{"confidence_level":0.95,"lower_bound":465988.6310195895,"upper_bound":2058276.3670666937},"point_estimate":1408387.2785636731,"standard_error":492297.6818389252}}