{"mean":{"confidence_interval":{"confidence_level":0.95,"lower_bound":128331152.78,"upper_bound":128862710.38},"point_estimate":128581004.28,"standard_error":135500.0691042489},"median":{"confidence_interval":{"confidence_level":0.95,"lower_bound":128450640.5,"upper_bound":128662979.0},"point_estimate":128559460.0,"standard_error":45262.563141938415},"median_abs_dev":{"confidence_interval":{"confidence_level":0.95,"lower_bound":309066.49701297283,"upper_bound":566749.989295671},"point_estimate":411760.26678979397,"standard_error":65673.55043297948},"slope":null,"std_dev":{"confidence_interval":{"confidence_level":0.95,"lower_bound":848748.7741518598,"upper_bound":1710108.4502084649},"point_estimate":1306962.721737957,"standard_error":224345.73656758564}}