{"mean":{"confidence_interval":{"confidence_level":0.95,"lower_bound":28093523.12,"upper_bound":28122176.77},"point_estimate":28107791.75,"standard_error":7316.348285922746},"median":{"confidence_interval":{"confidence_level":0.95,"lower_bound":28086249.0,"upper_bound":28124548.0},"point_estimate":28102928.0,"standard_error":10031.797337362785},"median_abs_dev":{"confidence_interval":{"confidence_level":0.95,"lower_bound":49756.05511665344,"upper_bound":83869.93921101093},"point_estimate":64677.6825517416,"standard_error":8510.310728678505},"slope":null,"std_dev":{"confidence_interval":{"confidence_level":0.95,"lower_bound":62219.87172089851,"upper_bound":83062.60944062105},"point_estimate":73476.18847762515,"standard_error":5287.34223566831}}