{"mean":{"confidence_interval":{"confidence_level":0.95,"lower_bound":1188242363.795,"upper_bound":1213676998.5},"point_estimate":1201720001.2,"standard_error":6530264.82322394},"median":{"confidence_interval":{"confidence_level":0.95,"lower_bound":1188210330.0,"upper_bound":1218700060.0},"point_estimate":1206419848.0,"standard_error":7088242.298506623},"median_abs_dev":{"confidence_interval":{"confidence_level":0.95,"lower_bound":1160357.6106995344,"upper_bound":35159212.7034992},"point_estimate":21624496.75718844,"standard_error":9413169.481696812},"slope":null,"std_dev":{"confidence_interval":{"confidence_level":0.95,"lower_bound":9536277.494556459,"upper_bound":27669290.281226292},"point_estimate":21725638.536995843,"standard_error":4572089.729853392}}