{"mean":{"confidence_interval":{"confidence_level":0.95,"lower_bound":666025592.7824999,"upper_bound":694153508.1},"point_estimate":679960845.2,"standard_error":7203830.405787554},"median":{"confidence_interval":{"confidence_level":0.95,"lower_bound":657470901.0,"upper_bound":699666696.0},"point_estimate":679078476.0,"standard_error":11160282.37128894},"median_abs_dev":{"confidence_interval":{"confidence_level":0.95,"lower_bound":6866528.344094753,"upper_bound":41309448.07451069},"point_estimate":31279742.278173566,"standard_error":8496277.897734493},"slope":null,"std_dev":{"confidence_interval":{"confidence_level":0.95,"lower_bound":14550271.60452332,"upper_bound":29591371.48031092},"point_estimate":24074054.769519784,"standard_error":3846400.8230537083}}