{"mean":{"confidence_interval":{"confidence_level":0.95,"lower_bound":684757573.2,"upper_bound":720125875.3},"point_estimate":701315169.2,"standard_error":9119239.928546324},"median":{"confidence_interval":{"confidence_level":0.95,"lower_bound":677389456.0,"upper_bound":727217592.0},"point_estimate":695010552.5,"standard_error":10915220.259779941},"median_abs_dev":{"confidence_interval":{"confidence_level":0.95,"lower_bound":6082404.19831574,"upper_bound":50723642.11357534},"point_estimate":23235076.243194938,"standard_error":10936545.859165581},"slope":null,"std_dev":{"confidence_interval":{"confidence_level":0.95,"lower_bound":12323747.685552241,"upper_bound":37904497.769223936},"point_estimate":30405073.349202614,"standard_error":6492018.955697158}}