{"mean":{"confidence_interval":{"confidence_level":0.95,"lower_bound":1684038275.4375,"upper_bound":1693140124.5375},"point_estimate":1688459284.6,"standard_error":2331083.524598802},"median":{"confidence_interval":{"confidence_level":0.95,"lower_bound":1682214416.0,"upper_bound":1697163270.0},"point_estimate":1686516073.5,"standard_error":3775937.70948153},"median_abs_dev":{"confidence_interval":{"confidence_level":0.95,"lower_bound":1903718.411502242,"upper_bound":12675893.966057897},"point_estimate":7654151.425811648,"standard_error":2954034.724438142},"slope":null,"std_dev":{"confidence_interval":{"confidence_level":0.95,"lower_bound":4467636.611799597,"upper_bound":9221619.226430729},"point_estimate":7758765.954721898,"standard_error":1182953.6051698923}}