{"mean":{"confidence_interval":{"confidence_level":0.95,"lower_bound":71184944.27,"upper_bound":71730445.48},"point_estimate":71469035.15,"standard_error":140607.51588863126},"median":{"confidence_interval":{"confidence_level":0.95,"lower_bound":71178671.0,"upper_bound":71677131.5},"point_estimate":71431994.0,"standard_error":112314.87908059279},"median_abs_dev":{"confidence_interval":{"confidence_level":0.95,"lower_bound":759810.9888106585,"upper_bound":1513758.294725418},"point_estimate":1107203.4364432096,"standard_error":189280.49196164898},"slope":null,"std_dev":{"confidence_interval":{"confidence_level":0.95,"lower_bound":1133382.715009254,"upper_bound":1691092.4825793328},"point_estimate":1404731.2032387166,"standard_error":138806.9281764972}}