{"mean":{"confidence_interval":{"confidence_level":0.95,"lower_bound":623668406.9975001,"upper_bound":656437065.2725},"point_estimate":639423892.8,"standard_error":8383058.333108687},"median":{"confidence_interval":{"confidence_level":0.95,"lower_bound":615400041.0,"upper_bound":669041086.0},"point_estimate":630191288.0,"standard_error":13345384.430133985},"median_abs_dev":{"confidence_interval":{"confidence_level":0.95,"lower_bound":5349405.288729072,"upper_bound":45245788.810926676},"point_estimate":26436461.779358983,"standard_error":10649114.70597545},"slope":null,"std_dev":{"confidence_interval":{"confidence_level":0.95,"lower_bound":15356913.571022967,"upper_bound":33237299.391437512},"point_estimate":28030224.3606056,"standard_error":4413857.485725304}}