{"mean":{"confidence_interval":{"confidence_level":0.95,"lower_bound":41590282661.3,"upper_bound":41717820535.252495},"point_estimate":41650924337.6,"standard_error":32618500.810361147},"median":{"confidence_interval":{"confidence_level":0.95,"lower_bound":41570029049.0,"upper_bound":41744533746.0},"point_estimate":41628860288.0,"standard_error":36944060.741377205},"median_abs_dev":{"confidence_interval":{"confidence_level":0.95,"lower_bound":22229869.013240933,"upper_bound":201536922.0064044},"point_estimate":71990633.60871077,"standard_error":45064836.48847576},"slope":null,"std_dev":{"confidence_interval":{"confidence_level":0.95,"lower_bound":50012698.85033886,"upper_bound":138095182.79921606},"point_estimate":108801351.76606214,"standard_error":22446819.65496783}}