{"mean":{"confidence_interval":{"confidence_level":0.95,"lower_bound":1267027483.2,"upper_bound":1272419707.435},"point_estimate":1269717434.8,"standard_error":1379425.3849019518},"median":{"confidence_interval":{"confidence_level":0.95,"lower_bound":1265618998.0,"upper_bound":1274447242.0},"point_estimate":1269734977.0,"standard_error":1870383.7052726839},"median_abs_dev":{"confidence_interval":{"confidence_level":0.95,"lower_bound":291178.92833054066,"upper_bound":8684450.919020176},"point_estimate":6544377.16101408,"standard_error":2509646.7156955535},"slope":null,"std_dev":{"confidence_interval":{"confidence_level":0.95,"lower_bound":2753873.6676353766,"upper_bound":5555983.972291253},"point_estimate":4578624.991718191,"standard_error":722033.5226964965}}