{"mean":{"confidence_interval":{"confidence_level":0.95,"lower_bound":525406629.1,"upper_bound":545179826.4725},"point_estimate":535151570.3,"standard_error":5084918.23793947},"median":{"confidence_interval":{"confidence_level":0.95,"lower_bound":520628897.5,"upper_bound":547513196.5},"point_estimate":537967127.0,"standard_error":6269274.4393820185},"median_abs_dev":{"confidence_interval":{"confidence_level":0.95,"lower_bound":406754.2679786682,"upper_bound":31123309.448450804},"point_estimate":18847067.355197668,"standard_error":8158184.344919805},"slope":null,"std_dev":{"confidence_interval":{"confidence_level":0.95,"lower_bound":9377623.523955641,"upper_bound":21580212.66369601},"point_estimate":16938408.391418666,"standard_error":3166054.1736710137}}