{"mean":{"confidence_interval":{"confidence_level":0.95,"lower_bound":73483733.85,"upper_bound":73900151.79},"point_estimate":73687256.36,"standard_error":107203.51932242306},"median":{"confidence_interval":{"confidence_level":0.95,"lower_bound":73095282.5,"upper_bound":73573763.0},"point_estimate":73263876.0,"standard_error":114166.4732875667},"median_abs_dev":{"confidence_interval":{"confidence_level":0.95,"lower_bound":429713.81117105484,"upper_bound":991324.9051004648},"point_estimate":735053.0518501997,"standard_error":145009.7563829673},"slope":null,"std_dev":{"confidence_interval":{"confidence_level":0.95,"lower_bound":887118.8996306474,"upper_bound":1250356.6551242492},"point_estimate":1084976.1439504493,"standard_error":93810.10165729323}}