{"mean":{"confidence_interval":{"confidence_level":0.95,"lower_bound":231916351.09333333,"upper_bound":233624974.5341667},"point_estimate":232743747.2666667,"standard_error":437245.3229453033},"median":{"confidence_interval":{"confidence_level":0.95,"lower_bound":231465675.33333334,"upper_bound":233804042.8333333},"point_estimate":232626124.5,"standard_error":507893.50485402247},"median_abs_dev":{"confidence_interval":{"confidence_level":0.95,"lower_bound":225042.6145047244,"upper_bound":2551916.309094429},"point_estimate":1534623.1712549778,"standard_error":624806.7286217378},"slope":null,"std_dev":{"confidence_interval":{"confidence_level":0.95,"lower_bound":754782.808878285,"upper_bound":1848208.5874542354},"point_estimate":1464564.5044119332,"standard_error":279575.5328977216}}