{"mean":{"confidence_interval":{"confidence_level":0.95,"lower_bound":3104017762.435,"upper_bound":3118871918.165},"point_estimate":3111210131.2,"standard_error":3806551.243133682},"median":{"confidence_interval":{"confidence_level":0.95,"lower_bound":3101640550.0,"upper_bound":3120779222.5},"point_estimate":3109576020.0,"standard_error":5661127.8058928605},"median_abs_dev":{"confidence_interval":{"confidence_level":0.95,"lower_bound":1923181.2426567078,"upper_bound":21420660.017207265},"point_estimate":11398153.72634232,"standard_error":5210364.467716085},"slope":null,"std_dev":{"confidence_interval":{"confidence_level":0.95,"lower_bound":6919220.873803723,"upper_bound":16247198.559360659},"point_estimate":12695049.354951348,"standard_error":2433314.7858309452}}