{"mean":{"confidence_interval":{"confidence_level":0.95,"lower_bound":100159282.11,"upper_bound":100681266.38475001},"point_estimate":100419442.84,"standard_error":134334.43392464527},"median":{"confidence_interval":{"confidence_level":0.95,"lower_bound":100231167.0,"upper_bound":100922235.0},"point_estimate":100611663.5,"standard_error":173844.87593773924},"median_abs_dev":{"confidence_interval":{"confidence_level":0.95,"lower_bound":974500.3976641604,"upper_bound":1593161.9015157223},"point_estimate":1286379.3497622013,"standard_error":168127.74689060438},"slope":null,"std_dev":{"confidence_interval":{"confidence_level":0.95,"lower_bound":1149201.5003069944,"upper_bound":1491583.3445858508},"point_estimate":1329967.7084000055,"standard_error":89003.81790851554}}