{"mean":{"confidence_interval":{"confidence_level":0.95,"lower_bound":13746180192.5275,"upper_bound":14123519585.1},"point_estimate":13913651828.5,"standard_error":96779866.3258451},"median":{"confidence_interval":{"confidence_level":0.95,"lower_bound":13706010918.0,"upper_bound":13990194789.0},"point_estimate":13923206355.0,"standard_error":84393343.48534611},"median_abs_dev":{"confidence_interval":{"confidence_level":0.95,"lower_bound":19290093.431532383,"upper_bound":398359585.2941036},"point_estimate":209568641.97841287,"standard_error":103239078.16756971},"slope":null,"std_dev":{"confidence_interval":{"confidence_level":0.95,"lower_bound":114030136.45289691,"upper_bound":463239628.5818949},"point_estimate":322488365.18830764,"standard_error":103620323.30326661}}