{"mean":{"confidence_interval":{"confidence_level":0.95,"lower_bound":567477343.9875,"upper_bound":602853008.68},"point_estimate":584858709.8,"standard_error":9091187.92297348},"median":{"confidence_interval":{"confidence_level":0.95,"lower_bound":564831766.0,"upper_bound":615124587.0},"point_estimate":569308673.0,"standard_error":16911438.2809794},"median_abs_dev":{"confidence_interval":{"confidence_level":0.95,"lower_bound":1034208.3680391312,"upper_bound":43060334.15032625},"point_estimate":27205622.784903646,"standard_error":14340532.432154007},"slope":null,"std_dev":{"confidence_interval":{"confidence_level":0.95,"lower_bound":19056738.129015926,"upper_bound":36053799.784380555},"point_estimate":30182418.26769781,"standard_error":4379515.487254627}}