{"mean":{"confidence_interval":{"confidence_level":0.95,"lower_bound":399020008.0625,"upper_bound":411581636.3},"point_estimate":405495232.45,"standard_error":3220119.0351742487},"median":{"confidence_interval":{"confidence_level":0.95,"lower_bound":395880359.0,"upper_bound":413861283.5},"point_estimate":406269700.75,"standard_error":4961063.317070128},"median_abs_dev":{"confidence_interval":{"confidence_level":0.95,"lower_bound":276240.2509957552,"upper_bound":17796266.09890312},"point_estimate":11391984.627851844,"standard_error":4363753.680240084},"slope":null,"std_dev":{"confidence_interval":{"confidence_level":0.95,"lower_bound":6077926.228495836,"upper_bound":13166932.850047952},"point_estimate":10692352.478398673,"standard_error":1772210.669101463}}