{"mean":{"confidence_interval":{"confidence_level":0.95,"lower_bound":1539739774.8,"upper_bound":1599710556.1},"point_estimate":1568782676.4,"standard_error":15292234.74495879},"median":{"confidence_interval":{"confidence_level":0.95,"lower_bound":1529709226.0,"upper_bound":1615859101.0},"point_estimate":1567128273.5,"standard_error":19668133.747932147},"median_abs_dev":{"confidence_interval":{"confidence_level":0.95,"lower_bound":7210180.9332937,"upper_bound":95266533.98348093},"point_estimate":44228724.48768318,"standard_error":22249445.937295556},"slope":null,"std_dev":{"confidence_interval":{"confidence_level":0.95,"lower_bound":26575095.091508634,"upper_bound":63649301.19580754},"point_estimate":50874505.01604671,"standard_error":9451726.208743528}}