{"mean":{"confidence_interval":{"confidence_level":0.95,"lower_bound":0.05366781466319504,"upper_bound":0.05784552253237779},"point_estimate":0.05577228964805392,"standard_error":0.0010741497158047193},"median":{"confidence_interval":{"confidence_level":0.95,"lower_bound":0.05323195819718429,"upper_bound":0.058018935453507225},"point_estimate":0.05586075565406157,"standard_error":0.0011926212391502407}}