{"mean":{"confidence_interval":{"confidence_level":0.95,"lower_bound":219408637.12625,"upper_bound":222810778.375},"point_estimate":221058922.85,"standard_error":871980.031611804},"median":{"confidence_interval":{"confidence_level":0.95,"lower_bound":218895674.75,"upper_bound":223430649.0},"point_estimate":220593868.5,"standard_error":1256659.058092864},"median_abs_dev":{"confidence_interval":{"confidence_level":0.95,"lower_bound":590498.442466557,"upper_bound":4897656.706099212},"point_estimate":2762355.808058381,"standard_error":1129628.5581589031},"slope":null,"std_dev":{"confidence_interval":{"confidence_level":0.95,"lower_bound":1586387.7941660387,"upper_bound":3581428.196727375},"point_estimate":2914358.6878013914,"standard_error":495683.3857598216}}