{"mean":{"confidence_interval":{"confidence_level":0.95,"lower_bound":584049004.2,"upper_bound":604541156.8},"point_estimate":593925055.9,"standard_error":5260233.356097636},"median":{"confidence_interval":{"confidence_level":0.95,"lower_bound":583751803.0,"upper_bound":603863530.0},"point_estimate":590982718.5,"standard_error":5258083.813552565},"median_abs_dev":{"confidence_interval":{"confidence_level":0.95,"lower_bound":3531086.11831069,"upper_bound":29453769.926691055},"point_estimate":13839822.418794036,"standard_error":6564779.892008159},"slope":null,"std_dev":{"confidence_interval":{"confidence_level":0.95,"lower_bound":8027043.400408883,"upper_bound":23529251.00932187},"point_estimate":17534985.167477943,"standard_error":4057941.9371294915}}