{"mean":{"confidence_interval":{"confidence_level":0.95,"lower_bound":1330026697.8,"upper_bound":1333367393.2},"point_estimate":1331579497.9,"standard_error":860429.3085192348},"median":{"confidence_interval":{"confidence_level":0.95,"lower_bound":1329575253.0,"upper_bound":1333704719.5},"point_estimate":1330575623.0,"standard_error":1016251.5545714024},"median_abs_dev":{"confidence_interval":{"confidence_level":0.95,"lower_bound":384775.46466887,"upper_bound":4483836.737295985},"point_estimate":1722538.023018837,"standard_error":1080678.2371539257},"slope":null,"std_dev":{"confidence_interval":{"confidence_level":0.95,"lower_bound":1082921.6309184842,"upper_bound":3642695.698245774},"point_estimate":2866694.552987482,"standard_error":644695.6649136961}}