{"mean":{"confidence_interval":{"confidence_level":0.95,"lower_bound":8135028628.49,"upper_bound":8142231356.36},"point_estimate":8138396097.89,"standard_error":1850255.6959166285},"median":{"confidence_interval":{"confidence_level":0.95,"lower_bound":8136989988.0,"upper_bound":8140152852.075},"point_estimate":8138794741.5,"standard_error":897481.274072516},"median_abs_dev":{"confidence_interval":{"confidence_level":0.95,"lower_bound":7686703.3908337355,"upper_bound":12635929.001167417},"point_estimate":10394004.331469536,"standard_error":1236769.120512163},"slope":null,"std_dev":{"confidence_interval":{"confidence_level":0.95,"lower_bound":11538464.978069091,"upper_bound":26177632.52898293},"point_estimate":18522096.01819727,"standard_error":3918580.874549604}}