{"mean":{"confidence_interval":{"confidence_level":0.95,"lower_bound":10935239791.7,"upper_bound":11077947848.1},"point_estimate":11007013376.7,"standard_error":36570380.28512667},"median":{"confidence_interval":{"confidence_level":0.95,"lower_bound":10897932791.0,"upper_bound":11093378955.0},"point_estimate":11013141785.0,"standard_error":50560117.396651834},"median_abs_dev":{"confidence_interval":{"confidence_level":0.95,"lower_bound":25415979.32187617,"upper_bound":214278271.27870023},"point_estimate":131344896.40146196,"standard_error":45112222.61231282},"slope":null,"std_dev":{"confidence_interval":{"confidence_level":0.95,"lower_bound":68202380.34818135,"upper_bound":155382639.19535953},"point_estimate":121678361.04432161,"standard_error":22506973.59357358}}