{"mean":{"confidence_interval":{"confidence_level":0.95,"lower_bound":519982281.0,"upper_bound":520904053.7},"point_estimate":520414765.3,"standard_error":236329.45829106678},"median":{"confidence_interval":{"confidence_level":0.95,"lower_bound":519978649.5,"upper_bound":520724056.5},"point_estimate":520345427.0,"standard_error":149783.11604876674},"median_abs_dev":{"confidence_interval":{"confidence_level":0.95,"lower_bound":12301.131981611252,"upper_bound":1206055.2522457137},"point_estimate":290058.8240504265,"standard_error":326310.2622878209},"slope":null,"std_dev":{"confidence_interval":{"confidence_level":0.95,"lower_bound":269123.9691500307,"upper_bound":1104626.544275376},"point_estimate":787821.4401246079,"standard_error":219498.9295672384}}