{"mean":{"confidence_interval":{"confidence_level":0.95,"lower_bound":802864257.4475,"upper_bound":830118870.0300001},"point_estimate":816235471.6,"standard_error":6978350.7141190395},"median":{"confidence_interval":{"confidence_level":0.95,"lower_bound":799909446.5,"upper_bound":839052096.0},"point_estimate":807910319.0,"standard_error":11527899.753289076},"median_abs_dev":{"confidence_interval":{"confidence_level":0.95,"lower_bound":2642019.8398947716,"upper_bound":36920763.12092543},"point_estimate":22062136.54781878,"standard_error":10083373.015772603},"slope":null,"std_dev":{"confidence_interval":{"confidence_level":0.95,"lower_bound":13807472.169033622,"upper_bound":28034007.13221576},"point_estimate":23166424.933260825,"standard_error":3599069.42626881}}