{"mean":{"confidence_interval":{"confidence_level":0.95,"lower_bound":1654775888.7,"upper_bound":1668154411.05},"point_estimate":1661290088.1,"standard_error":3425458.2376269507},"median":{"confidence_interval":{"confidence_level":0.95,"lower_bound":1651186029.0,"upper_bound":1672568236.0},"point_estimate":1658303315.0,"standard_error":6365546.446647164},"median_abs_dev":{"confidence_interval":{"confidence_level":0.95,"lower_bound":1607999.0207523108,"upper_bound":18409644.76546347},"point_estimate":13575765.433081985,"standard_error":4570533.969177547},"slope":null,"std_dev":{"confidence_interval":{"confidence_level":0.95,"lower_bound":7030639.206741907,"upper_bound":13273898.908753173},"point_estimate":11415623.983392932,"standard_error":1573923.2178377863}}