{"mean":{"confidence_interval":{"confidence_level":0.95,"lower_bound":117195983.02,"upper_bound":117764581.02},"point_estimate":117480696.46,"standard_error":142521.18869180372},"median":{"confidence_interval":{"confidence_level":0.95,"lower_bound":117098936.0,"upper_bound":117694679.0},"point_estimate":117451400.5,"standard_error":145819.5016274782},"median_abs_dev":{"confidence_interval":{"confidence_level":0.95,"lower_bound":928136.4942222834,"upper_bound":1417146.1500406265},"point_estimate":1145657.6319605112,"standard_error":118934.43473131415},"slope":null,"std_dev":{"confidence_interval":{"confidence_level":0.95,"lower_bound":1110560.0492041633,"upper_bound":1636202.0466153817},"point_estimate":1361754.0662187657,"standard_error":134750.46795720668}}