{"mean":{"confidence_interval":{"confidence_level":0.95,"lower_bound":1725341397.18,"upper_bound":1759013027.3225},"point_estimate":1741644145.6,"standard_error":8622790.62957702},"median":{"confidence_interval":{"confidence_level":0.95,"lower_bound":1719157257.0,"upper_bound":1762788405.0},"point_estimate":1736756832.0,"standard_error":10056960.491405943},"median_abs_dev":{"confidence_interval":{"confidence_level":0.95,"lower_bound":3804322.6217597723,"upper_bound":47450616.60538316},"point_estimate":29261995.62009573,"standard_error":12188332.042381564},"slope":null,"std_dev":{"confidence_interval":{"confidence_level":0.95,"lower_bound":14768466.04574125,"upper_bound":37460209.667717144},"point_estimate":28715170.480083313,"standard_error":5938600.390601485}}