{"mean":{"confidence_interval":{"confidence_level":0.95,"lower_bound":807816952.5949999,"upper_bound":813970730.51},"point_estimate":810875139.2,"standard_error":1583963.388119071},"median":{"confidence_interval":{"confidence_level":0.95,"lower_bound":805427958.0,"upper_bound":815884354.0},"point_estimate":811290630.0,"standard_error":2857773.1562295104},"median_abs_dev":{"confidence_interval":{"confidence_level":0.95,"lower_bound":808643.3841437101,"upper_bound":8837285.47860682},"point_estimate":8013290.513035655,"standard_error":2385156.581839916},"slope":null,"std_dev":{"confidence_interval":{"confidence_level":0.95,"lower_bound":3375882.732490668,"upper_bound":6162076.15680056},"point_estimate":5270564.783235048,"standard_error":705309.8620844292}}