{"mean":{"confidence_interval":{"confidence_level":0.95,"lower_bound":702656598.4399999,"upper_bound":708185341.0675},"point_estimate":705345240.1,"standard_error":1415244.5157863707},"median":{"confidence_interval":{"confidence_level":0.95,"lower_bound":701562327.0,"upper_bound":708727902.5},"point_estimate":704778168.0,"standard_error":1790532.2178107272},"median_abs_dev":{"confidence_interval":{"confidence_level":0.95,"lower_bound":973335.7783198357,"upper_bound":8040992.893543839},"point_estimate":4209578.722465038,"standard_error":1774325.2224632143},"slope":null,"std_dev":{"confidence_interval":{"confidence_level":0.95,"lower_bound":2528742.2598125665,"upper_bound":5977645.198531947},"point_estimate":4716052.344134338,"standard_error":881774.2157239373}}