{"mean":{"confidence_interval":{"confidence_level":0.95,"lower_bound":2534331442.3,"upper_bound":2555556690.5},"point_estimate":2545614669.2,"standard_error":5425771.471054005},"median":{"confidence_interval":{"confidence_level":0.95,"lower_bound":2521640188.0,"upper_bound":2558470812.5},"point_estimate":2554349296.5,"standard_error":8628907.299495367},"median_abs_dev":{"confidence_interval":{"confidence_level":0.95,"lower_bound":1277803.9915144444,"upper_bound":27359190.490177274},"point_estimate":7920991.2516742945,"standard_error":6931795.073372611},"slope":null,"std_dev":{"confidence_interval":{"confidence_level":0.95,"lower_bound":4794561.188620093,"upper_bound":20883091.90869667},"point_estimate":18143663.407207064,"standard_error":3293365.711322539}}