{"mean":{"confidence_interval":{"confidence_level":0.95,"lower_bound":93615636889.8,"upper_bound":93978891686.9},"point_estimate":93793108999.4,"standard_error":93365809.31063579},"median":{"confidence_interval":{"confidence_level":0.95,"lower_bound":93524762687.0,"upper_bound":94051972861.5},"point_estimate":93749002386.5,"standard_error":140222601.88017252},"median_abs_dev":{"confidence_interval":{"confidence_level":0.95,"lower_bound":34374123.38513732,"upper_bound":526391866.32027626},"point_estimate":300008780.79417944,"standard_error":122871224.33468765},"slope":null,"std_dev":{"confidence_interval":{"confidence_level":0.95,"lower_bound":177591528.55578157,"upper_bound":381057821.06659514},"point_estimate":311512016.0493523,"standard_error":51745340.37485165}}