{"mean":{"confidence_interval":{"confidence_level":0.95,"lower_bound":5564791523.3,"upper_bound":5572054058.9},"point_estimate":5568404907.9,"standard_error":1861984.5105677182},"median":{"confidence_interval":{"confidence_level":0.95,"lower_bound":5562460116.0,"upper_bound":5574370024.0},"point_estimate":5568101875.0,"standard_error":4063387.536474168},"median_abs_dev":{"confidence_interval":{"confidence_level":0.95,"lower_bound":891582.9918712378,"upper_bound":9263062.986847758},"point_estimate":8008586.223319173,"standard_error":2506763.967533039},"slope":null,"std_dev":{"confidence_interval":{"confidence_level":0.95,"lower_bound":4284728.064852055,"upper_bound":6951184.0509992195},"point_estimate":6195033.857580807,"standard_error":685716.4411042001}}