{"mean":{"confidence_interval":{"confidence_level":0.95,"lower_bound":568002465.7925,"upper_bound":602461569.7},"point_estimate":584771325.6,"standard_error":8774381.382536573},"median":{"confidence_interval":{"confidence_level":0.95,"lower_bound":564903630.0,"upper_bound":604297345.0},"point_estimate":582782915.0,"standard_error":8583753.402518239},"median_abs_dev":{"confidence_interval":{"confidence_level":0.95,"lower_bound":2630308.7827026844,"upper_bound":50333426.248303056},"point_estimate":25899063.766899705,"standard_error":13780585.230724938},"slope":null,"std_dev":{"confidence_interval":{"confidence_level":0.95,"lower_bound":14563965.866807958,"upper_bound":38536173.04590325},"point_estimate":29306784.256208878,"standard_error":6158217.042867462}}