{"mean":{"confidence_interval":{"confidence_level":0.95,"lower_bound":0.04104146909043175,"upper_bound":0.04571161996156635},"point_estimate":0.0432645785875303,"standard_error":0.0011784520610297936},"median":{"confidence_interval":{"confidence_level":0.95,"lower_bound":0.04041199757647518,"upper_bound":0.04693197028792384},"point_estimate":0.04176909910809079,"standard_error":0.0013795524474771136}}