{"mean":{"confidence_interval":{"confidence_level":0.95,"lower_bound":224882197.92499998,"upper_bound":235107621.1},"point_estimate":229322825.45,"standard_error":2645957.947096762},"median":{"confidence_interval":{"confidence_level":0.95,"lower_bound":223858860.75,"upper_bound":234122293.0},"point_estimate":225703184.25,"standard_error":2639021.329669015},"median_abs_dev":{"confidence_interval":{"confidence_level":0.95,"lower_bound":759220.9140211344,"upper_bound":12035505.663827062},"point_estimate":4693273.998677731,"standard_error":2832309.4652178446},"slope":null,"std_dev":{"confidence_interval":{"confidence_level":0.95,"lower_bound":2865250.1241276916,"upper_bound":12587952.669916766},"point_estimate":8830171.056907201,"standard_error":2838081.0007803584}}