{"mean":{"confidence_interval":{"confidence_level":0.95,"lower_bound":1795320294.0149999,"upper_bound":1828017991.245},"point_estimate":1812934165.6,"standard_error":8402711.426844921},"median":{"confidence_interval":{"confidence_level":0.95,"lower_bound":1793290703.0,"upper_bound":1828880551.0},"point_estimate":1822165443.0,"standard_error":7755297.059606191},"median_abs_dev":{"confidence_interval":{"confidence_level":0.95,"lower_bound":1529358.2116484642,"upper_bound":45250120.968049765},"point_estimate":15365782.511302829,"standard_error":10924496.166898575},"slope":null,"std_dev":{"confidence_interval":{"confidence_level":0.95,"lower_bound":8874458.538285548,"upper_bound":37248036.829567574},"point_estimate":28122727.162921842,"standard_error":7098294.1752293985}}