{"mean":{"confidence_interval":{"confidence_level":0.95,"lower_bound":1737989565.3,"upper_bound":1778960133.3},"point_estimate":1757938349.6,"standard_error":10497775.991040615},"median":{"confidence_interval":{"confidence_level":0.95,"lower_bound":1729431723.5,"upper_bound":1786253847.5},"point_estimate":1755236773.0,"standard_error":12539555.28179629},"median_abs_dev":{"confidence_interval":{"confidence_level":0.95,"lower_bound":7599869.734275341,"upper_bound":67258791.99561775},"point_estimate":29201295.753273368,"standard_error":15404283.900410866},"slope":null,"std_dev":{"confidence_interval":{"confidence_level":0.95,"lower_bound":18587252.589599438,"upper_bound":43710075.25400994},"point_estimate":34832545.533034116,"standard_error":6389158.53242398}}