{"mean":{"confidence_interval":{"confidence_level":0.95,"lower_bound":39475894.66,"upper_bound":39551558.23},"point_estimate":39514231.42,"standard_error":19453.985150127348},"median":{"confidence_interval":{"confidence_level":0.95,"lower_bound":39486493.0,"upper_bound":39551892.5},"point_estimate":39520347.5,"standard_error":16077.28616909762},"median_abs_dev":{"confidence_interval":{"confidence_level":0.95,"lower_bound":108851.00746750832,"upper_bound":202283.38292375198},"point_estimate":153633.68097245693,"standard_error":23039.970522481737},"slope":null,"std_dev":{"confidence_interval":{"confidence_level":0.95,"lower_bound":167297.20332225395,"upper_bound":221853.62853368316},"point_estimate":196494.8164661456,"standard_error":13767.903955230662}}