{"mean":{"confidence_interval":{"confidence_level":0.95,"lower_bound":6343309928.2,"upper_bound":6372745957.135},"point_estimate":6358203005.8,"standard_error":7525773.689520797},"median":{"confidence_interval":{"confidence_level":0.95,"lower_bound":6338492812.0,"upper_bound":6385653724.0},"point_estimate":6358037936.0,"standard_error":10956528.622489367},"median_abs_dev":{"confidence_interval":{"confidence_level":0.95,"lower_bound":5230854.370933771,"upper_bound":43556302.389121056},"point_estimate":34653068.63978505,"standard_error":10720964.426057698},"slope":null,"std_dev":{"confidence_interval":{"confidence_level":0.95,"lower_bound":15106463.784611883,"upper_bound":30511846.867387068},"point_estimate":25063187.783097994,"standard_error":3946159.556219189}}