{"mean":{"confidence_interval":{"confidence_level":0.95,"lower_bound":13696695873.1525,"upper_bound":13827211532.515},"point_estimate":13764492921.1,"standard_error":33561885.641758546},"median":{"confidence_interval":{"confidence_level":0.95,"lower_bound":13681181281.5,"upper_bound":13866636046.0},"point_estimate":13756235495.0,"standard_error":45434369.82569396},"median_abs_dev":{"confidence_interval":{"confidence_level":0.95,"lower_bound":15403518.387132883,"upper_bound":187281698.05528522},"point_estimate":141988304.4418037,"standard_error":50743505.07854151},"slope":null,"std_dev":{"confidence_interval":{"confidence_level":0.95,"lower_bound":60034171.30776237,"upper_bound":140598647.31823072},"point_estimate":111772997.61528277,"standard_error":20889856.043213885}}