{"mean":{"confidence_interval":{"confidence_level":0.95,"lower_bound":5232280501.52,"upper_bound":5237399603.2},"point_estimate":5234279109.13,"standard_error":1369922.6403129282},"median":{"confidence_interval":{"confidence_level":0.95,"lower_bound":5231769086.5,"upper_bound":5233749863.0},"point_estimate":5232892853.5,"standard_error":590526.2652858829},"median_abs_dev":{"confidence_interval":{"confidence_level":0.95,"lower_bound":3431107.730385661,"upper_bound":5865539.852365851},"point_estimate":4644362.284246087,"standard_error":614241.592772723},"slope":null,"std_dev":{"confidence_interval":{"confidence_level":0.95,"lower_bound":4273012.49751711,"upper_bound":22642814.907060463},"point_estimate":13740767.334426265,"standard_error":6213340.4920503665}}