{"mean":{"confidence_interval":{"confidence_level":0.95,"lower_bound":-0.031102468742209895,"upper_bound":0.00587527854638517},"point_estimate":-0.011339260543991259,"standard_error":0.009425206909161222},"median":{"confidence_interval":{"confidence_level":0.95,"lower_bound":-0.040679849639671306,"upper_bound":0.020317568821490273},"point_estimate":-0.004206677699821526,"standard_error":0.01621708353677071}}