{"mean":{"confidence_interval":{"confidence_level":0.95,"lower_bound":265057799.5,"upper_bound":265585292.22125},"point_estimate":265287155.35,"standard_error":136861.62807340425},"median":{"confidence_interval":{"confidence_level":0.95,"lower_bound":264966303.0,"upper_bound":265462067.5},"point_estimate":265151537.0,"standard_error":119344.9785205427},"median_abs_dev":{"confidence_interval":{"confidence_level":0.95,"lower_bound":61417.07455962896,"upper_bound":564879.8562213778},"point_estimate":295614.867451787,"standard_error":127539.66154890295},"slope":null,"std_dev":{"confidence_interval":{"confidence_level":0.95,"lower_bound":148544.70907173288,"upper_bound":652918.4692496624},"point_estimate":456102.98035221105,"standard_error":148920.05390618258}}