{"mean":{"confidence_interval":{"confidence_level":0.95,"lower_bound":1383449616.9725,"upper_bound":1412794890.6},"point_estimate":1397650132.9,"standard_error":7517660.328573559},"median":{"confidence_interval":{"confidence_level":0.95,"lower_bound":1376824060.0,"upper_bound":1418229354.5},"point_estimate":1396209215.5,"standard_error":9115665.040909626},"median_abs_dev":{"confidence_interval":{"confidence_level":0.95,"lower_bound":5189538.016167283,"upper_bound":47007063.4647578},"point_estimate":20411329.67672646,"standard_error":10379205.198748875},"slope":null,"std_dev":{"confidence_interval":{"confidence_level":0.95,"lower_bound":12805076.233243173,"upper_bound":31486779.464987863},"point_estimate":25056007.01326994,"standard_error":4744175.708886359}}