{"mean":{"confidence_interval":{"confidence_level":0.95,"lower_bound":812053392.155,"upper_bound":831865131.845},"point_estimate":822428741.6,"standard_error":5084270.798161024},"median":{"confidence_interval":{"confidence_level":0.95,"lower_bound":809473319.0,"upper_bound":837054709.0},"point_estimate":825058261.5,"standard_error":8143802.932102636},"median_abs_dev":{"confidence_interval":{"confidence_level":0.95,"lower_bound":263720.43551802635,"upper_bound":29266536.08251512},"point_estimate":17846423.567962646,"standard_error":7494030.956345774},"slope":null,"std_dev":{"confidence_interval":{"confidence_level":0.95,"lower_bound":9196448.59415461,"upper_bound":21639237.15022573},"point_estimate":16987245.48916373,"standard_error":3298797.0382767557}}