{"mean":{"confidence_interval":{"confidence_level":0.95,"lower_bound":215263353.0716667,"upper_bound":217943787.5},"point_estimate":216571718.03333336,"standard_error":689687.9490507331},"median":{"confidence_interval":{"confidence_level":0.95,"lower_bound":214554462.0,"upper_bound":218771678.33333334},"point_estimate":216379570.6666667,"standard_error":1023281.2632451094},"median_abs_dev":{"confidence_interval":{"confidence_level":0.95,"lower_bound":551332.7225118802,"upper_bound":3932921.3666767175},"point_estimate":3092545.401096381,"standard_error":915274.2360542461},"slope":null,"std_dev":{"confidence_interval":{"confidence_level":0.95,"lower_bound":1321003.135920158,"upper_bound":2756832.4029221297},"point_estimate":2291915.006973565,"standard_error":356046.4309257808}}