{"mean":{"confidence_interval":{"confidence_level":0.95,"lower_bound":699921529.48,"upper_bound":700430458.09},"point_estimate":700168085.88,"standard_error":129403.26637159595},"median":{"confidence_interval":{"confidence_level":0.95,"lower_bound":699993472.0,"upper_bound":700506665.0},"point_estimate":700295937.5,"standard_error":109359.52139122941},"median_abs_dev":{"confidence_interval":{"confidence_level":0.95,"lower_bound":747833.804923296,"upper_bound":1404669.3299621344},"point_estimate":1046958.727812767,"standard_error":169316.32095339123},"slope":null,"std_dev":{"confidence_interval":{"confidence_level":0.95,"lower_bound":1069145.4580769227,"upper_bound":1484008.0763239863},"point_estimate":1278226.9147630366,"standard_error":103464.45107393527}}