{"mean":{"confidence_interval":{"confidence_level":0.95,"lower_bound":72631223.09,"upper_bound":73208169.66},"point_estimate":72913692.47,"standard_error":146751.67814861485},"median":{"confidence_interval":{"confidence_level":0.95,"lower_bound":72402771.5,"upper_bound":73453092.0},"point_estimate":72844122.0,"standard_error":256361.96794478854},"median_abs_dev":{"confidence_interval":{"confidence_level":0.95,"lower_bound":1263497.6430684328,"upper_bound":1912181.0921519995},"point_estimate":1658623.138153553,"standard_error":154530.65000886004},"slope":null,"std_dev":{"confidence_interval":{"confidence_level":0.95,"lower_bound":1273608.5881218074,"upper_bound":1685637.910144105},"point_estimate":1490004.4122526867,"standard_error":103101.36710663389}}