{"mean":{"confidence_interval":{"confidence_level":0.95,"lower_bound":694546811.1782501,"upper_bound":695223466.18},"point_estimate":694893941.63,"standard_error":172849.54444545342},"median":{"confidence_interval":{"confidence_level":0.95,"lower_bound":694450138.0,"upper_bound":695117383.5},"point_estimate":694917952.5,"standard_error":217651.45112362425},"median_abs_dev":{"confidence_interval":{"confidence_level":0.95,"lower_bound":1086839.9258047342,"upper_bound":1814161.960092187},"point_estimate":1382866.9560492039,"standard_error":197670.5597761093},"slope":null,"std_dev":{"confidence_interval":{"confidence_level":0.95,"lower_bound":1409021.26457708,"upper_bound":2156645.021399977},"point_estimate":1801511.7692815363,"standard_error":193377.487740677}}