{"mean":{"confidence_interval":{"confidence_level":0.95,"lower_bound":22189631151.795,"upper_bound":22269230406.760002},"point_estimate":22232261598.9,"standard_error":20519705.444387045},"median":{"confidence_interval":{"confidence_level":0.95,"lower_bound":22185614477.0,"upper_bound":22268451363.5},"point_estimate":22250953867.0,"standard_error":17911376.772644617},"median_abs_dev":{"confidence_interval":{"confidence_level":0.95,"lower_bound":3804467.175257206,"upper_bound":112810009.74452198},"point_estimate":34230606.22508526,"standard_error":27151963.573110275},"slope":null,"std_dev":{"confidence_interval":{"confidence_level":0.95,"lower_bound":21907471.137689568,"upper_bound":89195878.11815132},"point_estimate":68056286.97223243,"standard_error":16680566.980603166}}