{"mean":{"confidence_interval":{"confidence_level":0.95,"lower_bound":1385882480.8174999,"upper_bound":1420749695.3925},"point_estimate":1403649211.3,"standard_error":8925222.902296541},"median":{"confidence_interval":{"confidence_level":0.95,"lower_bound":1385656278.0,"upper_bound":1423649910.5},"point_estimate":1403348752.5,"standard_error":8992992.93856983},"median_abs_dev":{"confidence_interval":{"confidence_level":0.95,"lower_bound":4158407.5256735086,"upper_bound":52192443.5292989},"point_estimate":20599562.793284655,"standard_error":12142725.808383474},"slope":null,"std_dev":{"confidence_interval":{"confidence_level":0.95,"lower_bound":14260989.850504631,"upper_bound":39565774.300324254},"point_estimate":29819248.56389744,"standard_error":6417030.036864395}}