{"mean":{"confidence_interval":{"confidence_level":0.95,"lower_bound":810216677.7,"upper_bound":812944212.4},"point_estimate":811571728.3,"standard_error":697352.2047121977},"median":{"confidence_interval":{"confidence_level":0.95,"lower_bound":809777150.5,"upper_bound":813109287.0},"point_estimate":811689987.0,"standard_error":798148.5874072874},"median_abs_dev":{"confidence_interval":{"confidence_level":0.95,"lower_bound":379551.52366161346,"upper_bound":4132594.7188317776},"point_estimate":2295207.8301519156,"standard_error":974555.3014202655},"slope":null,"std_dev":{"confidence_interval":{"confidence_level":0.95,"lower_bound":1262393.9294397398,"upper_bound":2991896.736989024},"point_estimate":2320766.3380782483,"standard_error":447720.9153139474}}