{"mean":{"confidence_interval":{"confidence_level":0.95,"lower_bound":1662788892.395,"upper_bound":1667111007.8},"point_estimate":1664935732.4,"standard_error":1109082.0200740802},"median":{"confidence_interval":{"confidence_level":0.95,"lower_bound":1660785436.0,"upper_bound":1668119551.0},"point_estimate":1665268385.5,"standard_error":1769122.80805562},"median_abs_dev":{"confidence_interval":{"confidence_level":0.95,"lower_bound":353392.52972602844,"upper_bound":6646420.810702443},"point_estimate":4352485.051327944,"standard_error":1520571.3398732997},"slope":null,"std_dev":{"confidence_interval":{"confidence_level":0.95,"lower_bound":2247393.5912464545,"upper_bound":4503957.439981422},"point_estimate":3691658.3679070366,"standard_error":581036.4386256378}}