{"mean":{"confidence_interval":{"confidence_level":0.95,"lower_bound":8291376352.4675,"upper_bound":8305391216.6},"point_estimate":8298042723.8,"standard_error":3592683.080973364},"median":{"confidence_interval":{"confidence_level":0.95,"lower_bound":8286584351.0,"upper_bound":8305416647.5},"point_estimate":8297419650.0,"standard_error":4723094.208710904},"median_abs_dev":{"confidence_interval":{"confidence_level":0.95,"lower_bound":3043269.214171171,"upper_bound":20709322.634536028},"point_estimate":13109797.604754567,"standard_error":4455759.534993028},"slope":null,"std_dev":{"confidence_interval":{"confidence_level":0.95,"lower_bound":6362850.852290174,"upper_bound":15584816.307612548},"point_estimate":11959432.899698285,"standard_error":2497541.928363712}}