{"mean":{"confidence_interval":{"confidence_level":0.95,"lower_bound":170957986.53,"upper_bound":171502741.47},"point_estimate":171213931.2,"standard_error":138055.64920666398},"median":{"confidence_interval":{"confidence_level":0.95,"lower_bound":170770900.0,"upper_bound":171585873.5},"point_estimate":171225687.0,"standard_error":187479.39433403697},"median_abs_dev":{"confidence_interval":{"confidence_level":0.95,"lower_bound":997522.1729904413,"upper_bound":1546902.5584369898},"point_estimate":1326870.6376433372,"standard_error":136711.44670640802},"slope":null,"std_dev":{"confidence_interval":{"confidence_level":0.95,"lower_bound":1129139.487265089,"upper_bound":1657097.8829268424},"point_estimate":1385718.1071718666,"standard_error":135114.7940459414}}