{"mean":{"confidence_interval":{"confidence_level":0.95,"lower_bound":414505614.3,"upper_bound":415017437.95},"point_estimate":414755637.25,"standard_error":130431.57657878043},"median":{"confidence_interval":{"confidence_level":0.95,"lower_bound":414501679.75,"upper_bound":414967989.5},"point_estimate":414774820.0,"standard_error":108183.77427064064},"median_abs_dev":{"confidence_interval":{"confidence_level":0.95,"lower_bound":39326.33495181799,"upper_bound":735784.3442872167},"point_estimate":314128.8346230984,"standard_error":178091.50488233063},"slope":null,"std_dev":{"confidence_interval":{"confidence_level":0.95,"lower_bound":171516.19208737768,"upper_bound":593886.6097430385},"point_estimate":432235.84895930305,"standard_error":105654.3738471545}}