{"mean":{"confidence_interval":{"confidence_level":0.95,"lower_bound":123565034.39,"upper_bound":124059191.14},"point_estimate":123812901.22,"standard_error":128927.35701131925},"median":{"confidence_interval":{"confidence_level":0.95,"lower_bound":123469994.0,"upper_bound":124258108.0},"point_estimate":123880531.5,"standard_error":192565.0302207254},"median_abs_dev":{"confidence_interval":{"confidence_level":0.95,"lower_bound":963106.5798014402,"upper_bound":1644801.5998989344},"point_estimate":1251021.5642899275,"standard_error":167493.67355484466},"slope":null,"std_dev":{"confidence_interval":{"confidence_level":0.95,"lower_bound":1122306.0288717633,"upper_bound":1472536.1143812854},"point_estimate":1299615.1329300066,"standard_error":91405.40724307139}}