{"mean":{"confidence_interval":{"confidence_level":0.95,"lower_bound":495364054.3775,"upper_bound":512763617.5},"point_estimate":503901241.3,"standard_error":4477596.988249464},"median":{"confidence_interval":{"confidence_level":0.95,"lower_bound":491201921.0,"upper_bound":516420167.5},"point_estimate":501823939.5,"standard_error":7358640.48525417},"median_abs_dev":{"confidence_interval":{"confidence_level":0.95,"lower_bound":3773092.3946142197,"upper_bound":24058209.818181396},"point_estimate":17787000.21971762,"standard_error":5279222.616502203},"slope":null,"std_dev":{"confidence_interval":{"confidence_level":0.95,"lower_bound":9125806.529085549,"upper_bound":18189868.313002978},"point_estimate":14887192.128421666,"standard_error":2327359.4867780423}}