{"mean":{"confidence_interval":{"confidence_level":0.95,"lower_bound":824298265.0675,"upper_bound":870565399.3},"point_estimate":848091795.1,"standard_error":11850861.433560628},"median":{"confidence_interval":{"confidence_level":0.95,"lower_bound":815033248.0,"upper_bound":884696657.5},"point_estimate":848887473.5,"standard_error":17044692.123928554},"median_abs_dev":{"confidence_interval":{"confidence_level":0.95,"lower_bound":11300154.609382153,"upper_bound":71199363.33105862},"point_estimate":41790540.64646959,"standard_error":16177119.586129364},"slope":null,"std_dev":{"confidence_interval":{"confidence_level":0.95,"lower_bound":21922152.842637938,"upper_bound":48474883.05187476},"point_estimate":39382316.25732291,"standard_error":6768514.703493485}}