{"mean":{"confidence_interval":{"confidence_level":0.95,"lower_bound":492438645.06624997,"upper_bound":493994224.6},"point_estimate":493201366.85,"standard_error":399408.88717743964},"median":{"confidence_interval":{"confidence_level":0.95,"lower_bound":491946709.5,"upper_bound":494597959.0},"point_estimate":492717810.75,"standard_error":807180.4576539499},"median_abs_dev":{"confidence_interval":{"confidence_level":0.95,"lower_bound":217914.02673125267,"upper_bound":2044377.4894550443},"point_estimate":1459183.7896943092,"standard_error":522708.06114259554},"slope":null,"std_dev":{"confidence_interval":{"confidence_level":0.95,"lower_bound":871060.3971663158,"upper_bound":1507204.1056196992},"point_estimate":1337213.7665987322,"standard_error":161869.38344410204}}