{"mean":{"confidence_interval":{"confidence_level":0.95,"lower_bound":27418669053.2,"upper_bound":27443586005.0},"point_estimate":27430764748.4,"standard_error":6412136.704365173},"median":{"confidence_interval":{"confidence_level":0.95,"lower_bound":27410944675.0,"upper_bound":27450138263.0},"point_estimate":27428466760.0,"standard_error":9785746.677964108},"median_abs_dev":{"confidence_interval":{"confidence_level":0.95,"lower_bound":4724387.100425363,"upper_bound":35890155.98822236},"point_estimate":23832329.781791568,"standard_error":8166405.876250451},"slope":null,"std_dev":{"confidence_interval":{"confidence_level":0.95,"lower_bound":12232395.484652754,"upper_bound":26155299.01444114},"point_estimate":21357520.04966867,"standard_error":3552067.458541753}}