{"mean":{"confidence_interval":{"confidence_level":0.95,"lower_bound":2612282979.38,"upper_bound":2704387152.75},"point_estimate":2659522614.1,"standard_error":23533114.82858443},"median":{"confidence_interval":{"confidence_level":0.95,"lower_bound":2611188155.5,"upper_bound":2719923945.0},"point_estimate":2661356910.0,"standard_error":29181338.87674991},"median_abs_dev":{"confidence_interval":{"confidence_level":0.95,"lower_bound":21951758.462378383,"upper_bound":135910411.05390787},"point_estimate":77126847.69292474,"standard_error":27831006.39889957},"slope":null,"std_dev":{"confidence_interval":{"confidence_level":0.95,"lower_bound":41548296.269534566,"upper_bound":102482053.41788107},"point_estimate":78260373.36801259,"standard_error":16021500.586870145}}