{"mean":{"confidence_interval":{"confidence_level":0.95,"lower_bound":373393310.45,"upper_bound":386110256.53},"point_estimate":379592751.75,"standard_error":3246540.655689579},"median":{"confidence_interval":{"confidence_level":0.95,"lower_bound":370569044.5,"upper_bound":389750526.0},"point_estimate":377598521.5,"standard_error":5172297.96605063},"median_abs_dev":{"confidence_interval":{"confidence_level":0.95,"lower_bound":2765360.2969050407,"upper_bound":17876417.30673015},"point_estimate":11620446.982745826,"standard_error":3869954.011124997},"slope":null,"std_dev":{"confidence_interval":{"confidence_level":0.95,"lower_bound":6468677.337041346,"upper_bound":13086011.722291328},"point_estimate":10752535.325354803,"standard_error":1678598.9817481919}}