{"mean":{"confidence_interval":{"confidence_level":0.95,"lower_bound":2131349620.7,"upper_bound":2137502097.4975},"point_estimate":2134448219.8,"standard_error":1571524.5941856434},"median":{"confidence_interval":{"confidence_level":0.95,"lower_bound":2128568941.0,"upper_bound":2139610893.0},"point_estimate":2134874439.0,"standard_error":2370518.82597165},"median_abs_dev":{"confidence_interval":{"confidence_level":0.95,"lower_bound":664478.3279031515,"upper_bound":9323563.44397366},"point_estimate":8155783.937805891,"standard_error":2577777.128779043},"slope":null,"std_dev":{"confidence_interval":{"confidence_level":0.95,"lower_bound":3164237.900920533,"upper_bound":6285403.888205683},"point_estimate":5259501.991571208,"standard_error":785772.6226280112}}