{"mean":{"confidence_interval":{"confidence_level":0.95,"lower_bound":0.01423630771643525,"upper_bound":0.044244076684913654},"point_estimate":0.028460013700382536,"standard_error":0.007693525444015002},"median":{"confidence_interval":{"confidence_level":0.95,"lower_bound":0.0060308003898825735,"upper_bound":0.058727661281574584},"point_estimate":0.024925817337349,"standard_error":0.014765524905228287}}