{"mean":{"confidence_interval":{"confidence_level":0.95,"lower_bound":-0.030307723279226793,"upper_bound":-0.021713754885116576},"point_estimate":-0.025846517935309787,"standard_error":0.0022015588612990873},"median":{"confidence_interval":{"confidence_level":0.95,"lower_bound":-0.03209314317690104,"upper_bound":-0.020294662466900815},"point_estimate":-0.023031587446375013,"standard_error":0.0028788939876259433}}