{"mean":{"confidence_interval":{"confidence_level":0.95,"lower_bound":552651383.0,"upper_bound":583873535.275},"point_estimate":567887844.2,"standard_error":8000237.13337812},"median":{"confidence_interval":{"confidence_level":0.95,"lower_bound":541709517.0,"upper_bound":594270084.5},"point_estimate":564577214.0,"standard_error":11874641.281790419},"median_abs_dev":{"confidence_interval":{"confidence_level":0.95,"lower_bound":2732010.6930971146,"upper_bound":48284893.401771784},"point_estimate":29922648.84006679,"standard_error":10766237.876105584},"slope":null,"std_dev":{"confidence_interval":{"confidence_level":0.95,"lower_bound":15239094.05753385,"upper_bound":32439762.024914026},"point_estimate":26619973.008635968,"standard_error":4379683.542118016}}