{"mean":{"confidence_interval":{"confidence_level":0.95,"lower_bound":54908328.95,"upper_bound":55465311.172},"point_estimate":55181071.07,"standard_error":141506.52534087872},"median":{"confidence_interval":{"confidence_level":0.95,"lower_bound":54948837.5,"upper_bound":55628117.0},"point_estimate":55217585.5,"standard_error":152647.77528084168},"median_abs_dev":{"confidence_interval":{"confidence_level":0.95,"lower_bound":1027877.6661515236,"upper_bound":1786392.862585187},"point_estimate":1328740.196210146,"standard_error":188424.4878540598},"slope":null,"std_dev":{"confidence_interval":{"confidence_level":0.95,"lower_bound":1244850.0710874062,"upper_bound":1617067.6016102976},"point_estimate":1442633.1254835199,"standard_error":94093.38240453144}}