{"mean":{"confidence_interval":{"confidence_level":0.95,"lower_bound":56785620.68,"upper_bound":57230579.16},"point_estimate":57012456.58,"standard_error":114847.08233513276},"median":{"confidence_interval":{"confidence_level":0.95,"lower_bound":56631703.0,"upper_bound":57093600.5},"point_estimate":56857592.0,"standard_error":111447.42723791879},"median_abs_dev":{"confidence_interval":{"confidence_level":0.95,"lower_bound":708307.6896250248,"upper_bound":1345303.0618160963},"point_estimate":1039081.6741526127,"standard_error":152647.5951813676},"slope":null,"std_dev":{"confidence_interval":{"confidence_level":0.95,"lower_bound":985448.0041415412,"upper_bound":1315384.998564915},"point_estimate":1159249.8295786132,"standard_error":83936.15716129483}}