{"mean":{"confidence_interval":{"confidence_level":0.95,"lower_bound":606260734.9,"upper_bound":631520044.2574999},"point_estimate":618577960.5,"standard_error":6466338.793419928},"median":{"confidence_interval":{"confidence_level":0.95,"lower_bound":604454717.5,"upper_bound":638161144.0},"point_estimate":609973973.0,"standard_error":10269347.71670631},"median_abs_dev":{"confidence_interval":{"confidence_level":0.95,"lower_bound":2627969.2399442196,"upper_bound":34275478.595888615},"point_estimate":21032334.46690142,"standard_error":10137806.411770646},"slope":null,"std_dev":{"confidence_interval":{"confidence_level":0.95,"lower_bound":12806677.743894292,"upper_bound":26736218.084455445},"point_estimate":21531631.544135,"standard_error":3596026.0315178614}}