{"mean":{"confidence_interval":{"confidence_level":0.95,"lower_bound":3662629606.6,"upper_bound":3733236789.8224998},"point_estimate":3702150487.3,"standard_error":18273221.514440656},"median":{"confidence_interval":{"confidence_level":0.95,"lower_bound":3671203267.0,"upper_bound":3740398963.5},"point_estimate":3715980320.0,"standard_error":16904715.334482625},"median_abs_dev":{"confidence_interval":{"confidence_level":0.95,"lower_bound":8481971.499314904,"upper_bound":79410771.45467699},"point_estimate":40698496.79475725,"standard_error":19207492.666742876},"slope":null,"std_dev":{"confidence_interval":{"confidence_level":0.95,"lower_bound":21721725.59811772,"upper_bound":86054951.5302988},"point_estimate":60925082.98195029,"standard_error":18808998.333183333}}