{"mean":{"confidence_interval":{"confidence_level":0.95,"lower_bound":803521301.2,"upper_bound":806751362.1425},"point_estimate":805184673.0,"standard_error":827683.5080351384},"median":{"confidence_interval":{"confidence_level":0.95,"lower_bound":803072645.0,"upper_bound":807712544.0},"point_estimate":804915806.0,"standard_error":1313359.749220749},"median_abs_dev":{"confidence_interval":{"confidence_level":0.95,"lower_bound":185891.34989976883,"upper_bound":5113779.381412268},"point_estimate":4033056.6630989313,"standard_error":1318770.5918996928},"slope":null,"std_dev":{"confidence_interval":{"confidence_level":0.95,"lower_bound":1607849.176640806,"upper_bound":3469325.8190296283},"point_estimate":2762382.553693339,"standard_error":493830.4318317295}}