{"mean":{"confidence_interval":{"confidence_level":0.95,"lower_bound":3181795905.4,"upper_bound":3187135014.0},"point_estimate":3184537058.8,"standard_error":1360694.8873710567},"median":{"confidence_interval":{"confidence_level":0.95,"lower_bound":3181732443.0,"upper_bound":3188013669.0},"point_estimate":3184643386.0,"standard_error":1643951.449675915},"median_abs_dev":{"confidence_interval":{"confidence_level":0.95,"lower_bound":936233.713978529,"upper_bound":7861584.953328967},"point_estimate":4335527.814128995,"standard_error":1661675.5579332241},"slope":null,"std_dev":{"confidence_interval":{"confidence_level":0.95,"lower_bound":2275481.7359523894,"upper_bound":6039903.604023054},"point_estimate":4532949.522196896,"standard_error":981863.5565801173}}