{"mean":{"confidence_interval":{"confidence_level":0.95,"lower_bound":1944618904.32,"upper_bound":1947350674.58},"point_estimate":1946018516.76,"standard_error":690058.8578704688},"median":{"confidence_interval":{"confidence_level":0.95,"lower_bound":1945179405.0,"upper_bound":1948035455.5},"point_estimate":1947154875.0,"standard_error":703737.9899617612},"median_abs_dev":{"confidence_interval":{"confidence_level":0.95,"lower_bound":3987563.082906604,"upper_bound":6601811.601394415},"point_estimate":5057355.332913995,"standard_error":659756.1654384749},"slope":null,"std_dev":{"confidence_interval":{"confidence_level":0.95,"lower_bound":4350949.47941319,"upper_bound":9862375.894729348},"point_estimate":7165592.554997526,"standard_error":1436294.0963635477}}