{"mean":{"confidence_interval":{"confidence_level":0.95,"lower_bound":13439056182.0,"upper_bound":13657747287.612501},"point_estimate":13545860944.5,"standard_error":55908205.69999169},"median":{"confidence_interval":{"confidence_level":0.95,"lower_bound":13383017888.0,"upper_bound":13667402671.5},"point_estimate":13539655496.5,"standard_error":77456243.11361466},"median_abs_dev":{"confidence_interval":{"confidence_level":0.95,"lower_bound":42655994.29640472,"upper_bound":328785270.1421946},"point_estimate":195790503.13152373,"standard_error":70787238.63064267},"slope":null,"std_dev":{"confidence_interval":{"confidence_level":0.95,"lower_bound":103551289.71343698,"upper_bound":242508542.38411364},"point_estimate":186558662.43969983,"standard_error":36860312.244257495}}