{"mean":{"confidence_interval":{"confidence_level":0.95,"lower_bound":1289204035.7,"upper_bound":1349265659.85},"point_estimate":1320397760.1,"standard_error":15384521.70015525},"median":{"confidence_interval":{"confidence_level":0.95,"lower_bound":1273968044.0,"upper_bound":1366607766.0},"point_estimate":1334966003.5,"standard_error":24114893.266801234},"median_abs_dev":{"confidence_interval":{"confidence_level":0.95,"lower_bound":12364111.345893145,"upper_bound":86575981.42426908},"point_estimate":56953723.64746928,"standard_error":19503559.951589026},"slope":null,"std_dev":{"confidence_interval":{"confidence_level":0.95,"lower_bound":28835558.119523183,"upper_bound":62089232.43081686},"point_estimate":51469173.78954169,"standard_error":8402702.104994329}}