{"mean":{"confidence_interval":{"confidence_level":0.95,"lower_bound":127873021040.46,"upper_bound":128352454159.6},"point_estimate":128113363319.4,"standard_error":122851193.02734427},"median":{"confidence_interval":{"confidence_level":0.95,"lower_bound":127785021210.0,"upper_bound":128513504849.0},"point_estimate":128110722193.5,"standard_error":167617592.273337},"median_abs_dev":{"confidence_interval":{"confidence_level":0.95,"lower_bound":86047086.12265885,"upper_bound":738691965.2406961},"point_estimate":485746181.2191814,"standard_error":171590697.34940243},"slope":null,"std_dev":{"confidence_interval":{"confidence_level":0.95,"lower_bound":240496734.1975617,"upper_bound":502893283.76495177},"point_estimate":407675284.93901867,"standard_error":67328917.19451067}}