{"mean":{"confidence_interval":{"confidence_level":0.95,"lower_bound":84170318.82,"upper_bound":84821983.14},"point_estimate":84498320.88,"standard_error":167941.6150828194},"median":{"confidence_interval":{"confidence_level":0.95,"lower_bound":83914155.5,"upper_bound":84755693.0},"point_estimate":84460606.0,"standard_error":242736.9165873911},"median_abs_dev":{"confidence_interval":{"confidence_level":0.95,"lower_bound":1189613.0146801472,"upper_bound":1948857.1128583655},"point_estimate":1558600.2722293139,"standard_error":187085.67510113353},"slope":null,"std_dev":{"confidence_interval":{"confidence_level":0.95,"lower_bound":1408366.487489886,"upper_bound":1973152.8592599526},"point_estimate":1709297.178151858,"standard_error":142811.84480099552}}