{"mean":{"confidence_interval":{"confidence_level":0.95,"lower_bound":1573533741.555,"upper_bound":1643711135.17},"point_estimate":1612188475.0,"standard_error":18061262.814235546},"median":{"confidence_interval":{"confidence_level":0.95,"lower_bound":1583639624.5,"upper_bound":1646473842.0},"point_estimate":1633660258.0,"standard_error":16600686.166444372},"median_abs_dev":{"confidence_interval":{"confidence_level":0.95,"lower_bound":4218238.588911295,"upper_bound":86415997.74907231},"point_estimate":31340150.8141011,"standard_error":21753156.727274876},"slope":null,"std_dev":{"confidence_interval":{"confidence_level":0.95,"lower_bound":21139410.085121453,"upper_bound":83485131.67101109},"point_estimate":60165651.68616466,"standard_error":17317056.14239725}}