{"mean":{"confidence_interval":{"confidence_level":0.95,"lower_bound":840065726.2299999,"upper_bound":845512848.2},"point_estimate":842994013.5,"standard_error":1406788.0288099225},"median":{"confidence_interval":{"confidence_level":0.95,"lower_bound":840828844.0,"upper_bound":846521789.0},"point_estimate":843649876.5,"standard_error":1555408.7022414254},"median_abs_dev":{"confidence_interval":{"confidence_level":0.95,"lower_bound":1189145.9956884384,"upper_bound":7027352.634939551},"point_estimate":4220180.053576827,"standard_error":1511320.5421886698},"slope":null,"std_dev":{"confidence_interval":{"confidence_level":0.95,"lower_bound":2075014.8520723197,"upper_bound":6494337.327229328},"point_estimate":4702647.719102866,"standard_error":1250582.9251897847}}