{"mean":{"confidence_interval":{"confidence_level":0.95,"lower_bound":2921339554.3,"upper_bound":3052595898.8},"point_estimate":2987525734.5,"standard_error":33752625.34657525},"median":{"confidence_interval":{"confidence_level":0.95,"lower_bound":2875494743.5,"upper_bound":3094957731.5},"point_estimate":2995441006.5,"standard_error":83380806.62617062},"median_abs_dev":{"confidence_interval":{"confidence_level":0.95,"lower_bound":8249345.633044839,"upper_bound":167711051.48943365},"point_estimate":162107808.0353111,"standard_error":54863524.802005395},"slope":null,"std_dev":{"confidence_interval":{"confidence_level":0.95,"lower_bound":80871008.37283543,"upper_bound":118697271.98169866},"point_estimate":112373235.11760388,"standard_error":10463024.635564476}}