{"mean":{"confidence_interval":{"confidence_level":0.95,"lower_bound":2752331749.7,"upper_bound":2775564211.2},"point_estimate":2764422974.6,"standard_error":5983949.733715837},"median":{"confidence_interval":{"confidence_level":0.95,"lower_bound":2740033164.0,"upper_bound":2781227654.0},"point_estimate":2769663824.0,"standard_error":9649409.054065268},"median_abs_dev":{"confidence_interval":{"confidence_level":0.95,"lower_bound":3035973.339700699,"upper_bound":31597558.338931203},"point_estimate":17295507.950243354,"standard_error":7710884.845257045},"slope":null,"std_dev":{"confidence_interval":{"confidence_level":0.95,"lower_bound":9635800.359514667,"upper_bound":23504545.17745681},"point_estimate":19897495.833890315,"standard_error":3201383.3563005924}}