{"mean":{"confidence_interval":{"confidence_level":0.95,"lower_bound":4729932605.645,"upper_bound":4742551620.6},"point_estimate":4736387885.0,"standard_error":3231142.5043777274},"median":{"confidence_interval":{"confidence_level":0.95,"lower_bound":4729567765.5,"upper_bound":4746495109.5},"point_estimate":4733495735.0,"standard_error":4404220.188280092},"median_abs_dev":{"confidence_interval":{"confidence_level":0.95,"lower_bound":461244.2648112774,"upper_bound":19754168.7209934},"point_estimate":12729972.54139781,"standard_error":5304002.841519067},"slope":null,"std_dev":{"confidence_interval":{"confidence_level":0.95,"lower_bound":6183890.268446774,"upper_bound":13826790.570207536},"point_estimate":10773041.67448549,"standard_error":2031516.140037298}}