{"mean":{"confidence_interval":{"confidence_level":0.95,"lower_bound":1409498278.0825,"upper_bound":1447450011.8},"point_estimate":1427423591.0,"standard_error":9713228.216274241},"median":{"confidence_interval":{"confidence_level":0.95,"lower_bound":1401188802.0,"upper_bound":1453900420.0},"point_estimate":1415601782.5,"standard_error":13706864.789594507},"median_abs_dev":{"confidence_interval":{"confidence_level":0.95,"lower_bound":6488414.201107621,"upper_bound":53355623.26904833},"point_estimate":30853327.993243933,"standard_error":12547384.777163135},"slope":null,"std_dev":{"confidence_interval":{"confidence_level":0.95,"lower_bound":15836829.895679714,"upper_bound":40338013.397917226},"point_estimate":32555226.207630966,"standard_error":6210025.135388495}}