{"mean":{"confidence_interval":{"confidence_level":0.95,"lower_bound":717266436.9350001,"upper_bound":718158414.35},"point_estimate":717714747.02,"standard_error":229535.3442089657},"median":{"confidence_interval":{"confidence_level":0.95,"lower_bound":717208094.5,"upper_bound":718291268.0},"point_estimate":717806292.5,"standard_error":314367.137357476},"median_abs_dev":{"confidence_interval":{"confidence_level":0.95,"lower_bound":2057239.4148766994,"upper_bound":3137760.4995936155},"point_estimate":2646139.2439216375,"standard_error":276582.8598038015},"slope":null,"std_dev":{"confidence_interval":{"confidence_level":0.95,"lower_bound":2017110.9289577885,"upper_bound":2570076.7493641814},"point_estimate":2307924.005922249,"standard_error":140468.85063338996}}