{"mean":{"confidence_interval":{"confidence_level":0.95,"lower_bound":1664710758.9025,"upper_bound":1671115308.5525},"point_estimate":1667529706.7,"standard_error":1656968.5419262948},"median":{"confidence_interval":{"confidence_level":0.95,"lower_bound":1664087135.0,"upper_bound":1669299641.0},"point_estimate":1666420816.0,"standard_error":1166737.9672662918},"median_abs_dev":{"confidence_interval":{"confidence_level":0.95,"lower_bound":283699.952763319,"upper_bound":7469724.143385887},"point_estimate":3257235.8184725046,"standard_error":1846717.9493481875},"slope":null,"std_dev":{"confidence_interval":{"confidence_level":0.95,"lower_bound":1859169.9949690935,"upper_bound":7836811.002408694},"point_estimate":5501710.2970564235,"standard_error":1752020.0004183636}}