{"mean":{"confidence_interval":{"confidence_level":0.95,"lower_bound":1750864937.785,"upper_bound":1759868351.8525},"point_estimate":1755239796.6,"standard_error":2310635.986335178},"median":{"confidence_interval":{"confidence_level":0.95,"lower_bound":1748815988.5,"upper_bound":1762862142.0},"point_estimate":1754108092.0,"standard_error":4094164.430046461},"median_abs_dev":{"confidence_interval":{"confidence_level":0.95,"lower_bound":987840.0538623333,"upper_bound":12474123.229140043},"point_estimate":8013593.704730272,"standard_error":3228346.602724572},"slope":null,"std_dev":{"confidence_interval":{"confidence_level":0.95,"lower_bound":4697825.418696225,"upper_bound":9209597.761164155},"point_estimate":7706184.828160923,"standard_error":1150638.53566197}}