{"mean":{"confidence_interval":{"confidence_level":0.95,"lower_bound":202007154.35,"upper_bound":202545451.07025},"point_estimate":202276200.86,"standard_error":137657.22082245306},"median":{"confidence_interval":{"confidence_level":0.95,"lower_bound":201759391.0,"upper_bound":202668953.0},"point_estimate":202206432.5,"standard_error":231840.04154668588},"median_abs_dev":{"confidence_interval":{"confidence_level":0.95,"lower_bound":1269237.5288665295,"upper_bound":1947393.5828268528},"point_estimate":1649348.7340182066,"standard_error":171579.100303532},"slope":null,"std_dev":{"confidence_interval":{"confidence_level":0.95,"lower_bound":1222205.8103757445,"upper_bound":1512189.6276435764},"point_estimate":1376709.3687520237,"standard_error":73280.9677761711}}