{"mean":{"confidence_interval":{"confidence_level":0.95,"lower_bound":1394677353.8475,"upper_bound":1419930688.0},"point_estimate":1407489729.9,"standard_error":6479920.937442079},"median":{"confidence_interval":{"confidence_level":0.95,"lower_bound":1386847513.0,"upper_bound":1430490011.0},"point_estimate":1409614712.5,"standard_error":11492636.516597115},"median_abs_dev":{"confidence_interval":{"confidence_level":0.95,"lower_bound":4637242.8391724825,"upper_bound":34914453.23904455},"point_estimate":30954565.8498466,"standard_error":8084813.737683732},"slope":null,"std_dev":{"confidence_interval":{"confidence_level":0.95,"lower_bound":13864196.384143768,"upper_bound":25451927.748393107},"point_estimate":21602946.98856095,"standard_error":2968366.9792859745}}