{"mean":{"confidence_interval":{"confidence_level":0.95,"lower_bound":1737068358.6275,"upper_bound":1764068703.4475},"point_estimate":1750421017.1,"standard_error":6902035.1243021265},"median":{"confidence_interval":{"confidence_level":0.95,"lower_bound":1732716915.5,"upper_bound":1770066898.0},"point_estimate":1745879745.0,"standard_error":11674097.827116972},"median_abs_dev":{"confidence_interval":{"confidence_level":0.95,"lower_bound":3554943.375787139,"upper_bound":38015239.17789459},"point_estimate":28498297.995454073,"standard_error":9168619.086178673},"slope":null,"std_dev":{"confidence_interval":{"confidence_level":0.95,"lower_bound":14020073.720049938,"upper_bound":28327748.878278326},"point_estimate":22935446.47133631,"standard_error":3710496.6650616676}}