{"mean":{"confidence_interval":{"confidence_level":0.95,"lower_bound":0.003621228977311426,"upper_bound":0.011929112847799095},"point_estimate":0.00792722655868916,"standard_error":0.00212941510010342},"median":{"confidence_interval":{"confidence_level":0.95,"lower_bound":0.003604442754731707,"upper_bound":0.01355742738015464},"point_estimate":0.010197805323918674,"standard_error":0.0024492589518697473}}