{"mean":{"confidence_interval":{"confidence_level":0.95,"lower_bound":0.017069806040397987,"upper_bound":0.05751665624362745},"point_estimate":0.03793881358389162,"standard_error":0.01026160161858281},"median":{"confidence_interval":{"confidence_level":0.95,"lower_bound":0.002396034720229201,"upper_bound":0.06670022349755178},"point_estimate":0.04021029878329463,"standard_error":0.0175388107319015}}