{"mean":{"confidence_interval":{"confidence_level":0.95,"lower_bound":-0.05438150214834116,"upper_bound":0.018795926772411067},"point_estimate":-0.018694606992083362,"standard_error":0.018751181202553913},"median":{"confidence_interval":{"confidence_level":0.95,"lower_bound":-0.06113062387694934,"upper_bound":0.034349042754652004},"point_estimate":-0.005726341593919493,"standard_error":0.023266449798952062}}