{"mean":{"confidence_interval":{"confidence_level":0.95,"lower_bound":246713864.1,"upper_bound":249051149.29},"point_estimate":247825835.45,"standard_error":599132.4763001766},"median":{"confidence_interval":{"confidence_level":0.95,"lower_bound":245785385.5,"upper_bound":248996104.5},"point_estimate":247825823.25,"standard_error":797117.0355762043},"median_abs_dev":{"confidence_interval":{"confidence_level":0.95,"lower_bound":260146.2576314807,"upper_bound":3589958.3100154996},"point_estimate":1856582.4811890721,"standard_error":800561.8723957543},"slope":null,"std_dev":{"confidence_interval":{"confidence_level":0.95,"lower_bound":1059245.4018587281,"upper_bound":2608482.4298101184},"point_estimate":1981374.4329237225,"standard_error":429369.14735568117}}