{"mean":{"confidence_interval":{"confidence_level":0.95,"lower_bound":121750618.97,"upper_bound":122159865.68699999},"point_estimate":121953109.0,"standard_error":104195.00307930588},"median":{"confidence_interval":{"confidence_level":0.95,"lower_bound":121667276.0,"upper_bound":122122646.0},"point_estimate":121913134.5,"standard_error":133853.32253767157},"median_abs_dev":{"confidence_interval":{"confidence_level":0.95,"lower_bound":631008.6334973574,"upper_bound":1098112.8747045994},"point_estimate":827533.190408349,"standard_error":113617.69712124251},"slope":null,"std_dev":{"confidence_interval":{"confidence_level":0.95,"lower_bound":863546.8647062122,"upper_bound":1215422.0062874183},"point_estimate":1044944.2101365213,"standard_error":89696.47166887074}}