{"mean":{"confidence_interval":{"confidence_level":0.95,"lower_bound":-0.0011886066694154485,"upper_bound":0.027936057761917637},"point_estimate":0.013764059592604516,"standard_error":0.007340674125654414},"median":{"confidence_interval":{"confidence_level":0.95,"lower_bound":-0.011318027001981257,"upper_bound":0.03793681030368723},"point_estimate":0.010746190202098216,"standard_error":0.011208533968328131}}