{"mean":{"confidence_interval":{"confidence_level":0.95,"lower_bound":15084715094.8975,"upper_bound":15147046968.432499},"point_estimate":15116165371.7,"standard_error":15996135.990442935},"median":{"confidence_interval":{"confidence_level":0.95,"lower_bound":15080252661.0,"upper_bound":15152810071.5},"point_estimate":15114059470.0,"standard_error":21059764.711890038},"median_abs_dev":{"confidence_interval":{"confidence_level":0.95,"lower_bound":8377373.329871893,"upper_bound":89777753.17772627},"point_estimate":50363382.18077123,"standard_error":20626104.860934492},"slope":null,"std_dev":{"confidence_interval":{"confidence_level":0.95,"lower_bound":27776360.637036346,"upper_bound":69781049.2607979},"point_estimate":53199658.33725608,"standard_error":10849991.520922832}}